Date,USD,GBP,EUR,JPY,USD_Return,USD_Volatility,GBP_Return,GBP_Volatility,EUR_Return,EUR_Volatility,JPY_Return,JPY_Volatility
2016-01-01,67.2,97.35,73.12,55.12,,,,,,,,
2016-01-02,67.30588795788707,97.03094789847307,73.38734925619796,55.15366743411838,0.0015757136590337506,,-0.003277371356208758,,0.003656308208396686,,0.0006108025057762756,
2016-01-03,67.28305515561732,97.09448821583322,73.7602834452055,54.41609003380578,-0.00033923929930224084,,0.0006548458892376985,,0.005081723114233272,,-0.013373134274228371,
2016-01-04,67.41906608198529,97.24089141048027,73.4904737611555,54.11055415540305,0.0020214736987402837,,0.001507842487635358,,-0.0036579263452862776,,-0.005614807646284747,
2016-01-05,67.7315175702207,97.24727024050824,73.24371102053472,53.934411079260975,0.004634467761025496,,6.559822658402936e-05,,-0.003357751392687458,,-0.0032552443583593327,
2016-01-06,67.68628945102112,96.43920175212692,73.13345483362698,54.01214672930668,-0.0006677558811920559,,-0.008309420782535493,,-0.0015053331592772556,,0.0014412996914245912,
2016-01-07,67.64143966170406,96.5124471880153,72.94595164070297,54.08901363642965,-0.000662612615949687,,0.0007594985706813606,,-0.0025638497914609593,,0.0014231411224627788,
2016-01-08,67.9649343653029,97.3772549877329,73.01052657861425,54.05371933329557,0.0047824928803517075,,0.00896058306378733,,0.0008852436147428477,,-0.000652522587513249,
2016-01-09,68.12229903888445,97.23937506831663,72.52009943131095,54.21456557735077,0.0023153803509283755,,-0.0014159355738014856,,-0.006717211480117502,,0.0029756739413882016,
2016-01-10,68.02621170079536,96.9599037053239,72.24688054184934,53.96967561066298,-0.0014105122616934196,,-0.0028740555232527054,,-0.003767491931259692,,-0.004517051166598174,
2016-01-11,68.13748700246049,97.11114541059148,72.64859861024414,54.12465715278433,0.001635770960678462,,0.0015598376183130203,,0.005560351746427328,,0.0028716411645566264,
2016-01-12,68.04259065840736,97.2374943354572,72.42228404552992,54.24624711672551,-0.001392718578683394,,0.0013010754258073742,,-0.0031151951867424144,,0.0022464800765011894,
2016-01-13,67.94803908768161,97.70521754737317,72.7488209220432,54.34372941433615,-0.00138959392655158,,0.004810111728119848,,0.004508790088807224,,0.001797033026098127,
2016-01-14,67.99855903270456,97.21289751685678,72.84837085035002,54.30401293435676,0.0007435085059299684,,-0.0050388305033728376,,0.0013684060723611058,,-0.0007308383213190384,
2016-01-15,67.60915169575915,97.5013902550618,72.39546636244336,54.756404330567584,-0.005726699837243943,,0.0029676385086145896,,-0.00621708464609394,,0.008330717598304949,
2016-01-16,67.26285081475523,97.73297554203413,72.56812085842576,54.88051338775351,-0.005122100667115048,,0.0023751998444996314,,0.0023848799470123083,,0.0022665669651475984,
2016-01-17,67.15529694664,97.67648688862836,72.54872424996341,54.64328244605064,-0.0015990084691985817,,-0.0005779897019657643,,-0.00026728828351751943,,-0.004322680803416246,
2016-01-18,66.95790653242965,97.80847106529916,72.44374168977814,54.70754204110716,-0.002939312655667159,,0.0013512379578237699,,-0.0014470628018704579,,0.001175983436206618,
2016-01-19,67.02903142664601,98.20961916535045,72.51730866712785,54.89564917321446,0.0010622329445428846,,0.004101363569863681,,0.001015504937124101,,0.0034384131527231965,
2016-01-20,66.85401040989439,98.54676529735784,72.64875358235369,54.7522064942992,-0.0026111225692283524,,0.0034329237285786185,,0.0018126005727709948,,-0.0026130063324808495,
2016-01-21,66.57951532110701,98.0873514844738,72.83875878511574,55.023208391259885,-0.00410588814499524,,-0.004661886278030436,,0.00261539521867582,,0.0049496068617600475,
2016-01-22,66.88285092542729,98.40486107237952,73.14790783721331,55.11894813320323,0.004555989974653896,,0.003237008473574443,,0.004244293247906539,,0.001739988356596056,
2016-01-23,66.8461959398976,98.37200503964114,73.25898688751894,54.53855472091879,-0.0005480475940022878,,-0.0003338862773680784,,0.0015185540310029833,,-0.010529834692814433,
2016-01-24,66.86866312149499,98.3936364054198,72.91209357602973,54.61588691118584,0.00033610262007410796,,0.00021989351309792404,,-0.004735163919504237,,0.001417936185928781,
2016-01-25,66.59166623290956,98.4152107179331,72.79959536182253,54.51946818795412,-0.0041424020707898634,,0.0002192653234647235,,-0.0015429294193822773,,-0.0017653970059757773,
2016-01-26,66.49357439136716,98.34864181791644,73.55870103131763,54.65515298811097,-0.001473034796866557,,-0.00067640865198626,,0.010427333637258007,,0.0024887403466424818,
2016-01-27,66.52703804935005,98.81071260807352,73.74900162552798,54.890546424953016,0.0005032615299929155,,0.004698293556636424,,0.0025870575682043206,,0.004306884602321981,
2016-01-28,66.30847929014634,98.76630984297748,74.36299151279553,54.94064298527605,-0.0032852621372018165,,-0.0004493719752043379,,0.008325399310287418,,0.0009126628096429723,
2016-01-29,66.39582345323944,98.31316991486588,74.7241055627387,55.3539677119631,0.001317239726022379,,-0.004588000997830299,,0.004856099016417703,,0.0075231141142235725,
2016-01-30,66.2882666269266,98.15209572704204,74.78260411593502,55.30880002170201,-0.0016199336150803934,,-0.001638378540365748,,0.0007828605341713146,,-0.000815979271732048,
2016-01-31,66.24307314864039,98.21755046856704,74.8563557022072,55.46391099618327,-0.0006817719120724153,0.00269749937031651,0.0006668705445376233,0.0034645923010036537,0.0009862131326403567,0.004108596746536421,0.0028044538015721265,0.004617247016165814
2016-02-01,66.13663908136033,98.69514791417603,74.84112004217697,55.66355662737461,-0.0016067199515523711,0.0026765899288553135,0.004862648715331597,0.0034932659500174754,-0.0002035319497898369,0.004076074295264054,0.0035995592017497025,0.0046580848804131745
2016-02-02,66.5180126406564,98.92319804999936,74.38041985305708,55.63680201220421,0.005766449045390809,0.0029169133173051337,0.002310651948377762,0.0035076562403292665,-0.006155709439680468,0.004171153440769691,-0.0004806486827549916,0.003881444523309865
2016-02-03,66.5267635283437,98.57435236171114,74.38312931443751,55.82956256415165,0.00013155666172059988,0.002883544238459295,-0.0035264295449880523,0.0035837151594199936,3.64270783330678e-05,0.004104659695276697,0.003464623144679768,0.0037188550562253205
2016-02-04,66.32709087601161,99.54546737066046,74.69635195924806,55.67686253474814,-0.0030013883397019825,0.002754287660594702,0.009851599180544346,0.003970997719783133,0.004210936642453866,0.004097645997273766,-0.0027351106186449536,0.003699253519743981
2016-02-05,66.50351547562019,99.63237779384608,74.53531397620328,55.568553502298734,0.002659917648708321,0.0028215879831630123,0.0008730726318457727,0.0035803915800743484,-0.002155901577799102,0.004111215706560055,-0.0019453149390702418,0.003738899822696
2016-02-06,66.27159648275213,100.12128250707886,74.63976498199354,55.23852796565121,-0.0034873192974750333,0.002871012905620576,0.004907086672611527,0.003646552261221897,0.0014013626590960726,0.00406813369043735,-0.00593907013674333,0.003943094102767099
2016-02-07,66.32630802887297,100.0361813082372,74.85847708467172,55.298546154575774,0.0008255655367390702,0.0026971403739011798,-0.0008499811100166621,0.0033579324536645453,0.002930235682426785,0.0040871603673549,0.0010865276671001567,0.003935166695155635
2016-02-08,65.94924724083262,100.22615672876904,74.61477525517643,55.37916438352408,-0.0056849355745266505,0.0027719737764132783,0.0018990670979979196,0.003333417723955439,-0.003255500766060848,0.003911489008881854,0.001457872485886913,0.00391549530804661
2016-02-09,65.70179207497229,100.5373338858856,74.49343490864047,55.67228172934701,-0.003752206070778641,0.002814354383288325,0.0031047499701966075,0.003271071865309163,-0.0016262241107204423,0.003841210535374903,0.005292917455254065,0.00387278287256523
2016-02-10,65.7575237843616,100.99867763896364,74.22550919046856,55.86808708145241,0.0008482525001101138,0.002791007877645475,0.004588780458428365,0.003328370638553886,-0.0035966353075340685,0.003832478536537003,0.0035171066466668233,0.0038850650840877897
2016-02-11,65.9198177299841,101.3925304494002,74.01143189727023,55.79299317699312,0.002468066561549964,0.0028688174894762955,0.003899583832616571,0.0033616522722221876,-0.002884147182459773,0.0038247235006262418,-0.0013441287930586743,0.0039026687960932696
2016-02-12,65.96933099305872,101.7088504761423,73.67903224558314,55.49412166890739,0.0007511134705715516,0.002886697163692842,0.003119756705351806,0.003316406320072873,-0.004491193362512691,0.0038708615422973778,-0.005356792870703564,0.00406403058385652
2016-02-13,65.96178962016047,101.53993578918532,73.45045634273137,55.60082492278862,-0.00011431634647074418,0.002873247407452563,-0.0016607668473905823,0.00314511086253112,-0.00310231955938145,0.0039192779039720115,0.0019227848044491846,0.004060544803807745
2016-02-14,65.91763761813546,101.2687968213312,73.82070448408984,55.87675691939483,-0.0006693572487839194,0.0027317987425725396,-0.0026702692467430733,0.0032193265834291156,0.005040787488519216,0.0038130849921587063,0.004962732063586994,0.0038878998902603327
2016-02-15,65.64100596385417,101.36748349008464,73.58684663045922,56.063113563875575,-0.004196625732915793,0.002686634484560718,0.0009745022341636211,0.003212888714557474,-0.0031679168502249944,0.0038607949688052195,0.0033351370901781863,0.003907755165644782
2016-02-16,65.51678967967457,101.70878367022485,73.62384836074622,56.332125295724346,-0.0018923580215696179,0.002690137642807459,0.0033669591903560114,0.003217369477743882,0.0005028307636665286,0.003858269460562862,0.0047983730254701484,0.0038565139769491876
2016-02-17,65.44460662996832,101.5775465336175,73.4984719273524,56.27229354953969,-0.001101748880846798,0.002660969704187025,-0.0012903225451291744,0.003253402004258235,-0.0017029323539228258,0.0038629965536630152,-0.0010621247799645905,0.0038750426377347413
2016-02-18,65.67100070320095,101.97112044035993,73.80689074767643,56.148361197382734,0.003459323615659926,0.0027519551524813877,0.0038746152094959463,0.003246845221902989,0.004196261666894019,0.003921154242641244,-0.0022023689517444156,0.0038868556651847595
2016-02-19,65.75615915296238,102.52026350775262,74.14854594508373,55.95710913657152,0.0012967435983852749,0.0027498030133383967,0.005385280312908414,0.0033108619102096863,0.004629042003345019,0.003984512026794844,-0.0034061913247813713,0.003913197413388706
2016-02-20,65.42532831810145,102.09530253175063,74.37326337150095,55.93906358365232,-0.005031176381384284,0.0027958874679381235,-0.004145141277069109,0.003279846344481288,0.0030306383429778982,0.00399214851604584,-0.0003224890134183589,0.0038349163640924145
2016-02-21,65.50801613737815,101.70889213441583,74.45179986858926,55.91541513082253,0.001263850276374212,0.002648093213389376,-0.0037848009433600893,0.003388622803229321,0.0010559775587095643,0.003936672985038081,-0.00042275382022483043,0.003832248662789707
2016-02-22,65.45093598594684,101.61127865771286,74.38989539736176,55.96369104954026,-0.0008713460549866214,0.0026481589003405207,-0.000959733949062902,0.0033997074176975073,-0.0008314704458021183,0.003941073354775064,0.0008633740553438685,0.0032183604006853317
2016-02-23,65.3370130031147,101.69685787973263,74.0783841304158,55.92713073678985,-0.001740585999512656,0.002647297443284789,0.0008422216819852224,0.0033961365245007476,-0.004187548124405693,0.0039170972908660895,-0.0006532863016137647,0.0032282952172048695
2016-02-24,65.47664946179574,101.4431433797184,74.583457999101,55.88971205366229,0.0021371723662111375,0.00261945759249313,-0.002494811593041213,0.003456214575482091,0.006818100510886049,0.004058918894246465,-0.0006690613774495979,0.0032044151377176875
2016-02-25,65.69807509631771,101.9542019660278,74.38260261645341,55.69079705614473,0.0033817496213082165,0.002709481099906347,0.005037882002496774,0.003516638744306162,-0.0026930285620440086,0.00367633037324614,-0.0035590628437406346,0.00328584292114282
2016-02-26,65.89917822128395,102.08414017496726,74.55437136402142,55.92432486195654,0.0030610200477168004,0.002778175851838185,0.0012744762494709683,0.0034544292603489127,0.0023092597129696912,0.0036709198828888383,0.004193292575367158,0.0032815237543725303
2016-02-27,65.7495862964721,102.05588803703114,74.82861105187563,55.93981817236679,-0.002270011991796439,0.002746718088986857,-0.00027675344953381753,0.0034519149023655377,0.003678385087779734,0.003412544018018143,0.00027704063390121547,0.0032816699779610165
2016-02-28,65.70589792152813,101.42568158497448,74.67892276359974,55.892057731116594,-0.0006644661572009491,0.0027308025090460823,-0.006175111149177237,0.003552759383908196,-0.0020004151643562285,0.0033192322810065675,-0.0008537825615205774,0.0030186736186563136
2016-02-29,65.78881227966819,100.85450566870048,74.9471443776748,55.70049411223269,0.001261901302057833,0.0027350738707238496,-0.005631472299207241,0.0037272933381116862,0.0035916642092459483,0.0033815388461018547,-0.003427385332733124,0.0030895854094523615
2016-03-01,65.99848294500462,100.93651943668024,75.14254127927315,55.36415496632483,0.003187026153400163,0.0028042707022412493,0.0008131889342570808,0.0037270566002554945,0.002607129373918493,0.0034093727503386136,-0.006038351207983128,0.003253926746874349
2016-03-02,65.91944792638978,100.04331314225377,75.59048865005899,55.689407511651055,-0.0011975278080361695,0.0027977751411730526,-0.008849188573287425,0.004053054816736542,0.005961301855908818,0.0035703863292983785,0.005874785689839568,0.0033666038386613454
2016-03-03,65.89911129400073,100.42560941252742,75.45642937368187,55.82597747891432,-0.0003085073226304358,0.002568548262669101,0.0038213075743509517,0.004086086055568132,-0.001773493977499374,0.0033801110447468767,0.0024523508754279444,0.003394010709072424
2016-03-04,65.69693740374048,100.33524206120735,75.10802330686985,55.414832805380485,-0.003067930451418066,0.0026156444612447684,-0.0008998436937420751,0.004024272995687042,-0.004617314517847304,0.0035058284008774076,-0.007364755479456253,0.003595774049389895
2016-03-05,65.47903663903861,101.61094683803212,74.96902997359719,55.60425094194678,-0.0033167568126160063,0.002627006641812927,0.012714423672258057,0.004277256296908626,-0.0018505790347427276,0.003448606573869458,0.0034181847526553177,0.003624060225303763
2016-03-06,65.65791238940609,102.50983687090326,75.0188174163053,55.833135997431874,0.0027318018032786995,0.0026299490989063284,0.00884638969366125,0.004529097351890813,0.0006641068015105223,0.003422563564965262,0.00411632297185438,0.0036825122664699422
2016-03-07,65.94323725497799,102.38675154515978,75.02875517128903,55.8611651736417,0.0043456280467719655,0.0027030557537610195,-0.0012007172140804379,0.004482561458692741,0.0001324701631670866,0.0034153090920481235,0.0005020168706109107,0.003497477871857773
2016-03-08,65.94540786300213,102.29586108117964,74.92005982566035,56.259515363002535,3.291630976121063e-05,0.002696936521905671,-0.0008877170396411893,0.004483032871951676,-0.0014487158340897865,0.003387125720672564,0.007131075553518773,0.0037074150662469575
2016-03-09,66.16038326560843,102.65689278425629,74.41491733020136,56.30874440877379,0.0032598995073758186,0.00255925073313009,0.003529289447890216,0.004507199591283216,-0.006742419808986488,0.003559312430282428,0.0008750350132527007,0.0037041877778757966
2016-03-10,66.24727054235865,103.30607383062495,74.53677629615075,55.94381999104689,0.0013132825485819843,0.002460879910486705,0.0063237940362463885,0.004601080718537789,0.0016375609934318192,0.0035604047850944587,-0.006480777036648733,0.0038078857319513997
2016-03-11,66.13364969508687,102.57201316730551,75.04977381401305,56.03191678902774,-0.001715102318051387,0.0024848029231928337,-0.00710568736280659,0.004771439305987713,0.006882475247172559,0.0037039381103021072,0.001574736905612717,0.003765273048298401
2016-03-12,66.22070651358092,101.78985812220562,75.16635869275581,56.0893360391999,0.0013163770470165925,0.002457186777946716,-0.007625423553149213,0.004951064594728014,0.0015534341120291284,0.0036576205689458825,0.001024759698804445,0.0037586801591401667
2016-03-13,66.54109324777971,101.49572594109053,75.32040880506075,55.93240925088782,0.004838165448039833,0.0026005126120538526,-0.00288960203443811,0.004948007407821413,0.002049455567411762,0.0035415408751751313,-0.0027978007834217333,0.003656255949608958
2016-03-14,66.54675657073236,101.6945706951222,75.46398605748755,56.073012007073,8.511015789225418e-05,0.0025996956444399523,0.001959144113586442,0.00495171335977228,0.0019062197710368878,0.0034714883989415708,0.0025137976008595686,0.003667051860174777
2016-03-15,66.87193890118209,101.8568800139203,75.56047067109968,55.64765806168169,0.004886524110368828,0.0027233867349285832,0.001596047042518256,0.004931744393346167,0.0012785517788396206,0.003383882137062885,-0.007585716018566169,0.0038276446285271434
2016-03-16,66.35711931441475,102.2512342995326,75.79778010284272,55.89356055059526,-0.007698589202387307,0.002992620911450208,0.00387165094354347,0.004975507971191874,0.0031406558169284615,0.003325450989692983,0.004418918917324488,0.003866393926943814
2016-03-17,66.53485067279951,101.71488393242764,75.89180625109654,55.66916385693503,0.002678406781684295,0.002990026749162319,-0.005245417043414746,0.005040562531732904,0.0012404868338655728,0.0033244318148375235,-0.004014714601284108,0.0038163600789902084
2016-03-18,66.56523304969916,100.7325903457092,75.79720644684043,55.42015960005973,0.000456638537434495,0.0029744046008343,-0.009657323970118314,0.005337941568565733,-0.0012465087988960954,0.003312577368280319,-0.0044729297087201525,0.0038872974849725795
2016-03-19,66.5183716743715,101.04866715343807,75.57526806132921,55.39090174186429,-0.0007039917563674836,0.002931785922197219,0.0031377809966379733,0.005319903846346074,-0.002928054949714709,0.003333244588742737,-0.0005279280753895943,0.0038740276683418826
2016-03-20,66.5498727771289,100.68100913823878,75.50039392319682,55.49811872439268,0.0004735699621694067,0.0029272583685750124,-0.0036384251822048075,0.00524254265340174,-0.0009907227596153145,0.0032676063210908303,0.0019356424820100582,0.003855968389109092
2016-03-21,66.16607979249108,99.83905590608676,75.57500421619288,55.53775858944234,-0.005766998021515701,0.0029770309164911675,-0.008362582371378435,0.005395478899443329,0.00098821064525767,0.0032365100727674116,0.000714256013730985,0.0038601004295156648
2016-03-22,66.13800179023885,99.87660165782816,75.48246949892462,55.35063647541779,-0.0004243564427617308,0.0029756961704443603,0.00037606276822899076,0.005367667499083455,-0.0012244090255497664,0.00325070941732416,-0.0033692773849199886,0.0039023562504483956
2016-03-23,66.2246012982058,100.1727357155346,75.55734094999073,55.224107930518535,0.001309375935511392,0.00297213854247315,0.0029649993370917116,0.005406083211561391,0.0009919051610676188,0.003242698460500953,-0.002285945617905294,0.003911468463372708
2016-03-24,66.53344844180916,100.10008023247512,75.66477163032003,54.942767254957126,0.004663631604403973,0.0030425398918210436,-0.0007253019750383949,0.005400624967880053,0.001421843052952454,0.003121080976037063,-0.0050945263962504095,0.004002953975652627
2016-03-25,66.44328399584347,99.8937781645148,75.87593592814828,54.88899442784405,-0.0013551746990018154,0.0030488791513060888,-0.0020609580679775696,0.005395714559391643,0.002790787486413704,0.0029301257664014965,-0.0009787062028301374,0.004003580040708825
2016-03-26,66.29602858874696,99.80925405604135,76.20553419519376,55.15659920060027,-0.0022162572082637944,0.0030372754191076126,-0.000846139870035123,0.005293488667803036,0.004343910398121542,0.0029409667081949672,0.00487538122251463,0.004083555988342429
2016-03-27,66.21111989778271,99.64134233242068,76.21275688753276,55.156152276635055,-0.0012807507896283044,0.003004766391172376,-0.0016823262052073629,0.005283071125788842,9.477910515665044e-05,0.00292984954649352,-8.102819457511679e-06,0.003994754985567734
2016-03-28,66.40841504886149,99.08582699677724,75.85031933726715,55.37007785989818,0.0029797887633280506,0.0030111215675541736,-0.005575149056002648,0.005353295559041322,-0.004755602146769955,0.0030405033416294612,0.0038785443587541213,0.004070848619015326
2016-03-29,66.48815013358045,98.7899677745862,75.74796541507888,55.73215103774713,0.0012006774240929108,0.0030089898449592984,-0.002985888407639359,0.005277499175378572,-0.0013494197925938423,0.0030246446534038106,0.006539148793778038,0.0042577241083402145
2016-03-30,66.39624630132305,98.98634081459544,75.74974427154338,55.58209819782502,-0.0013822588246591438,0.003021541014722305,0.001987783217596739,0.0052232048756563135,2.3483884415309575e-05,0.002967614712808596,-0.002692392759441109,0.00423991590277492
2016-03-31,66.51287699606513,99.10215323313994,75.25316540843767,55.53369571381303,0.0017565856692076665,0.002985661516079013,0.0011699838340466506,0.005226961730771162,-0.006555518673774019,0.003191369984864752,-0.0008708286585317193,0.004091115012566809
2016-04-01,66.54592885082654,99.15608175349936,75.61289364797523,56.07481683472639,0.0004969241484376052,0.0029730772833828044,0.0005441710255533749,0.004991694491735531,0.004780240639514988,0.0031225264931064784,0.009744014223399988,0.004332960049377667
2016-04-02,66.7528129890391,98.74817231389726,75.6418420177674,56.43476863785159,0.003108892486515913,0.0030133763302292974,-0.004113811602763473,0.004976825108622141,0.0003828496489890476,0.003104714653177133,0.006419134710437202,0.004461453405925594
2016-04-03,66.6244260368131,98.66737695381563,75.7338945086382,56.00348448162861,-0.001923318980536104,0.002974509528166914,-0.0008181960049326031,0.004976649158056617,0.001216951999254201,0.0029801417103293318,-0.007642171069940584,0.004478296251731057
2016-04-04,66.57201018614926,97.79988147327826,76.0862797309171,56.09695431145956,-0.0007867362434744729,0.0028982839841383925,-0.008792120631152756,0.004529438462759281,0.004652939407978174,0.0030553353100224545,0.0016690002541113191,0.004448420407996966
2016-04-05,66.50715164111111,97.87000781551826,75.90621723747084,56.09246997334792,-0.0009742614780113845,0.0028812794785821124,0.0007170391332136372,0.004129239655761513,-0.0023665566785898706,0.003099429559213491,-7.993906561754027e-05,0.004389991447082408
2016-04-06,66.22905698729579,98.42902114380328,76.04790994572205,56.29648297156988,-0.004181424808507583,0.002902455480654841,0.005711794049702457,0.004336185393467322,0.0018666811943470751,0.003110483880444215,0.0036370835215295827,0.004435400187818785
2016-04-07,66.30362173488916,97.84279528947296,76.00680039962381,56.10199516782921,0.0011258615324640786,0.002907812237078904,-0.005955823267548843,0.004417370619252988,-0.0005405743054290868,0.0030957067650536816,-0.003454706110839756,0.0042892733230857575
2016-04-08,66.37083910295033,97.61343813096272,75.94632498124811,55.88538337673834,0.0010137812430508486,0.0028543256187518093,-0.002344139472218454,0.004317037465347263,-0.0007956579945180842,0.002792519703707096,-0.0038610354309659423,0.004339598356669761
2016-04-09,66.38675517925343,97.7441598438546,75.73007580924477,55.71194869604616,0.0002398052596324085,0.002845433203821756,0.0013391774267441647,0.004088696341399988,-0.002847394815440274,0.002858917977347354,-0.0031033996764952,0.004214176789889029
2016-04-10,66.35486849760633,98.23496181693744,76.16227489967595,55.5661303960496,-0.0004803169180508382,0.00282753515589361,0.0050212920533245775,0.004148664531451578,0.005707099666978355,0.0027757545058196397,-0.0026173613274974583,0.004225193505514975
2016-04-11,66.0881943939962,98.05501366099966,76.04960068379206,55.76838626704918,-0.004018907875911859,0.002915787955120209,-0.0018318137718943417,0.003981850221593929,-0.0014793966702321137,0.0027910380357560162,0.0036399128310355966,0.004279447538240593
2016-04-12,66.02161100025302,97.781471704126,76.2241216433622,55.46920997381009,-0.0010074930076957589,0.002768594818507764,-0.0027896784331636892,0.003980462236912886,0.002294830715755758,0.0027964133179119873,-0.005364621665874925,0.0043584710868065
2016-04-13,65.971007346773,97.0120515862094,75.71092847977894,55.31273098927499,-0.0007664710496054772,0.002769326338367699,-0.007868772115076972,0.004110866131580605,-0.006732687140487914,0.003067748100951372,-0.0028210061871979386,0.0043498822703082985
2016-04-14,65.82986054636433,97.06034984697764,76.01465822702976,54.86723692305743,-0.002139527742342162,0.0026092832082631116,0.0004978583586114915,0.004086593858245896,0.004011702845936327,0.0031431981630461515,-0.008054096376183928,0.004377147744933564
2016-04-15,65.8165716574218,97.86088648630192,76.28334678513637,55.118149961229584,-0.00020186718963455252,0.002229423602392441,0.008247823550877165,0.004357697086451984,0.003534694023146656,0.0031566847682877263,0.004573094113049958,0.004383161674401547
2016-04-16,65.9150360527167,97.96942819855346,76.2960624918765,55.43428910403335,0.0014960426047014863,0.002185518767119362,0.001109142949228481,0.004321267723843995,0.00016669046752681993,0.0031507698558131715,0.00573566317131724,0.004470824344730711
2016-04-17,66.30612133185309,97.9596295303362,76.22210763809973,55.35183827612513,0.0059331724983600065,0.0024628537696737575,-0.00010001761158995315,0.0040212614566440446,-0.0009693141606703648,0.003146840501846616,-0.001487361509290408,0.004403571018222166
2016-04-18,66.35650144592985,98.08488568802665,76.31608682415315,55.27722383156017,0.0007598109053101876,0.0024655285349403653,0.001278650790034419,0.0039705416313620895,0.0012329649358375772,0.003095906138407141,-0.0013480030092720696,0.004409298966331197
2016-04-19,66.42314074734345,98.07837984412797,76.9140172034735,55.38997744250892,0.0010042618275754034,0.0024715209706472068,-6.63287095972187e-05,0.003941656052886798,0.007834919270665708,0.0033730180623619856,0.002039784257116928,0.0044109642278430845
2016-04-20,66.42328556161141,97.7573571232631,76.42127643071292,55.75689364142582,2.18017796704828e-06,0.0022242812738972957,-0.003273124223453161,0.0037105903021097354,-0.006406384566509549,0.0036075196097658598,0.0066242344889511084,0.004575440392952288
2016-04-21,66.05594891715373,98.08038639487457,76.61629579230103,55.85676412474415,-0.00553023900205829,0.002451987014863213,0.0033043985753844485,0.0037776602988609906,0.0025518987734380882,0.003615569492632341,0.0017911773198953096,0.004535736981286479
2016-04-22,66.068092502892,98.1669193314037,76.35620073611449,55.6782212339084,0.0001838378819369879,0.0024392301289769876,0.000882265452959663,0.0037287469458637157,-0.0033947746167686255,0.0036832043333914414,-0.0031964417136125522,0.004556727292225535
2016-04-23,66.09738887759413,98.17096993896445,76.33732288865839,55.27041750886971,0.00044342697953392296,0.002272455459244559,4.126244959423708e-05,0.00373096145752185,-0.0002472339806603996,0.0036791717776911465,-0.007324295137329795,0.004664380004891878
2016-04-24,66.60304079314044,97.78507788493756,76.25773151442863,54.99313542730398,0.007650104249696366,0.0026758450180611507,-0.003930816353009514,0.00377089349802133,-0.0010426272656410829,0.0036562352140010117,-0.005016826252872697,0.004757171057906451
2016-04-25,66.57861752643913,98.29585941897268,76.13071536684214,55.01285116936908,-0.0003666989736573756,0.0026421254344760627,0.005223512064245206,0.003922777326287338,-0.0016656166537349915,0.003583791282102448,0.0003585127836756019,0.004670665288927709
2016-04-26,66.6530550489818,98.55314455900827,76.11626239754123,54.852111042162704,0.0011180394743568467,0.0026337689725216126,0.0026174565394352367,0.003956559410717398,-0.00018984412836875464,0.0035838357961270996,-0.002921865051340511,0.004699402273423629
2016-04-27,66.65987962769297,98.3285889592705,75.80260365066052,54.90260749038144,0.00010238958598618453,0.0025818753311009687,-0.0022785229303700083,0.003851048522510867,-0.004120784928226429,0.003556780360980438,0.0009205926127422437,0.004642134588046879
2016-04-28,66.43992732397055,98.71828076882824,76.06661626916288,54.76810078730316,-0.003299620475627818,0.002647380388413637,0.003963158768800712,0.0038895173184979068,0.0034828964413817776,0.003603373880510405,-0.0024499146621013157,0.004474402752238272
2016-04-29,66.68292793724238,98.5136229842606,75.57792220998148,54.5101479759881,0.0036574485111480204,0.0027169924661300518,-0.002073149805423391,0.0038880092882330676,-0.006424553676111278,0.0037979978386957058,-0.004709909739555318,0.004522279982025254
2016-04-30,66.84703797733636,98.1993476546633,75.71347716703283,54.22565718398471,0.0024610503043360765,0.002734370301262693,-0.003190171268470321,0.003918254737555687,0.0017935787739009612,0.0036073910551070966,-0.005219042739137425,0.004598994748026919
2016-05-01,67.01833399635281,97.89794450881604,75.61872606295448,54.612649382469336,0.002562507243395462,0.002768659974491957,-0.003069298860387537,0.0039469215734271295,-0.0012514430405742294,0.003510652922857538,0.007136699093781118,0.004414098305746115
2016-05-02,66.84708141993094,97.20439857088472,75.30137358158524,54.834808428640265,-0.002555309364019487,0.0027593555318523545,-0.007084376913233936,0.0040779251586666575,-0.004196744614621495,0.0035924295407171523,0.004067904573079373,0.00429958515760038
2016-05-03,67.14113721162053,97.39449779056254,75.34972869891281,55.26430917775208,0.0043989323908151245,0.0028435349254729084,0.0019556647895844215,0.004102236103775074,0.0006421545189370104,0.003586447874379744,0.007832629700361693,0.004396124119096088
2016-05-04,66.8696293222464,96.68606474563232,74.93381578060753,55.398722091904325,-0.0040438381095389,0.002945295976782274,-0.0072738507924096085,0.004003627030585556,-0.005519766633363954,0.003596272319653657,0.0024321830156226465,0.004410893463726217
2016-05-05,67.00002565773109,96.22274899810142,74.94211371142585,55.29091930608451,0.0019500083491761355,0.002955079826532822,-0.004791959924626332,0.0040775180303284685,0.00011073679795803315,0.003580397921500229,-0.0019459435479571852,0.00441925641219526
2016-05-06,67.45216431015908,95.44007684441732,74.56676047014149,55.620170501510245,0.006748335511656878,0.003061683559728988,-0.008133961686124236,0.004126716479005066,-0.005008575588482889,0.0036483887714448297,0.005954887340596349,0.004512809129251434
2016-05-07,67.2606485262878,95.4307830967814,74.68786182308573,55.61005748546774,-0.002839283006408122,0.003123811974639052,-9.737783060537186e-05,0.004022345401119636,0.0016240661680981816,0.0036719357319598784,-0.000181822816278987,0.004475647201164917
2016-05-08,67.15660676598746,95.39707616635768,74.44608511717031,55.663545328458646,-0.0015468444414369342,0.003143714864305258,-0.00035320815076556045,0.00401281024643683,-0.003237161970014779,0.003703870692997645,0.0009618375777598054,0.004429101716727465
2016-05-09,67.18763165555274,95.29642298848208,74.33027472267386,55.6507452869886,0.00046197821866411637,0.003143593072708667,-0.001055097094381341,0.003993435114244463,-0.0015556277313195643,0.003685003494319819,-0.0002299537586856193,0.004393354261792645
2016-05-10,67.09693277860787,94.9239746131538,74.4093502559256,54.91075855592768,-0.0013499341279039623,0.0031560188661692505,-0.00390831432753036,0.0038726640193500906,0.0010638401855336266,0.003503337510990516,-0.013296977915477015,0.005001100446662003
2016-05-11,66.79621396295553,94.50731053955882,74.21021575506205,55.309380594995936,-0.004481856371059134,0.003179293028325235,-0.004389450350061996,0.003916439048792125,-0.002676202657040272,0.0035184766113888146,0.007259452419734025,0.005143150376477859
2016-05-12,66.82336434805904,94.71512019808522,74.19873685548792,55.43149571720781,0.00040646592812243476,0.00316878238124647,0.002198873900230325,0.003953234057911472,-0.0001546808543451128,0.0034720610871903685,0.002207855537310399,0.0050694137304873295
2016-05-13,66.62367756009657,94.53692782414284,73.80930621269258,55.513001366028256,-0.0029882779759842215,0.003222666821044372,-0.0018813508716424288,0.0037428609604167364,-0.005248480759905916,0.0033956935813805327,0.0014703851621875597,0.005047866114688435
2016-05-14,66.73293708248987,94.68859840462672,73.97888446888084,55.496352665142666,0.0016399503358959233,0.0031964352551946415,0.001604352753730387,0.0037620480649240553,0.002297518631317219,0.003324888111052601,-0.00029990633682042134,0.004806981646209355
2016-05-15,66.56280450168924,94.383985282039,74.44127317187807,55.536045383905154,-0.002549454410950336,0.0032415942497036514,-0.0032169989599595272,0.003371453018762742,0.006250279472539644,0.0034829683485239726,0.0007152311252234256,0.004742422028690498
2016-05-16,66.88737844603976,94.48582101914388,75.17080943156418,55.385439213398456,0.004876205964883695,0.003338970985910634,0.0010789514428806157,0.003370744516544411,0.009800158280496962,0.003984029612253372,-0.0027118634296986466,0.004656261316558681
2016-05-17,66.74321987034375,95.01096115808926,75.19141729023603,55.53861399293836,-0.0021552433216127653,0.0032086100090951684,0.00555787242234973,0.0035858657522022767,0.0002741470901761467,0.003985312136837139,0.0027656146040428986,0.004674717257299978
2016-05-18,66.69271654828387,95.26151958373582,75.39535876410724,55.21059197597959,-0.0007566809356513993,0.0032118218314812464,0.0026371528357622687,0.0036241639484233647,0.002712297243766537,0.004015838364602806,-0.00590619738909004,0.004796658721071758
2016-05-19,66.86983084816875,95.129870249304,74.92048740815736,55.2572951914968,0.002655676797280515,0.003240574890497069,-0.001381978106239301,0.0036208511527910884,-0.006298416291586784,0.00384211305323366,0.0008459104285194474,0.004783837887212257
2016-05-20,66.63614700004658,95.25447909278918,75.31317683469612,55.39715515750953,-0.003494608034118718,0.003311116238083252,0.0013098813564931255,0.0036187816676708337,0.005241415801253924,0.0038516383380009793,0.0025310678984202806,0.004642649632773128
2016-05-21,66.69640635456788,95.18839222746608,75.51350698123113,55.34707863885161,0.0009043043038077236,0.0031368480873250784,-0.0006937927323997783,0.0035328102722200594,0.0026599614430646845,0.003854620547737273,-0.0009039546979540125,0.004628739835381437
2016-05-22,66.97238928285648,95.21763798201142,75.37984403877594,55.439177519443525,0.0041378980273905075,0.0032128000199204395,0.00030724076603227957,0.003523844210499435,-0.0017700534354524455,0.003823485366161101,0.001664024242234552,0.004608706257194358
2016-05-23,66.66210573236123,95.11962043303092,75.70154996206735,55.19108496268521,-0.004633007031969227,0.003344588850588266,-0.0010294053817951898,0.003518244483906601,0.004267797677133922,0.003918280480687295,-0.0044750403569985275,0.0044830474083732245
2016-05-24,66.71376511805084,95.0840212619122,75.62701519824277,54.95180999183528,0.0007749438023607613,0.0030449333084970097,-0.00037425686684466886,0.0034773675834425663,-0.0009845870244654664,0.003917900823433188,-0.004335391685300283,0.004458611563640739
2016-05-25,66.78021842401982,95.19196641075057,75.4992834035666,55.012259095472544,0.0009960958709402945,0.003048513792998713,0.001135260661105475,0.0033037809410636056,-0.0016889704603751943,0.003918190119895073,0.0011000384454351586,0.004462809567758419
2016-05-26,66.95089810922936,94.8400323164917,75.61941394178285,55.18182310971552,0.0025558419729299064,0.0030761615649606737,-0.0036970986894028224,0.0032620544942234715,0.0015911480586394688,0.0039329137909283034,0.003082295056247464,0.004461457553744276
2016-05-27,66.71543343796,94.48421694464705,75.33162966569706,54.716917622899686,-0.0035169755435572325,0.003148350932056091,-0.0037517424146088496,0.0032886758135711497,-0.0038056930235844666,0.003922518900049705,-0.008424975120729261,0.004728378190071018
2016-05-28,66.46569251341582,93.99227802754248,75.59687970034192,54.848651822479766,-0.0037433755830489357,0.00316554179243963,-0.0052065724097895005,0.0032054747162078537,0.00352109778883003,0.003923761820293656,0.002407558855708425,0.00472837677796763
2016-05-29,66.58595316100259,93.42794375214386,75.31138859278616,54.71706666772857,0.0018093642455090375,0.003109760361175286,-0.006004049345769147,0.0033031133698368763,-0.003776493271778092,0.0038069293931406304,-0.0023990590539414436,0.004666411992943736
2016-05-30,66.66073176351844,93.01542024406407,75.03073417944704,54.67279694620376,0.0011230387035991996,0.003082067916332391,-0.004415418894096357,0.0033288813244118066,-0.0037265866236597667,0.003844927795736406,-0.0008090660596562493,0.004560125333170951
2016-05-31,66.72583640546866,93.12081207547556,74.79013622161955,54.34668534511441,0.0009766565746858191,0.0030484491339604195,0.001133057627809908,0.0033619161883421942,-0.0032066587173739114,0.0038781309806276737,-0.005964787230663071,0.004508267410574905
2016-06-01,66.80981643471526,92.83341906155992,74.98908923458526,54.14361526652201,0.0012585833879441566,0.003023731380332313,-0.0030862382695148183,0.0032155615069371086,0.002660150429144581,0.0038461341336740854,-0.003736567875351593,0.004481407650895327
2016-06-02,66.68764384826385,93.07184798931571,74.82590369210334,54.38529264587148,-0.001828662208206988,0.0029223852902194,0.0025683523257684637,0.003240297168028352,-0.002176123808777519,0.0038609789312939583,0.004463635798234167,0.004306451180533366
2016-06-03,66.74906060121772,93.13040413745964,74.47283828101295,54.39833665366379,0.000920961506656548,0.0028378330280764406,0.0006291499460786554,0.0030721860949987465,-0.00471849177449557,0.003825700790948832,0.00023984439832380744,0.004273005009207805
2016-06-04,66.82234088116618,92.44223246246204,74.31760001990433,54.309569835606055,0.001097847359774251,0.0028212752827746625,-0.007389334142498205,0.0032091774881899816,-0.002084495027876443,0.0038405453012060205,-0.0016317928730593678,0.004269972612463631
2016-06-05,66.6932948365791,92.73561134590553,74.31309232010788,54.28651238999963,-0.0019311811421958147,0.0025259806165835426,0.0031736455906408167,0.0030422133149814595,-6.065453937209586e-05,0.0037349012929552058,-0.00042455585040024335,0.004087867037609141
2016-06-06,67.08162804700886,93.08502459989876,74.00982993857714,54.41155897247701,0.0058226724497763005,0.00272192036208133,0.003767843322776132,0.0031593053702788925,-0.004080874204836271,0.0037885811279710834,0.00230345581198943,0.004125844957795024
2016-06-07,67.18953458509473,92.7605767550959,73.71768033898763,54.524287659379816,0.0016085855580345587,0.0027244589270211048,-0.003485499909329337,0.0031947551369438843,-0.0039474431954777955,0.0038097488719892806,0.0020717782954873254,0.004146351300944371
2016-06-08,66.96128883687285,92.96496588495152,74.2707677126927,54.51015026469427,-0.0033970431501175735,0.002793104145209973,0.002203405121070423,0.0032453063752790196,0.0075027777754497205,0.004059292618205631,-0.00025928618772363965,0.004146244795078075
2016-06-09,67.1065897407215,92.69317820187612,74.0514118162578,54.782598546341816,0.002169923942214158,0.002813024054965797,-0.0029235495381318977,0.003217858169158411,-0.002953462084617997,0.004088505611148842,0.004998120172565512,0.003525803724126656
2016-06-10,66.92286929306258,92.77850663471928,73.9736866463419,55.02472099616415,-0.0027377407847539725,0.002733929477790007,0.0009205470618054434,0.003158382741629542,-0.0010496109123314667,0.004064601206848769,0.004419696331445788,0.0033562320996531523
2016-06-11,67.09462692289306,92.3576245897667,73.88521895148328,55.12864241594638,0.002566501281921152,0.0027713716719130785,-0.004536417541291526,0.003191020025225878,-0.001195934647431729,0.004069540808457255,0.0018886314714703367,0.0033489427452027608
2016-06-12,67.3404904627916,91.74727755191786,73.78355863534742,55.14318939503307,0.003664429644733014,0.002778682536284331,-0.006608518144115005,0.003356878654999338,-0.0013759222423448403,0.003961676919140753,0.0002638733415005756,0.003335693394069537
2016-06-13,67.18578112697512,91.66414690218,73.95210176656055,55.30722194737997,-0.0022974192013344163,0.0028089888654301747,-0.0009060830136439213,0.003321010871970741,0.0022842911663571996,0.00396141265920728,0.0029746656685345485,0.0033860954942802174
2016-06-14,67.39209510776675,91.67687230567442,74.20441217965788,55.385458216359645,0.0030707982750355356,0.0028046893337681095,0.0001388263996828787,0.0033028819811688724,0.0034118085499961204,0.003838872234859492,0.0014145760033672516,0.0033943573585606527
2016-06-15,67.48637344567845,91.58904533440284,74.13004612293705,55.64943663219676,0.0013989524700328548,0.0026832569279660484,-0.0009580057550255816,0.0032802898324950937,-0.0010021783683265006,0.0033543667476052534,0.004766204421490894,0.0034685622388274336
2016-06-16,67.66304828590549,91.2140446912551,73.81492001627333,55.87282947406391,0.0026179335354157285,0.0026741069619684497,-0.004094383141330593,0.003078800108548382,-0.004250990295367019,0.0034213271213902954,0.004014287572102759,0.003508120040518263
2016-06-17,68.05718795905243,91.13011739749231,74.15220415983033,55.61368205273803,0.005825035719371208,0.002835953993641935,-0.0009201137176502172,0.002986919318191672,0.004569322075843818,0.0034994175691306305,-0.004638165343786249,0.003438893917252521
2016-06-18,68.01360751533704,91.290989179175,74.13306873899172,55.34023585166334,-0.0006403503439137426,0.0028205468401483677,0.0017652976455742042,0.0030449162641425576,-0.000258055995171258,0.0033266630066662163,-0.004916887193611497,0.00356306733343129
2016-06-19,67.86666648013987,91.33596849708752,74.58782045577041,55.16545610546861,-0.0021604652446062245,0.0027642165377095166,0.0004927027115921856,0.0030237194413176476,0.00613426267810091,0.003381916065166326,-0.00315827613498465,0.0035781726868130536
2016-06-20,67.69343445647235,91.46365840943292,74.00407345887425,55.408598074729206,-0.0025525347368905438,0.002823112073028026,0.0013980243976881024,0.003064289642074582,-0.007826304527055128,0.0035985860808716024,0.004407504014754204,0.003668989556010215
2016-06-21,67.53682380717369,91.27844759786085,74.06150928195184,55.01504356581187,-0.0023135279005433995,0.0027817434651277698,-0.002024966142760154,0.003051004229116655,0.0007761170486042523,0.0036016872158286238,-0.007102769652943541,0.0038786107137919325
2016-06-22,67.53134184933384,91.76780329228784,74.56528820820995,55.11442492209797,-8.116990895956633e-05,0.002623992998481809,0.005361130774078404,0.00329158211226027,0.006802169320371476,0.0037461802584961936,0.0018064396544048567,0.0038115577226042457
2016-06-23,67.61067162835195,91.39347082087298,74.47587173254601,55.20545148179194,0.0011747105395165658,0.0026267911159863658,-0.004079126425447721,0.0033292133506708436,-0.001199170254854498,0.0037473475910995346,0.001651592297708504,0.0037348272344498805
2016-06-24,67.67652207204344,91.63232626140014,74.42057740794344,55.49489460880243,0.0009739652351548056,0.002626635157470835,0.002613484731259552,0.0033772954973572316,-0.0007424461549256911,0.003741009154014408,0.005243017115908577,0.0038457237151000774
2016-06-25,67.85379589897568,92.12413214410913,74.50148642821517,55.53894289154529,0.0026194287399037286,0.0026284199079374816,0.005367165745699953,0.0035530089820957848,0.0010871861397718785,0.003732543412804984,0.0007937357671072842,0.0038111392261461355
2016-06-26,67.86463408304607,92.3557595300343,74.35915907992407,55.20201143433994,0.00015972848573619913,0.0025205784889345806,0.0025142965315847476,0.003567498978087332,-0.0019103960889188532,0.0036902809497259977,-0.006066580306782199,0.0036474316173146807
2016-06-27,68.16872277853909,92.33337691672492,74.2824170971937,54.96433988586477,0.004480812423167446,0.002481930248544569,-0.00024235211126288903,0.003467533506917637,-0.0010320447901768226,0.0036151964900885077,-0.004305487106350592,0.0037189395262309626
2016-06-28,68.12075940305873,92.19091004758714,74.19967490079065,54.67393319312461,-0.0007035979775679158,0.0024907093711109872,-0.0015429617533242457,0.0033197477363394383,-0.001113886699389166,0.0035663239722897987,-0.005283547357126328,0.003821047222709089
2016-06-29,68.683181256629,92.62688704715934,74.04247196282681,54.54510940188574,0.00825624755946297,0.002841987472737148,0.004729067099426221,0.0033615894936462375,-0.002118647260571316,0.003527871279144508,-0.002356219567811735,0.003842455948328154
2016-06-30,68.81485179968318,92.14980878906525,74.36786111954167,54.504441044298346,0.0019170711176321742,0.0028468956306963262,-0.005150537530762556,0.003473801843729865,0.004394628489419183,0.003594347370698047,-0.0007455912735961912,0.0036811625514332658
2016-07-01,68.63978685460683,91.84652684314588,74.49246073171197,54.22304011291745,-0.002543999449217238,0.002920168850125009,-0.003291183670425135,0.0034795783629612584,0.0016754497210833552,0.0035719196532294525,-0.005162899132424514,0.003741186789871188
2016-07-02,68.4223959612385,91.75740392207044,74.5615152740368,54.58783981665154,-0.0031671265796441306,0.0029731238246390153,-0.0009703461212816622,0.003436943093220878,0.0009270004191903602,0.003558083346781341,0.006727761906643481,0.003854302645818592
2016-07-03,68.52607494330896,92.26937863817788,74.77576626985912,54.2662951641741,0.0015152784496057503,0.0029755186288087133,0.00557965563784113,0.003606130519065883,0.0028734796367118065,0.003488447850643998,-0.005890408075451048,0.004007785255315217
2016-07-04,68.48411479325314,92.46288201658132,74.7082733309804,54.60074013699491,-0.000612323850308516,0.002987567775640346,0.002097157055345855,0.003371642498698529,-0.0009026044431981184,0.0034690654255986105,0.0061630330909636655,0.004153289527992689
2016-07-05,68.63511084342402,92.1565336735862,74.50807472176106,54.89587963008892,0.002204833202950951,0.0029512782461771974,-0.003313203485699079,0.003369957298514119,-0.002679738137333243,0.0035080827200673873,0.00540541194777755,0.004258760770647854
2016-07-06,68.73586829730193,92.096505389889,74.35469202523295,55.12013374223177,0.0014680161893783072,0.0028075216117450777,-0.0006513730638980642,0.00328592435062875,-0.0020586050183271087,0.0034439520295554116,0.00408508095059168,0.004298729186116224
2016-07-07,68.72351728881944,91.9250964225416,74.3601008771011,54.94917310521331,-0.00017968796770084783,0.0028091006425803276,-0.0018611886153740986,0.0032456229700297463,7.27439213428216e-05,0.003355672056497693,-0.003101600547958605,0.004334641601430423
2016-07-08,68.55172388395522,91.72050170128794,74.08937853173363,55.03591198638696,-0.0024997760830871574,0.002767825130661494,-0.0022256677361883748,0.0032286790664978592,-0.0036406936270152457,0.003140104309126453,0.0015785293257746247,0.004339918114885835
2016-07-09,68.24418809570989,92.13780699099212,73.96663399068392,54.72114572789731,-0.004486186062453101,0.0029159189624470764,0.004549749314098239,0.0033178497722159703,-0.0016567090112267202,0.0031078993888921523,-0.005719288499616448,0.004383223509318489
2016-07-10,68.1588921100136,91.68685981617836,73.84093921388542,54.94875806021284,-0.0012498644657720215,0.0028701073437153485,-0.004894268591153383,0.003418749314513243,-0.0016993442856183538,0.003117473463024748,0.004159495004862235,0.00437436731487189
2016-07-11,68.34073850549338,92.33537614445328,74.39889354933118,54.93253585251637,0.0026679775719691268,0.002872546326157788,0.007073165441319862,0.003586051119611147,0.007556165203012943,0.0034034385246040247,-0.000295224282934603,0.004359366185722288
2016-07-12,68.39017954318346,92.69422396633682,73.68143939848218,54.833516858947526,0.0007234489818412904,0.0028145784974417014,0.0038863525212931016,0.003427732235527095,-0.009643344364701822,0.003844622473576459,-0.001802556390891663,0.004369575258642225
2016-07-13,68.13984266024757,93.14854051523209,73.64523744346059,54.53426238051895,-0.003660421490454313,0.0028720328334778697,0.004901239035781213,0.0035172779113776553,-0.0004913307247679244,0.003820103612312668,-0.005457510215847838,0.004430530291166172
2016-07-14,68.18222172512687,93.02193730616034,74.10047339680371,53.93059779685927,0.0006219425115288058,0.0028301806814155657,-0.001359153974624494,0.0035337870570007427,0.006181471730505539,0.003940268001176134,-0.01106945537188253,0.004817787450889168
2016-07-15,68.26776894735626,93.01316951351248,74.1392324233773,53.68609317865897,0.00125468516667393,0.002828533643914052,-9.425510693250594e-05,0.003525076585521476,0.0005230604447832299,0.003937253376026587,-0.004533690116346856,0.004740829484420611
2016-07-16,68.09294728790279,92.52708461180316,74.34165291874993,53.96374912735583,-0.0025608228033390246,0.0028457046845137934,-0.005225979334450126,0.003581758658801305,0.002730275034636076,0.003882558386837075,0.0051718412023922244,0.0047890759326024825
2016-07-17,68.13175878268477,92.3842996054982,74.3731030725704,53.87329446612127,0.0005699781890462496,0.002642989895567123,-0.001543169839447689,0.003591965236853043,0.00042304889097422027,0.0037961272961223075,-0.0016762115808722777,0.004744950589361617
2016-07-18,68.1508437880741,92.6193826394279,74.20467996699539,53.840090176987694,0.00028011907706959605,0.002640162216957864,0.0025446210550228443,0.0036045123022255695,-0.002264570101514707,0.0038203640080896662,-0.0006163404236297909,0.004688675879676151
2016-07-19,67.92425891087805,93.15018330096365,73.6289865718137,54.00694113302027,-0.0033247552722993623,0.0026823094856665676,0.005730988983182694,0.003729461858059215,-0.007758181767480776,0.0038972909511043995,0.0030990095945993,0.004724027254274457
2016-07-20,68.00581878748007,92.78366273896654,73.69273257567896,54.45292477991159,0.0012007473899571242,0.0026448858284706524,-0.003934727222306145,0.003819206149023147,0.0008657732074457414,0.003642780542100668,0.008257894958221268,0.004915886239317481
2016-07-21,68.12837575265604,92.69725996905936,73.50306705086338,54.78238472541034,0.0018021541003567787,0.0026189414655784344,-0.0009312282718376697,0.003799592062562646,-0.0025737344536763684,0.0036651898912554073,0.00605036270926429,0.004899497136631487
2016-07-22,68.35710108797731,92.69118665289211,73.3089650212188,54.54569432989343,0.003357269754260317,0.002676559985011296,-6.551775283625272e-05,0.0036887913864200083,-0.0026407337466648473,0.003437446322529522,-0.0043205566297138676,0.0049435121243868755
2016-07-23,68.57907169169165,92.2237795748187,73.19416171156078,54.073170842241645,0.0032472208473068864,0.0027233513683585097,-0.005042626974058995,0.0037325317869537204,-0.0015660200580486228,0.0034404477573320366,-0.008662892524457622,0.005154827378353804
2016-07-24,68.30003584306527,92.49610817733968,73.65524947158028,54.65414632863381,-0.00406881927304048,0.002844595591353066,0.0029529108845516294,0.0037402669235021787,0.006299515552026236,0.003661590579624978,0.010744246681726022,0.005461439315328192
2016-07-25,68.11420431981631,92.28008935368575,74.28602626729338,55.21590363412711,-0.00272081150405179,0.0028621070113290133,-0.00233543689470439,0.0036449834682536915,0.008563908210730942,0.004000689374417335,0.010278402339604309,0.0058024552680053425
2016-07-26,68.22706436400424,92.26170792441997,74.34877655579969,55.2633816174971,0.001656923769644436,0.0028756349092697473,-0.000199191715076652,0.003615601276420467,0.0008447118746199855,0.003989037442745489,0.0008598606605190184,0.0056969169569116235
2016-07-27,68.33912465748116,92.14883990723592,74.23369273443147,54.94782382306592,0.0016424610163361386,0.0027742105213005106,-0.0012233462800894657,0.0036220403938582186,-0.001547891259271017,0.003994760723177779,-0.005710070306867987,0.005739581352083345
2016-07-28,68.4509009083702,91.9128123900186,73.93457511474215,55.18812478374158,0.0016356113931699223,0.0027840810740193,-0.002561372638602122,0.003641137229306405,-0.00402940509452232,0.0040574101476874985,0.00437325710021641,0.005703381350463584
2016-07-29,69.24753635248076,91.96719238203607,74.06479420794135,55.16212213354259,0.011638056381127138,0.003165352396898511,0.0005916475690757039,0.003528766570203777,0.0017612746539370505,0.004053054945989522,-0.0004711638654308903,0.005683139557204088
2016-07-30,69.36618792712143,91.94440241261412,74.5350402326497,55.13503769996655,0.0017134410968313585,0.0031619321151927244,-0.0002478054274754893,0.0034044731174067582,0.0063491167394338355,0.004140594899594357,-0.0004909969473340103,0.005681574245088375
2016-07-31,69.6017674689198,91.8643853810005,74.47517489149041,55.35807251626355,0.003396172527829755,0.0031655727480575948,-0.0008702762703762801,0.0033537722207944197,-0.0008031838578530515,0.004132447598552939,0.004045246463976415,0.005619118569163038
2016-08-01,69.798635660589,91.65415868196963,73.86020304971095,55.44125464488122,0.0028284941435876565,0.0031169941472571484,-0.002288446149821488,0.0033756468506608043,-0.008257407151785467,0.0043934108179774145,0.0015026196693035399,0.005505870656241369
2016-08-02,69.93136104598602,91.8305714046567,74.04310565462431,55.14483814967424,0.0019015469878584934,0.003121406384715008,0.0019247650649349968,0.003228897283116046,0.002476334986383222,0.004384089698750629,-0.005346496884055307,0.005484848757399379
2016-08-03,69.86065094059597,92.49576796375943,74.30687346928237,55.06532085240202,-0.001011135838519528,0.0031279494270616912,0.0072437375585034935,0.0034796054027270676,0.0035623548246126457,0.004439033999636985,-0.0014419717228364437,0.005391428292603839
2016-08-04,70.01568721784949,92.5995982681104,73.90095019831263,55.23065789306762,0.0022192217674201764,0.0031281942474653177,0.0011225411349808923,0.003427031846446344,-0.00546279572827868,0.004521603973895243,0.0030025620137359432,0.005330416439958713
2016-08-05,69.84827313065972,93.01975277808748,73.95611991385671,55.35807669163805,-0.002391093965397606,0.0031732174181406695,0.004537325407833581,0.003514204886935517,0.0007465359429890128,0.004512181819480829,0.002307030251515796,0.0052956896884372535
2016-08-06,69.79478600992981,92.5500209581226,74.08208200281557,55.42324881841654,-0.0007657615332860024,0.0031795994532909954,-0.005049807228422742,0.003629362253625594,0.0017032003450907496,0.004524998851609687,0.001177283075449287,0.005262412317401495
2016-08-07,69.68971160364431,92.66009465792686,74.07141584857143,55.65559137395234,-0.0015054764444804025,0.0031520933705576474,0.0011893427863627348,0.003603073072598043,-0.00014397751731287656,0.004475817218297027,0.004192149693299729,0.0053057684689808825
2016-08-08,69.70415934417106,92.30410011146296,73.87481930377427,55.56324988846272,0.0002073152577946047,0.0030064293403528996,-0.0038419402416771664,0.003591190909614168,-0.0026541486016559146,0.004492235102462595,-0.001659159182572978,0.005195274937732886
2016-08-09,70.1854522726923,91.81264319013066,74.14738595416311,55.60669315552588,0.006904794965603367,0.003186363927773894,-0.005324323846273682,0.003612470562087265,0.003689574512095062,0.00453082674481754,0.000781870519639627,0.0051501356579246906
2016-08-10,69.78619991270548,91.5992044380905,74.0506453713513,54.76055176124113,-0.005688534405044465,0.003392489709900801,-0.0023247206988492586,0.003382798330733659,-0.0013047065863066587,0.004314911504973777,-0.01521653862635175,0.005888188836304413
2016-08-11,69.92664730445667,92.0958507005202,73.67441107189926,54.65293691149215,0.0020125381798530295,0.0034009049814601165,0.005421949518845226,0.0034584927763147955,-0.005080770026585024,0.004040341545777935,-0.0019651892884168243,0.005889896687715151
2016-08-12,69.584156127869,92.50153239280998,73.15739567848267,54.84458378967594,-0.004897863544014669,0.003463131764428756,0.004404994244626481,0.003434305231821363,-0.007017570767033687,0.004238790809644467,0.003506616277440866,0.005835501067329389
2016-08-13,69.48390684576951,92.64367256223726,73.49544501217149,54.75097332750168,-0.0014406912101551095,0.0034852458314745256,0.0015366250239365886,0.0034420622491977797,0.004620849752149381,0.004166571627970781,-0.0017068314809943752,0.005449285694748278
2016-08-14,69.7099068872332,92.1267054213982,73.666908443142,54.63935451793207,0.0032525523063251516,0.003516414771698496,-0.0055801667457835435,0.0035829329787861394,0.0023329803764318147,0.004191403305344098,-0.0020386634754773203,0.0053882294434650065
2016-08-15,69.72081730804649,92.10988796561315,73.70123740595412,54.38714136137767,0.00015651176856312787,0.0034640510359867692,-0.00018254702269138168,0.003460696423759417,0.0004660024906379956,0.004156978606469985,-0.00461596149477983,0.005398232027391643
2016-08-16,69.49282448595038,92.27672667375867,73.5991085628617,54.63792045611651,-0.003270082464592705,0.0035426556318949335,0.0018113007390456737,0.003468141958337406,-0.001385714089573331,0.004159546332272385,0.004610999741143429,0.005441750640898103
2016-08-17,69.34276246071683,92.395782579518,73.47506098463656,54.77664150096415,-0.002159388776374893,0.003579614082061189,0.0012902051259386926,0.0034434669729025663,-0.0016854494659972463,0.004151644314324651,0.0025389151653210096,0.005450231060950562
2016-08-18,69.48428361927435,91.76760431882737,73.2115762147835,54.98322498408603,0.002040893000732291,0.0035109527432241193,-0.006798776341874757,0.003474721648209398,-0.0035860435680094005,0.0039593488399423645,0.0037713791401072783,0.005462276047344655
2016-08-19,69.33123885240984,91.49947661305907,73.11609904953723,54.558119287607,-0.002202581057078934,0.003551079554934966,-0.002921812198962259,0.0034449135375824794,-0.0013041266174378396,0.003959369585413696,-0.007731552607219139,0.005470561434648123
2016-08-20,69.37656555609013,91.53701009017558,72.58935572428449,54.5230357280924,0.0006537702835049952,0.0035444114151159524,0.00041020428209925797,0.003447274128962507,-0.007204204437874395,0.004139085456762558,-0.000643049283455932,0.005353866409891136
2016-08-21,69.3860804524385,91.79406148463433,72.42190204863023,54.45880976487394,0.00013714856410240728,0.003506950289774159,0.00280816900405112,0.003496860863064035,-0.0023068626795682556,0.004133321632846019,-0.0011779601476843427,0.005299807235010851
2016-08-22,69.25044813045882,91.04621823224024,72.36384931300852,54.3948993250022,-0.001954748288061303,0.0034952249216471418,-0.008146967682863382,0.003682488951011645,-0.0008015908720918619,0.004128222463867732,-0.001173555576180818,0.00505011022428151
2016-08-23,69.69683786637039,91.05205205507892,72.53952419577345,54.24930263682824,0.006446019454930063,0.003565339191881519,6.407539985686661e-05,0.0036285780404460783,0.002427660833865586,0.0039699466041744885,-0.002676660679231002,0.004664488549605811
2016-08-24,69.82730173792491,91.169001712146,72.5494153602153,54.170782675392445,0.0018718764803169474,0.0035124351098992966,0.001284426374007941,0.003626243786913788,0.00013635551861579387,0.003585984485192328,-0.0014473911666929018,0.004223368506288232
2016-08-25,69.40011342114538,91.54272420550302,72.77126602265925,54.38429067746751,-0.006117783533765242,0.003729741488472828,0.004099227657850202,0.003718099492329797,0.0030579248825428618,0.0036429177802796745,0.003941386694640725,0.004297626235403183
2016-08-26,69.43899811052717,91.85718089334225,73.13338069955208,53.92141827881502,0.0005602972021936381,0.0037242917387915624,0.0034350811663994563,0.003773092229767575,0.004976066745631114,0.0037830911613247653,-0.008511141597811966,0.004442148808600938
2016-08-27,69.30097126939731,92.129329268949,73.4202144040038,54.36038490480304,-0.0019877424053578174,0.0037461918041463093,0.0029627338109008416,0.0037835479443458775,0.003922062698429096,0.0038050985769542273,0.008140858308255616,0.004637126989910653
2016-08-28,69.47902562267811,91.89031953623186,73.55509860239152,54.4841349822588,0.0025692908774488377,0.003123803517355859,-0.002594284953702508,0.0038134410174206846,0.0018371534254246757,0.003806489832620288,0.0022764753721387088,0.0046646295795252325
2016-08-29,69.31347061290055,91.24686794560472,73.57120605660387,54.47848916681728,-0.002382805577565872,0.0031410460299072115,-0.007002387127116538,0.004021053761380673,0.00021898487689364643,0.0036004779681021878,-0.00010362310869682645,0.004664909703620126
2016-08-30,69.29043594545746,91.1667530976583,73.33163479085718,54.70556879053944,-0.00033232598569088445,0.00307424546863636,-0.0008780010728058896,0.004021095363885115,-0.0032563183151078645,0.0036369766034974513,0.004168243781996539,0.004668993244344127
2016-08-31,69.39643090021147,91.59605661924272,73.53628768917639,54.35171024601304,0.0015297198423955827,0.0030398827752903665,0.0047089921160683446,0.004100709527976214,0.0027907859807418944,0.003375305951286767,-0.006468419072311882,0.004783301134615068
2016-09-01,69.57700008672937,92.16702942665307,73.98193357265949,54.194586201207805,0.0026019952924891676,0.0030591155763451086,0.006233595948173187,0.0042438796154479815,0.0060602173088577516,0.003530968411620911,-0.0028908758177809135,0.004720768259842027
2016-09-02,69.32557349225937,92.48455593454884,74.08066194377078,54.17134790591984,-0.003613645229840201,0.0031202338751272003,0.003445120341525776,0.004077750597809948,0.001334492981510449,0.00347599438150195,-0.0004287936658782243,0.0047179266813421215
2016-09-03,69.25690333266988,92.69623254667948,74.58724336247907,54.51064723974675,-0.0009905458567487369,0.0030874489422712758,0.002288777947752063,0.004094307122792329,0.00683824098511443,0.0035458841386406814,0.006263446396352901,0.004838259711653912
2016-09-04,69.15963617658184,92.8880255905854,74.19478466608462,54.50385059610096,-0.0014044398667497626,0.003070258212123808,0.0020690489638759413,0.00402509120527908,-0.005261740194461795,0.003687476759449271,-0.00012468469904425294,0.004811188080192982
2016-09-05,69.02620692514844,92.73077354357626,73.90379418720754,54.61888264718173,-0.00192929371537931,0.0030833306685449586,-0.001692920546101817,0.003926451910236114,-0.003921980233337008,0.0037464264946492883,0.0021105307207229806,0.0048254499307502415
2016-09-06,69.39487388272583,92.73330341029924,74.1358876411716,54.478005863650615,0.005340970828328517,0.0032450929050225306,2.7281846428195422e-05,0.003920781982253002,0.0031404808983981347,0.003792010368447258,-0.002579268866430784,0.004757458870095981
2016-09-07,69.47976169963913,93.40318946037982,74.2137056338254,54.60214863955797,0.0012232577446102955,0.0032540901666132326,0.007223791512275479,0.004061582461114839,0.001049666971419283,0.003761578109741971,0.002278768723988467,0.0047843781636574
2016-09-08,69.21697139619761,93.09594304571642,74.5636746128581,55.018391653037504,-0.0037822568329690665,0.0030383654520528824,-0.0032894638442054758,0.0039787915052740385,0.004715692014618744,0.003799261112515638,0.007623198424429489,0.005008832355121217
2016-09-09,69.40945210301086,93.74490102674588,74.56582888538165,55.26674033680746,0.0027808311015444787,0.0029270963902230406,0.0069708513582678044,0.004113286394663825,2.889171617059816e-05,0.003788913229321215,0.004513921187229819,0.00422197713277281
2016-09-10,69.85193992698024,93.66605886085046,74.34552399574861,55.24699460162743,0.006375036980736715,0.003140192118338558,-0.000841028845642855,0.00402762433815003,-0.002954501987387337,0.003704944463754189,-0.00035728061868123273,0.004202187294311895
2016-09-11,70.06584658583114,94.20528872304328,74.29782770606704,55.41555372537483,0.003062286588955354,0.0030497665660700565,0.0057569398002952354,0.0040792285262390565,-0.0006415489072926217,0.003443846336719358,0.0030510098325318147,0.004191265777318405
2016-09-12,69.74256006819414,93.71299748113894,73.90754033529805,55.55926435064838,-0.004614038556445266,0.0031628087253897925,-0.00522572828529444,0.00421133583882653,-0.005253011868839863,0.0035097520386929066,0.0025933265231949942,0.004191895383260355
2016-09-13,69.63963880850942,93.97488979717164,73.62676029561375,55.68481877675553,-0.0014757310254180922,0.0031192829981230687,0.0027946210565445995,0.004077298769224419,-0.0037990716293693216,0.0035590011944281047,0.0022598288075728057,0.004175662944667122
2016-09-14,69.90347331331252,93.7378830436996,73.89058063692435,55.96165441029871,0.0037885679667089,0.003196263683476616,-0.00252202214850783,0.004116359141884299,0.0035832126831516486,0.0036184473329589338,0.004971474086196359,0.00412608826744003
2016-09-15,69.75241287717031,93.24931498038572,74.12766725198821,56.23643761601465,-0.002160986128187603,0.0031622664977641384,-0.0052120663220665,0.004242434950300413,0.003208617566951233,0.0036508338732885908,0.004910205186238414,0.0041355684884533
2016-09-16,69.84372979232862,93.37727530815869,74.23153886155684,56.19934510958639,0.0013091577967216939,0.0031390319772466335,0.0013722387966055294,0.004243082737966575,0.0014012529116225192,0.0036380258664755363,-0.0006595813675384088,0.0041349545640815555
2016-09-17,70.00388434098092,93.79966154178524,73.79336229061558,56.356975981287256,0.002293041181055111,0.003144340201473011,0.004523437123568064,0.004084872838014001,-0.005902835609517321,0.0037473602800399577,0.0028048524656913987,0.0041152335544032154
2016-09-18,69.80597659415528,93.52424594062276,73.71299584484179,56.25422377725449,-0.0028270966488324056,0.003163169956411362,-0.0029362110335524605,0.004085318553862277,-0.0010890741833565754,0.003744448502989294,-0.0018232384233477505,0.003822266365219746
2016-09-19,69.79169992275972,93.00755027710692,73.40977451188608,56.01554797851953,-0.00020451932760090497,0.0031631081777804093,-0.005524724185896002,0.004242413831186293,-0.00411353967479422,0.003569945424810803,-0.00424280672114552,0.0039314795906510245
2016-09-20,69.11138813021654,93.02204769321062,73.72710539730808,55.94397242386427,-0.009747746412483105,0.0036479683549839105,0.00015587353994939157,0.004221100985121947,0.004322733417068569,0.0036028739103232802,-0.0012777801385198684,0.003933347741717452
2016-09-21,68.90208395005956,93.03807584928455,73.58928668755404,55.9215334506387,-0.0030285049370244455,0.0036717222252343794,0.0001723049155699652,0.003897600771647215,-0.0018693085672000231,0.003622436187697884,-0.00040109724521453227,0.003921784896044307
2016-09-22,68.85443506880576,93.29057795874522,73.32347988389573,55.50029549675816,-0.0006915448491854326,0.003453570101656256,0.002713965300289445,0.00391201259641677,-0.0036120312564907886,0.003682748945934286,-0.007532660996364737,0.004168266528933993
2016-09-23,68.6016116461177,93.69117313370448,73.34690951831062,55.714422790090055,-0.003671853852775131,0.003476086202982228,0.00429405823958362,0.0039626665128855414,0.0003195379495353201,0.0036825087500647925,0.003858128887699319,0.004183526414811014
2016-09-24,68.94424809951501,93.71161683686375,73.1982318684873,55.01867836977557,0.0049945831471831514,0.0034581237940696104,0.00021820308653941467,0.003918319746247607,-0.002027047230752199,0.003671581330129342,-0.012487689640719668,0.004806720675883943
2016-09-25,68.65283680310283,94.44969666022811,73.59511632540308,55.69274413961652,-0.004226767343833426,0.003530849990560721,0.007876076075490568,0.0041013775517249815,0.00542204977886418,0.003692423578694768,0.012251580550710628,0.004971656543627154
2016-09-26,68.5686159510454,94.57035021505392,73.41981308699839,56.0673340361589,-0.001226764340401143,0.0035215740527630205,0.0012774371871182577,0.0040841700778268325,-0.002381995533909942,0.0036534386734088536,0.0067260089681218105,0.004908777424843877
2016-09-27,68.60252890077395,94.47416935111124,73.0755225461035,55.99756439164606,0.0004945841367536286,0.0034824615647371993,-0.0010170297955327534,0.004047892836370602,-0.004689341015986059,0.0037340814331385946,-0.001244390262391315,0.0049203401143397335
2016-09-28,68.90598273236849,93.90092543451316,72.54263936449195,55.99642202472205,0.004423362177121026,0.003570580473277922,-0.006067731746522531,0.003987865091289689,-0.007292225399761709,0.003949821326135493,-2.0400296627531844e-05,0.004919763364456131
2016-09-29,68.6139716959208,93.84322025234262,72.55635662809281,56.06925790740976,-0.004237818326775278,0.00364632868256062,-0.0006145326247160021,0.0039839571853857655,0.00018909242510378732,0.00391570318635292,0.001300723868670639,0.0048823566662250404
2016-09-30,68.86022941449964,93.75843961902758,72.43513694209926,55.91668786223866,0.0035890316868727457,0.003701330598221361,-0.0009034284318788499,0.003933914626609098,-0.0016706969813119477,0.0038769606358343943,-0.002721099776691216,0.004734832791072757
2016-10-01,68.86754134082521,94.16085646486826,72.09524224922998,55.962104528876,0.00010618504160886388,0.003662821101246573,0.004292059973223017,0.0038564036771607598,-0.004692400777000949,0.003744770716149655,0.0008122202579170512,0.004678986516147454
2016-10-02,68.66994658520305,94.37373316108966,72.42007690783497,55.92253639121549,-0.0028692000872263534,0.003642307947202415,0.002260776974780665,0.003833547817142649,0.004505632389472325,0.0038518984875581712,-0.000707052352544979,0.004682357107524824
2016-10-03,68.77171317748048,93.96531400374931,72.61175831563011,55.89573452321171,0.0014819669642696098,0.003654337939355646,-0.0043276783026395815,0.003927067978200561,0.002646799285218826,0.0036372712152267345,-0.0004792677466608497,0.004585377843346108
2016-10-04,68.81870008669524,94.07054585477204,72.62585193204897,55.93845393238738,0.0006832301689723153,0.003651035940124271,0.001119901020269376,0.003917476182510989,0.00019409551215665566,0.003546300459084692,0.000764269573341636,0.004581753505051813
2016-10-05,68.70041952598855,94.3627974866144,72.99385987263189,55.60464696316778,-0.001718727040145862,0.0036477147398553344,0.003106728351438992,0.003925821169646362,0.005067175541393132,0.003643635935864053,-0.005967397125831719,0.004741319695030392
2016-10-06,68.72128584274371,94.97650927729909,73.18179672346612,55.61326443469374,0.00030372910237130846,0.0034990914951667025,0.006503747313889807,0.004069306993991544,0.002574693969632058,0.0036260657159149622,0.0001549775422846622,0.004704086712535439
2016-10-07,68.64822595020102,95.3450665657991,72.988422129734,55.6528400580643,-0.0010631333748596372,0.003489223820275253,0.0038805099419263467,0.003930886185687458,-0.0026423865276610226,0.003636916441009254,0.0007116220163092546,0.00469462401753612
2016-10-08,68.67851606281161,95.66325863741112,72.74174031094729,55.68356198462882,0.0004412366407335888,0.0034326028801765873,0.003337268335666055,0.0038852705107831308,-0.0033797390269411087,0.0035316754132979143,0.0005520280102948583,0.004505968477329279
2016-10-09,68.82168458973915,95.71134376142383,72.97056546515189,55.62776422913813,0.002084618817282058,0.003413674719374105,0.0005026498647193733,0.003713256974194625,0.0031457200944937647,0.0036025885559146367,-0.0010020507579254767,0.004444879401334657
2016-10-10,69.15495577140497,95.88467593019016,73.0908042818866,55.91119784156289,0.00484253158946224,0.0033208918959539463,0.0018109887705513028,0.0037068949365250147,0.0016477714811204969,0.0036018954847784213,0.00509518252894825,0.004530824185992504
2016-10-11,68.90172959868049,96.3869841543279,73.15243191909397,55.81922938916586,-0.003661721273621077,0.0033110168602491293,0.005238670509805532,0.0036840731094187093,0.0008431653997087452,0.0036109382849258175,-0.0016449022011232328,0.00451747541789402
2016-10-12,69.34798675121195,95.89151205461556,72.95351056641702,55.873862618556906,0.006476719164100642,0.003457860323476792,-0.0051404461303512505,0.0036793169197269536,-0.0027192719019506484,0.003524815472398757,0.0009787528417877223,0.004498194536632078
2016-10-13,68.94419430686308,95.78053649469328,73.1279981457791,56.19727265783156,-0.005822698873688803,0.0036019609036680197,-0.001157303264329279,0.003675178618585511,0.002391763987878548,0.0035017344126118703,0.005788216960809223,0.004598962283642149
2016-10-14,68.91793757813116,95.50866535559663,72.9526984592937,56.1725964097886,-0.00038084031579299626,0.003517076204706658,-0.0028384800194944937,0.003685011630985364,-0.0023971623855468804,0.0034475289104461504,-0.0004391004558744749,0.004515414465747826
2016-10-15,69.044930143558,95.6801834403784,72.94600470946881,56.22234845723062,0.0018426634616406368,0.003526535674695012,0.001795837939344791,0.0035203073956314272,-9.175465700728136e-05,0.003379738001439913,0.0008856996226249692,0.004427591226123225
2016-10-16,69.10766156309238,96.17611351577514,73.33486216981261,56.193223255086906,0.0009085593888493726,0.0035208541519428428,0.005183205733565233,0.003606967221433315,0.005330757481407655,0.003529970712110833,-0.0005180360291401342,0.004426938248211939
2016-10-17,68.98269993426615,95.96693722539824,73.18197602210722,56.50154572412167,-0.0018082167157710272,0.0034943297571464567,-0.0021749297484618957,0.003588046717786052,-0.0020847676423167982,0.0033907772632117573,0.005486826545527457,0.004511680798201672
2016-10-18,68.94466166325553,95.07184505436967,72.79693369193305,56.42968281050892,-0.0005514175444983893,0.003466294878197498,-0.009327089067417638,0.00398348117986294,-0.0052614366419657665,0.00350896692489085,-0.001271875179550519,0.004504713828767991
2016-10-19,68.84802340846542,94.9458746709042,72.54936586376442,56.74965165956515,-0.0014016785703020451,0.0034707603602247275,-0.0013250019855345352,0.003833427640980202,-0.0034008002207387422,0.0034853660077187178,0.005670222356745969,0.004537592800102533
2016-10-20,68.73232189464258,95.32476722939974,72.8242193240267,56.71543385941716,-0.0016805350116793072,0.0030068962524586644,0.00399061633597908,0.003878503878136583,0.00378850258703034,0.003461757479482791,-0.0006029605318682574,0.0045304298707453195
2016-10-21,68.91435992354346,95.55827431581778,72.90965052908355,56.48852069093846,0.0026485069015989016,0.0030000089901343354,0.0024495951388594506,0.0038876099805213887,0.001173115288428006,0.003461940821175174,-0.004000906861457931,0.004601320835633045
2016-10-22,68.99382606885477,95.74831231585306,72.89671105812884,56.65496906546341,0.0011531144655407832,0.0030040296368342117,0.00198871318466054,0.003878175554012031,-0.00017747267831913494,0.0034050767109482308,0.0029465875984897583,0.004374731801718699
2016-10-23,68.85555994434219,95.6657039811364,72.78690300525558,56.57008934780792,-0.0020040361926674244,0.0029472555456254825,-0.0008627654390831463,0.0038354285632897544,-0.0015063512644034605,0.0034119855509384756,-0.0014981866384466969,0.004350456468983593
2016-10-24,69.04752167354955,95.20168600128554,72.93144341891302,56.72133602973306,0.0027878900318656363,0.002847439406827256,-0.00485041096799288,0.003966885780197933,0.001985802495910516,0.003418561905995836,0.0026736157511655367,0.0036042352130086722
2016-10-25,69.11604194802135,95.42765048141,72.73462382554891,56.01708235748967,0.0009923639952749141,0.002734069605125324,0.002373534436369118,0.003736185694953237,-0.0026986932403572084,0.0032837719676389117,-0.012416027575130162,0.0037644127323381163
2016-10-26,69.28902357079751,95.13687067721077,72.83378076691405,56.01485267162461,0.0025027709617146954,0.0027503929001110278,-0.003047123163279375,0.003782317733032509,0.0013632701476942177,0.003276486592611955,-3.980367722178357e-05,0.003556936551950099
2016-10-27,69.42319096754312,95.99840281344598,72.66806344445797,55.89547532376223,0.0019363441686910399,0.0027655230025954805,0.009055712365800828,0.004103450714683649,-0.0022752810675366053,0.003192571136812453,-0.002131173111571072,0.0035710754811353225
2016-10-28,69.25293941333338,96.239881460811,72.46164681392838,55.62518601733064,-0.0024523729295206076,0.002704850930187878,0.00251544442707341,0.0039219313598529305,-0.0028405412329084445,0.0029444848259828804,-0.00483562050176678,0.0036761510805067466
2016-10-29,69.1401724516465,96.03651868938402,72.32333834235709,55.48537451138967,-0.0016283346619242467,0.0025980327208179554,-0.002113082106297015,0.003950376272669058,-0.0019087127832804196,0.0029638734022679014,-0.002513456870012254,0.00368785481426132
2016-10-30,69.29960534525716,95.82375456162978,72.25267721007546,55.34158415000162,0.002305937170205219,0.002551447995476556,-0.0022154502334928994,0.003976806530907759,-0.0009770170169294268,0.0029539101855573205,-0.0025915002404558463,0.003685047005963865
2016-10-31,69.4298744011681,95.81223977725767,72.26522429882371,55.32988836963596,0.0018797950617746029,0.0025693211216973703,-0.00012016628261735107,0.003921898835058983,0.00017365569322458363,0.0028225773297186093,-0.00021133801182782186,0.0036787636020404746
2016-11-01,69.42803616039939,95.7446919287268,72.34962904401603,54.98976745035991,-2.6476222009241823e-05,0.00250089922860629,-0.0007050022908128284,0.003915630724245942,0.0011679856530064647,0.002705570219662374,-0.0061471463127458215,0.003826938779654472
2016-11-02,69.45504128743681,96.1973095122992,71.43995952901658,55.07022418812885,0.0003889657338864705,0.002492073111675563,0.00472733865924746,0.0038804369284490456,-0.012573243664401157,0.003497598265844394,0.0014631219861325206,0.003844627025226412
2016-11-03,69.72368289655145,96.28972144351678,71.26856147929666,55.41055079170198,0.003867848958621689,0.0025740029197418375,0.0009606498527463536,0.003880079128841651,-0.002399190185015332,0.003510946650788357,0.006179865954613062,0.0040282431215626835
2016-11-04,69.60054021486152,96.0277614432581,71.2026249900812,55.48048445434448,-0.0017661528561626616,0.0025753878664322464,-0.0027205395999857496,0.00390560845492593,-0.0009251833886757543,0.0033424940871214074,0.001262100117094933,0.003891954933455031
2016-11-05,69.71626774207067,96.7762200104514,71.60991876362839,55.68195808183349,0.0016627389220240651,0.0025848939583973485,0.007794189471297397,0.003979388877263821,0.005720207276121103,0.0034984309637644813,0.0036314323760964218,0.003950118170438482
2016-11-06,69.674707592951,96.81058114044944,71.36876066072294,55.9546004707537,-0.0005961327315087139,0.0025766579742977566,0.00035505757503595525,0.003931969778261605,-0.003367663405700383,0.003514659399433573,0.004896422437578707,0.004047036871499182
2016-11-07,69.63026410577056,97.12327837022517,71.44061720240309,56.262791979718216,-0.0006378711689767336,0.0025849973780789786,0.0032299902148307247,0.003929363465402027,0.0010068346572773557,0.003492303213537261,0.0055078850777534605,0.004161915646168876
2016-11-08,69.86119416799737,96.89899149929818,71.84518912423351,56.73137902599765,0.003316518545384506,0.002621191447090442,-0.0023093008668017,0.003963000441885073,0.005663051883835202,0.003613437319356626,0.008328542359724134,0.004399014225572326
2016-11-09,70.03402484024704,97.0539077673911,71.54309330284418,56.59634164589432,0.0024739152301642697,0.0025196839552154094,0.0015987397360481825,0.003960617973543119,-0.004204816287238788,0.003650630050517776,-0.0023802943348414374,0.0043508391948394185
2016-11-10,70.20361105650531,97.18740240282052,71.671891003033,56.40654556415268,0.002421483223977283,0.002422425523455812,0.0013754689378338014,0.003859783230712621,0.0018002814002409107,0.003668779023885297,-0.003353504417814457,0.004389745732236637
2016-11-11,70.47607150379763,96.46426259706548,71.49995887195315,56.59969870463496,0.0038810033158125368,0.0022462293328803667,-0.007440674283666793,0.003991821033052532,-0.0023988781190741326,0.003663084282315344,0.0034243036610459576,0.004424237022809445
2016-11-12,70.47613518418001,97.26024524282792,71.40419421333634,56.773269946419234,9.035745185403954e-07,0.0019027362182357874,0.00825158068213594,0.004242730251562639,-0.0013393666252077274,0.0036188246315200564,0.003066646037994891,0.0043378453481672935
2016-11-13,70.61598209242943,97.77316690885388,71.23468958035791,56.9636128309305,0.0019843157954668733,0.0019039250053994254,0.005273703194407453,0.0042796596288962796,-0.0023738750201703906,0.0036184701506317115,0.0033526848936287212,0.004369215742547294
2016-11-14,70.54495958267098,97.62370060853168,71.08460149033488,57.43897064376239,-0.0010057568790233784,0.0019217678603418587,-0.001528704705469286,0.004295736096713335,-0.002106952257491357,0.00362380587666291,0.008344937921033191,0.004599538542286387
2016-11-15,70.60881800169352,97.20061780452735,71.79522249465478,57.43017391165913,0.0009052158991982306,0.0019217565530012342,-0.004333812397676606,0.004303073662455005,0.009996834608639205,0.003980985304875711,-0.00015314919478304212,0.004596622097608942
2016-11-16,70.57608891070494,97.34720262260336,72.03611416897978,57.52862792482983,-0.0004635269632724537,0.0018759301738834062,0.001508064674761611,0.0042806727098078775,0.00335526050278534,0.0040391752725589,0.0017143255272418223,0.004513021610547559
2016-11-17,70.59173804359448,97.39102774041828,72.34098852760148,57.262562829831545,0.0002217342039076975,0.0018625101802476282,0.00045019391039735623,0.0038593312342782775,0.004232243259353785,0.0040266092666074475,-0.00462491640415863,0.004601893205635564
2016-11-18,70.71281866373103,97.53925101879814,72.4906067260936,57.8021157443129,0.0017152236719513159,0.0018226040109232179,0.0015219397702108672,0.0038399537735985196,0.0020682354711676343,0.004000490381747834,0.009422437414908558,0.004794263546503044
2016-11-19,70.53345939533223,97.6222563954734,72.10713015865439,57.7006811257973,-0.0025364463160735262,0.0018703495278658672,0.0008509946078965047,0.003795507042421762,-0.005290017352016174,0.0040456370283822145,-0.0017548599598722348,0.004809017568902265
2016-11-20,70.97174617862693,97.82741853073723,72.23354599396386,57.607368685826856,0.006213884687523263,0.002088216777518933,0.0021015918176763293,0.003790824056589541,0.0017531669202661693,0.004054404954271589,-0.0016171809093035172,0.004749956201351833
2016-11-21,70.74998880001549,98.3992763186388,72.53071560046334,57.50475859176328,-0.003124586762361825,0.0022182129235116805,0.005845577819493242,0.003896814802788018,0.004114011051379318,0.004133897876502728,-0.0017811973781198809,0.004750072899957758
2016-11-22,70.48634933032629,98.62282229772433,72.33798170569416,57.32577283953824,-0.003726353518364589,0.002314569463756843,0.0022718254386508985,0.0038894349639852265,-0.00265727275918326,0.0041521284480517074,-0.003112538103075768,0.004782608437924487
2016-11-23,70.72723502560096,98.20650374628812,72.60766689452882,57.12656464594755,0.0034174800874675615,0.0023361271187949248,-0.00422132060041247,0.0038582500388825093,0.003728127084494437,0.004195682341638019,-0.0034750197637682945,0.004815817922411496
2016-11-24,70.88952702486435,98.74363715121731,72.81011717671157,56.98207748925219,0.0022946181793286335,0.002351791360134376,0.00546942803622108,0.003935675801220516,0.0027882769250364703,0.00419987983742433,-0.0025292463775976604,0.004220792763984794
2016-11-25,71.01545032818892,99.388251898732,73.30417607195041,56.62285364366315,0.0017763315486700737,0.0023378597103412557,0.006528164913831347,0.003971934924582114,0.0067855802791767506,0.004371809046126877,-0.006304154945154461,0.004403419961148767
2016-11-26,71.14164389537206,100.63157065384608,73.21565238380899,56.415838995584274,0.0017769874949740139,0.0023354234055388886,0.012509715498175034,0.004240504781568735,-0.001207621350992727,0.0043550769267880615,-0.0036560264055508496,0.004441910252928676
2016-11-27,71.13048621722294,100.15693419547723,72.9537173898472,56.90490761171328,-0.00015683750807793384,0.002260996541076142,-0.004716576073342971,0.004388535972648589,-0.00357758191634594,0.004375200140864048,0.0086689948219556,0.0045836079210908424
2016-11-28,70.93059722146579,100.23672272807626,72.8825974807394,57.08474175714338,-0.002810173336179833,0.002316094508845027,0.0007966351330532806,0.004341489995869192,-0.0009748634017886504,0.0043627274539457675,0.0031602572252147354,0.004560510458373473
2016-11-29,70.9397872416181,99.38360565438676,73.27055376334332,57.31299221882154,0.00012956355243454176,0.0023031338291518914,-0.00851102321056374,0.004664276804758147,0.005323030407998752,0.0044515541317308345,0.003998449579560415,0.004542332604198768
2016-11-30,70.78870797854198,99.59385398878824,72.82073855661142,57.605663902247386,-0.0021296830586982063,0.002353061735832427,0.002115523310078249,0.00465986649119978,-0.006139099319281249,0.004612627212120861,0.005106550401493992,0.004589785520904268
2016-12-01,70.989948977617,99.36372685583775,72.31584126283373,58.06843925375651,0.002842840402399016,0.002382787149216153,-0.0023106559665457826,0.004692813547050897,-0.006933427259669722,0.0047916494386035175,0.008033504349405973,0.004520240727042906
2016-12-02,70.95138412497198,100.11881014819846,72.3642817333302,57.59008741496028,-0.0005432438422682262,0.0023936385912292696,0.007599184493715994,0.0047944241322838465,0.0006698459099772069,0.004162524551053221,-0.008237725086872927,0.004879870060765883
2016-12-03,70.76874564102265,99.79158948620729,72.27770806071607,57.25877697949488,-0.002574135602874783,0.0023898589788171744,-0.003268323519894145,0.0048676900035450514,-0.0011963591780427274,0.0041399959813093615,-0.005752907320285328,0.004971064751940713
2016-12-04,70.69493621084617,99.10366315620156,72.30582360489417,57.041078902601534,-0.0010429664890612145,0.0023697879889071046,-0.006893630350489621,0.005040243591249911,0.00038899330004338317,0.004131591148689097,-0.0038020036119756906,0.005050929010906168
2016-12-05,70.77750348085787,98.91012191245603,72.57106380084372,56.91118459868155,0.001167937541742159,0.002363294306759973,-0.001952917153430378,0.004903738491104897,0.0036683102788361843,0.004058895121124016,-0.002277206294463263,0.005057452806470258
2016-12-06,70.65224740004786,98.12376510081025,72.45493466351392,56.82565050759588,-0.001769716006497668,0.002391716121379961,-0.007950215776114211,0.005154197220197752,-0.0016002126915003467,0.004014113866085071,-0.0015029399175017222,0.005010860226328333
2016-12-07,70.47334836914943,98.42157192332796,72.00502266632765,56.70329532861634,-0.0025321067267041197,0.0024462798235296516,0.0030350121829483268,0.005150708322159395,-0.00620954251460859,0.004195522291595271,-0.002153168118386728,0.004943030461463574
2016-12-08,70.52155757980452,97.60868305077756,72.5484618178502,56.75191339270976,0.0006840771975606952,0.002384647216286149,-0.008259255127358256,0.0053706974119112835,0.007547239503566949,0.004292019431232442,0.0008574116162325396,0.004705623939390642
2016-12-09,70.56977073963117,97.62785726579128,72.31975250846304,56.75330631616015,0.0006836655553457138,0.002350956554043032,0.0001964396446547667,0.005364717965913919,-0.003152503907820736,0.004257812982241892,2.454407908247802e-05,0.004683708429605934
2016-12-10,70.45853063614605,96.8243495400162,72.0778155316279,56.56107572072809,-0.001576313800076501,0.0023372840659176943,-0.008230312006003881,0.005575313624897319,-0.0033453789378886656,0.004301574809970187,-0.003387125929918189,0.004684567942558559
2016-12-11,70.3558793224042,96.71593901480254,72.3840777517192,56.0008348342377,-0.0014569039804697148,0.0022426331436820263,-0.0011196617971479528,0.005405568310127471,0.004249049694866391,0.00433433540683306,-0.00990506066851693,0.004981294929639853
2016-12-12,70.40253913611987,97.36839697122927,72.31243752613275,55.74732347130178,0.0006631970798325337,0.002246453543224165,0.006746126471737668,0.0053338056679693505,-0.000989723538817211,0.004329912596752647,-0.004526921137627871,0.0049949987357046
2016-12-13,70.0940844535189,97.5193377516981,72.32269670028512,55.6076664111647,-0.004381300538103927,0.0023477449175761857,0.0015502029936205197,0.005250754546348216,0.00014187288526490427,0.004297971355997068,-0.0025051796470367815,0.004949620648224116
2016-12-14,69.79772511057001,97.1915544181169,72.47117966934886,55.54474954258309,-0.0042280221684815045,0.0024550273820108585,-0.003361213695029397,0.005278853117711442,0.0020530618441825244,0.004277543599887031,-0.0011314423467512214,0.004639123586643002
2016-12-15,69.64900316284313,97.19164854594392,72.77132441803005,55.26165230464184,-0.002130756374814302,0.0024639739274191046,9.684774318063916e-07,0.00521892913673439,0.004141573933950093,0.00395816013219724,-0.0050967416411557,0.004691585556831997
2016-12-16,69.60719134988678,97.2109006451398,72.70965007525409,55.140435741568645,-0.0006003217714199982,0.0024641202991636255,0.00019808388358377726,0.005211438386858995,-0.0008475088679391618,0.003926320435098315,-0.0021935023296980605,0.004659967549502512
2016-12-17,69.67523201481526,97.4067666061126,73.12018242704272,54.86130715259681,0.0009774947618053087,0.0024751451192978405,0.002014855943859528,0.005224260610576595,0.005646187973174621,0.003983007955216946,-0.005062139702342039,0.004671065882519874
2016-12-18,69.98630460257509,96.88442845870128,72.59449132517524,54.83327765728273,0.004464607849367086,0.002604910630547129,-0.005362442113734378,0.005306500391355205,-0.007189411793276035,0.0041992394068295,-0.000510915557227154,0.004205075758699198
2016-12-19,70.16693799565512,97.12932687374638,72.81215117630863,54.57168007704675,0.0025809820093485314,0.0026236676062888755,0.0025277376245191885,0.005326861889921992,0.0029982970768183126,0.004107007314158621,-0.004770781383360068,0.004241153415978161
2016-12-20,70.13260499086579,96.09156368789164,72.62134797313009,54.36781520664998,-0.0004893045894557302,0.00233024472880857,-0.010684344463785744,0.005642246482679957,-0.0026204857306925122,0.004132388019067678,-0.0037357264813717705,0.004254792482935204
2016-12-21,70.12821938006599,95.87225425290003,72.99465624121046,54.05333586035878,-6.253312279458356e-05,0.0022728605771877774,-0.0022822964532446255,0.005516749954045075,0.005140475610814876,0.00417010374029059,-0.005784292510116029,0.004312709887490826
2016-12-22,69.91698877700256,95.70987740089772,73.05290129149432,54.02336523175512,-0.003012062831920015,0.002239130663555963,-0.0016936792950958957,0.005486743281878509,0.0007979358117857771,0.004135439306586002,-0.0005544639960997078,0.004316307487882109
2016-12-23,69.91430956598572,95.97874601336714,72.90243948531305,53.8202550091191,-3.8319885677373655e-05,0.0021291909241545554,0.0028092044391949678,0.0054938565606179575,-0.002059628071182318,0.004106644700662584,-0.00375967364796137,0.004320048487603459
2016-12-24,69.85502801524976,96.01135738944966,73.09425422798935,54.04846562741236,-0.0008479172733588669,0.0020693742842803086,0.0003397770593707161,0.005372088810227485,0.002631115557044428,0.004103252968559374,0.00424023665912765,0.00446455034267218
2016-12-25,69.9243740571416,95.495198764319,73.34414407173111,54.15457723515241,0.0009927136794893876,0.002044606864293801,-0.005376016329370015,0.005240936774757096,0.0034187344324263513,0.003958660204788346,0.001963267717376871,0.0044288041363816765
2016-12-26,69.75211548497248,95.14741696006924,73.52858997092379,54.14439899444254,-0.0024634982363711533,0.0020272712940942847,-0.0036418773797003423,0.004556395488742613,0.0025148006228321584,0.003976964038738346,-0.00018794793034160318,0.004415154992951089
2016-12-27,69.8633025329188,95.2547277104619,73.28200263310278,53.95699297569822,0.0015940311942261864,0.0020669307892011417,0.0011278367171827508,0.0045548197158912,-0.0033536252758079588,0.003969929969476406,-0.0034612263174913505,0.00400110459618776
2016-12-28,70.18632675218717,95.25533349352328,73.17805176970198,54.05727720091877,0.004623660885715752,0.0022314992412151074,6.3596114958652805e-06,0.004542382236375225,-0.0014185046759876974,0.00397511558483507,0.0018585955163534784,0.003952629672400214
2016-12-29,70.16298505951993,95.06542439607826,73.19797671694091,54.23266251453183,-0.0003325675205892997,0.002229675031328492,-0.001993684662895401,0.0043568562320153515,0.0002722803731047829,0.0038532271442065394,0.0032444348419768954,0.003916673588750712
2016-12-30,70.24730366960333,94.91509847691673,73.20827706185763,54.2739278916483,0.00120175346034479,0.0022216778905187924,-0.001581289097655758,0.004303892763080723,0.00014071898403078542,0.0036761808864150484,0.0007608952834541327,0.0037269600549623655
2016-12-31,70.39195618732194,95.21332114835408,73.42122470210228,54.67183091777258,0.0020591896081729733,0.002188374174929545,0.003141994015945615,0.004386903180506836,0.002908791857848536,0.0034514514424159046,0.007331384360436344,0.0036635944553412374
2017-01-01,70.3054587040005,95.0473617439498,72.92282810845336,54.78901226547134,-0.0012287978343896722,0.002194791919997884,-0.00174302715631236,0.004043313777495729,-0.006788181423983408,0.003699347072445904,0.0021433587595593995,0.003542424958233142
2017-01-02,70.35160453373094,95.04662203543224,73.03108512413041,55.017732300540565,0.0006563619750312721,0.0021584420314676067,-7.782525511479399e-06,0.004044173595595143,0.0014845422000919761,0.003695258129213761,0.004174560292508955,0.003609431092169591
2017-01-03,70.35285808317128,95.90438416693875,72.97917623748418,55.05302921828413,1.781834897229828e-05,0.0021527494913399533,0.00902464614877907,0.004359630581425643,-0.0007107779729412789,0.003700333342613446,0.0006415552998577656,0.003595368154598179
2017-01-04,70.37210066536436,95.38310896919027,72.78761906960321,55.2224563689838,0.00027351528732943997,0.002139887592829454,-0.005435363589229691,0.004429368706317916,-0.0026248195410923936,0.0036820508433851665,0.00307752639782799,0.003670913772862809
2017-01-05,70.2074373094552,94.70630542656218,72.62246174706861,55.02556805731992,-0.0023398954181027554,0.002156873689687501,-0.007095633073217478,0.004387005980776854,-0.00226903042915394,0.0036947399213309072,-0.003565366783909729,0.0036999122661784387
2017-01-06,70.21233090767703,95.03910530083242,72.59311444087878,54.91425684008839,6.970199183120585e-05,0.0021120534931423625,0.0035140202415382404,0.00440368437325019,-0.0004041078405196963,0.003500704076817001,-0.002022899920189447,0.0036986683386235905
2017-01-07,70.31696470623419,94.8140577103922,71.70359440893438,55.00339448257605,0.001490248182968612,0.002127727317990693,-0.0023679472752595743,0.0042027586873654346,-0.012253504189696174,0.003923778353706881,0.001623214946661733,0.003714974968017944
2017-01-08,70.62212570380893,94.7283859079038,71.55913440637411,55.09039159035173,0.004339791952761685,0.0022735543003974137,-0.0009035770070097149,0.004197122673493609,-0.0020146828586639076,0.0039015203605042917,0.0015816679787505894,0.003741088340849437
2017-01-09,70.8222849598898,94.46821990414936,71.37232998106734,55.218081693425866,0.002834228707874642,0.00230861943461543,-0.0027464418533149626,0.003985253261277059,-0.002610490286899525,0.0038843014713380907,0.0023178289242093975,0.0037596724159470545
2017-01-10,71.27530104251584,94.40825554704357,71.53926045648392,55.49266077448858,0.006396518876545798,0.002549930969893072,-0.0006347569284849142,0.0039849505635675625,0.002338868234522451,0.0038219689937316506,0.004972629845911625,0.003487807123169435
2017-01-11,71.10354170852803,95.05068823304988,71.37033304988502,55.13645831102633,-0.0024098015929158167,0.0026016876989066054,0.00680483589368075,0.003988795229898905,-0.002361324474435267,0.0038376343572263166,-0.006418911230618107,0.0035827260901504917
2017-01-12,71.28321681315377,95.38861219140944,71.3505347991962,54.896289298944666,0.0025269501393092586,0.0024725005422219968,0.003555197386167386,0.004045834332459397,-0.0002774016855853212,0.003836243506500388,-0.00435590205534897,0.0036364506082583923
2017-01-13,71.31476804344389,95.74746687652812,71.76979265343056,54.955922222062206,0.00044261793589961407,0.002301498166837686,0.0037620285784072394,0.004094708352080591,0.005876029596894927,0.003982744920770647,0.0010862833149396511,0.00364407954488678
2017-01-14,71.77541985389726,95.2316354620249,72.05091140692738,54.77938522009429,0.006459416795308703,0.002463331734250317,-0.005387415785823579,0.004189478378509542,0.0039169508940108955,0.003974277142667702,-0.003212338085321842,0.003575002153963439
2017-01-15,71.59021193561887,94.82449203258308,72.30792735148056,55.61559057239363,-0.0025803808414550655,0.002533382724822201,-0.004275295992413941,0.004236843391094732,0.0035671435591093648,0.004035481097923662,0.015264964163792749,0.004543547846623112
2017-01-16,71.40009986676695,93.7827465629875,72.20919257724988,55.74362766986264,-0.0026555595201043225,0.0026169780154087596,-0.010986037966199902,0.004587335519593297,-0.0013654764815860254,0.0038869167095417264,0.0023021799490261508,0.004441879054329431
2017-01-17,71.26336942358031,93.52364090009722,72.37492339293196,55.72223350263101,-0.0019149895230087255,0.002569271109122481,-0.002762828690629715,0.004531239269614325,0.002295148439788841,0.0036976399862696345,-0.0003837957471718445,0.004440901037938085
2017-01-18,70.8019922323151,93.92837953963505,72.3430715538526,55.59135734883101,-0.006474254515287492,0.002846243812379878,0.004327661280532968,0.004593327450402997,-0.00044009496088082134,0.0036514747070736375,-0.002348724119140444,0.0043622344339702265
2017-01-19,70.68636383578392,94.16586844041758,72.32107862689908,55.4703516452228,-0.0016331234882739354,0.0028648414195705913,0.0025284041090298803,0.004264978037940501,-0.00030400875275449213,0.003623103245453851,-0.0021766999292518463,0.0043175330388785255
2017-01-20,70.52229213555518,94.12359356639362,72.45263070077328,55.47766369213846,-0.0023211223682393367,0.002903197565823938,-0.0004489405208503161,0.0042541375223962155,0.0018190004404230464,0.0035052711278102835,0.00013181901139591723,0.004143783033137095
2017-01-21,70.5522242890095,94.15676105087158,72.32823344126298,55.505370826687226,0.0004244353458731087,0.002839561774733089,0.00035238225848832627,0.004252477143205087,-0.001716946069550751,0.0035096013295558316,0.000499428647581901,0.004135700599224345
2017-01-22,70.62250135245785,93.93859680834024,72.73407200808974,55.390899225597856,0.0009960998984306357,0.002841523550338649,-0.002317032150388809,0.004216242796540113,0.005611067041424889,0.0036553600683923364,-0.002062351793789552,0.00408085111360715
2017-01-23,71.01748509155917,94.05880113927245,72.7184415862527,55.32305155168828,0.005592887982401873,0.0029882155762202198,0.0012796053487733605,0.0042277671069289625,-0.00021489820940190363,0.003619581145455303,-0.001224888471899388,0.004051586583266355
2017-01-24,71.21468074894275,94.38916441948514,72.90110793095437,55.65833232007692,0.0027767198054022835,0.0030148673380883356,0.0035123058789949813,0.004198377174980295,0.002511967263283621,0.0035923022199543823,0.006060417113386896,0.004160264319450176
2017-01-25,71.08475589904032,93.81834147912514,73.29656912429047,56.0038556794165,-0.0018244110418814685,0.0029945610588480217,-0.00604754734159052,0.0042849151411823395,0.005424625284305096,0.0037055100834154997,0.006207935899921857,0.004264024631333742
2017-01-26,70.88746866049861,93.97519788676912,73.58256139080004,56.06418971187306,-0.0027753804039490904,0.0030520330201314508,0.001671916228436876,0.0042930108080216816,0.0039018506585841717,0.003722477646627778,0.0010773192617652416,0.004174914521319882
2017-01-27,70.98783971944775,94.3687305582202,73.23906558243193,55.72228333274368,0.0014159210484696594,0.002956918613064479,0.004187622695141835,0.004375149430609848,-0.004668168678496842,0.0038156050612825807,-0.006098480703752629,0.004384781131237757
2017-01-28,70.70175858389914,94.2515597154474,73.37493271724506,55.855721374956936,-0.004030001993006738,0.0030629206624779204,-0.001241627836675252,0.004367272070817878,0.0018551183542914185,0.0038299183117369187,0.0023946980316014166,0.004372650591979312
2017-01-29,71.08738387967061,94.55632554823266,73.6143183507723,56.24405359318322,0.005454253239173257,0.0032032172447994042,0.003233536226937561,0.004405999138000125,0.0032624988488878515,0.0038735721893099046,0.006952416129753836,0.004505435310717248
2017-01-30,71.33336087006107,95.65876893835784,73.86336648043816,56.5862076563916,0.0034602059741968283,0.0032382429476390563,0.011659118348066766,0.0048728916416016935,0.0033831479424852873,0.0038859941988068185,0.006083381999512527,0.004452309259105805
2017-01-31,71.22567118899958,95.64663256056171,73.59308384699688,56.76672462412521,-0.0015096678433201838,0.0032436595264884976,-0.00012687156578339298,0.0048599630652150765,-0.0036592244074451497,0.0037306439724946574,0.0031901230920043933,0.004464387594961393
2017-02-01,70.85314637683685,95.8250312075988,73.44334380837377,57.12254489575128,-0.005230204306172603,0.0034041140767260207,0.0018651848189650266,0.004868945523345601,-0.002034702594260418,0.003747786054026737,0.006268113476373571,0.0045285141277688025
2017-02-02,71.13717113953813,95.568424403246,73.71959606390823,57.12665272056576,0.004008640084812498,0.003472328456156107,-0.002677868205405276,0.0046061667199438355,0.003761433524258395,0.003799130013047242,7.191249658022869e-05,0.004532398411997761
2017-02-03,71.1069785429568,95.66640773040469,73.5417311826958,57.27848342243821,-0.0004244278497117504,0.0034753717351209503,0.0010252688350835815,0.004498206208154864,-0.002412721863780054,0.0037936089708108574,0.0026577909721952064,0.004527185307228229
2017-02-04,71.36553994845512,95.87034896961116,73.48458004156753,57.092483553626245,0.0036362310816246968,0.003486997014516312,0.0021317957268887078,0.0042997004717395355,-0.0007771253165946845,0.003767774899902795,-0.003247290390707147,0.00451592800975683
2017-02-05,71.0168632088189,95.97100591794045,73.91032591056884,57.15814272536223,-0.004885785771228779,0.0036252350251737967,0.0010499278391193911,0.004261852209417979,0.005793676289100214,0.0038900772088715408,0.0011500493173381976,0.004473840754187072
2017-02-06,70.88440333747572,95.60458428707356,73.91541271133569,57.49030287169291,-0.001865188989743194,0.003641722236288662,-0.003818045120629332,0.004301592575097755,6.882395259633078e-05,0.0030438513692557056,0.005811248065331176,0.0045475399409702424
2017-02-07,70.88174406410177,95.71195481106368,73.74485201886579,57.326040297509486,-3.751563459297724e-05,0.0035599925758435336,0.0011230687815944052,0.004298183078112874,-0.0023075118735520483,0.0030543621468844748,-0.0028572222788603163,0.004615988182132876
2017-02-08,70.88801937906334,96.29923492147888,73.53705214428147,57.09301963281329,8.85321748840262e-05,0.003523134833245497,0.006135911773764269,0.004382398934713095,-0.0028178221109067536,0.003063053961968936,-0.0040648309823402284,0.00471525236843166
2017-02-09,70.78858742304809,96.49406622784204,73.64292500011587,57.10864724047296,-0.0014026623523440973,0.003319546216410961,0.002023186440910152,0.004382410065862551,0.001439721239119951,0.0030538969964783134,0.0002737218623254378,0.004660742519159747
2017-02-10,70.91788973329037,96.88557665744548,73.31883598080694,57.04088977673885,0.0018265982547376325,0.003313416735918992,0.004057352383503021,0.004278736119512709,-0.004400816769681848,0.003151769085168524,-0.0011864659208052908,0.004468735902500508
2017-02-11,70.68689797837578,96.81024309121814,73.27722895264945,57.19840874185729,-0.003257171861476782,0.003324646419123329,-0.0007775519207952053,0.004250195410458648,-0.0005674807517180858,0.003155957628765485,0.0027615096071429424,0.004354242609623502
2017-02-12,70.65453902544147,97.11789381164968,73.38489134961424,57.07171313505536,-0.00045777865290130837,0.003322011191043881,0.0031778736485730263,0.004236059400443452,0.0014692476572000235,0.0030154740747056594,-0.0022150197809474026,0.0044033456368534635
2017-02-13,70.67814144216672,97.24073069400718,73.74005836358022,57.50376603775396,0.00033405379259154877,0.0030706709951413896,0.001264822346700889,0.004089780336662258,0.004839783876955384,0.0030533999995279366,0.0075703510367068905,0.004464555306220563
2017-02-14,70.78519722424024,96.8840582830334,73.93135821834335,57.15820751536403,0.0015146943579595895,0.00306642536379561,-0.0036679322381497625,0.004065712831127699,0.0025942460449368543,0.003027806175585973,-0.0060093198446002916,0.003874515371695628
2017-02-15,70.9335692346364,97.0241240811184,73.76427740207347,57.470899497810514,0.0020960881118425867,0.0030671414285996846,0.0014457053158922761,0.0034119602726482355,-0.0022599451747717936,0.0030535975155076755,0.0054706401064523735,0.00395583258706275
2017-02-16,70.69048352474059,96.6545661237151,74.08744190209731,57.261463928782746,-0.003426948798977314,0.003108203730459122,-0.003808928561873204,0.0034582421080038128,0.00438104339126566,0.003113968885274291,-0.003644202037167421,0.004039775622057357
2017-02-17,70.3631522824261,96.42873622529474,74.0264339800533,56.7882950369231,-0.004630485264681017,0.0029974348970607605,-0.0023364638369107738,0.003458065527175872,-0.0008234583416260044,0.0031199485112546987,-0.0082633041385064,0.00433794724957923
2017-02-18,70.63321957324659,96.52277322575142,73.72341191478898,56.84147320804054,0.0038381920374528367,0.0030729112820639267,0.0009751968566400482,0.0034441631134428372,-0.004093430535178411,0.003239424864805365,0.0009364283798776185,0.004303375948683904
2017-02-19,70.70213415087396,96.6576831441068,73.69836604076202,56.76843143421062,0.0009756680786141558,0.0030466372979814646,0.0013977003959453338,0.0034370099602166774,-0.00033972754890820855,0.00323643202533466,-0.0012850084578664989,0.00431897141021277
2017-02-20,70.54142439442383,96.21678355181042,74.08890097559744,56.47748440248905,-0.0022730538247570653,0.0030760716295173424,-0.004561454174719204,0.0035777993597392757,0.005299098959933746,0.0033176899371010066,-0.005125155378984725,0.004451439835210441
2017-02-21,70.86891323137829,96.64550168761448,74.14857057595012,56.04436086685985,0.004642503887125171,0.0031868564496579104,0.004455752104550514,0.0035926918206568353,0.0008053783976675888,0.003191364183342727,-0.007668959412967635,0.004678471678033182
2017-02-22,70.89044988163384,96.8856856387506,74.1682557421942,56.03892347270526,0.00030389417974063804,0.003015392630360786,0.00248520569444044,0.0036031913219085644,0.0002654827475592203,0.0031880931587016156,-9.701946940754436e-05,0.00466947379645576
2017-02-23,71.13808293826703,96.62937376474062,74.60959494349231,56.28171036836403,0.003493179364028043,0.0030413213068396787,-0.00264550818131859,0.0036300681387004966,0.005950513422240622,0.0033160947732270517,0.004332468945036583,0.004607997131612696
2017-02-24,71.14759062488923,96.0543266543164,74.24900540883085,56.425187648772855,0.00013365115040353537,0.0030224674794253103,-0.005951059062270891,0.0036238398388590823,-0.004833018259039701,0.0033491055686204175,0.002549270082052635,0.004495522128154868
2017-02-25,71.58251299422574,96.02334047882648,73.93075714783161,56.43409530552754,0.00611295991215699,0.0031696515980863386,-0.00032259010675728117,0.003625430981424415,-0.0042862292800677215,0.003390295531688303,0.00015786667489936512,0.0044928887619882524
2017-02-26,71.95143621154527,95.877058075113,73.53081502187281,56.550161344811016,0.00515381762790712,0.003285166344565092,-0.0015234046533273427,0.0035870951106134487,-0.005409685243167206,0.003429211252175011,0.0020566651889271093,0.004340991695447128
2017-02-27,71.88700956686365,95.94683774751913,73.64777499146531,56.53703243483881,-0.0008954184665918019,0.0031859589659450544,0.0007278036457007975,0.0035714486627421147,0.0015906252304929147,0.003424982298589865,-0.00023216397018144264,0.004327946798410311
2017-02-28,72.08636667184054,95.83324058520878,73.7109626823974,56.1671619979359,0.002773200696176703,0.003079747557265191,-0.0011839594193742142,0.0035501509028306173,0.0008579714857563925,0.003376931697277944,-0.006542091457120591,0.004326139674981326
2017-03-01,72.21433807944992,95.0905600793575,74.12883669139032,55.80402370781051,0.0017752511815714023,0.0030384192064154903,-0.007749717126500966,0.003187617429168978,0.005669089017239504,0.0034790006750004218,-0.006465313133299122,0.004320661970390941
2017-03-02,72.49834205520288,94.97656874795406,74.20893082833791,55.75105566516738,0.003932792064652135,0.0030817881180215316,-0.0011987660111404397,0.0031928461772835113,0.0010804720608397211,0.003408101360220273,-0.0009491796312121048,0.004265996112571545
2017-03-03,72.27390877912983,94.89524865164128,74.12035020851968,55.70910248759932,-0.0030957021872606294,0.0029650903288843886,-0.0008562121940685063,0.0031698611306690515,-0.0011936652210114973,0.0033917952891902676,-0.0007525091151641128,0.004064451124209436
2017-03-04,72.40980086392885,95.17132585497092,74.13788781822458,55.921025660665,0.0018802371020822939,0.002907257818946679,0.0029092837339317335,0.0031906211311418606,0.00023660991422147504,0.003328627977223948,0.0038041031645206225,0.004149144817750515
2017-03-05,72.6258961968301,94.9385821497326,74.18542021462059,56.108999318871845,0.002984338174155887,0.0029325317781798785,-0.0024455234089414413,0.003210008641427531,0.0006411350227908397,0.00329266373086302,0.0033614129209196264,0.004170726854375114
2017-03-06,72.22731132859585,95.61126868827168,73.7680401561095,56.25813144157311,-0.0054881920789522365,0.0030875320011337273,0.007085491728517246,0.003454804640921495,-0.005626173678110802,0.003461820849376768,0.0026579002390283435,0.004184660231882378
2017-03-07,71.95853042862109,94.90921479553091,74.48753485465473,56.18267079903119,-0.0037213194708570763,0.00302542186353388,-0.007342794446434153,0.0036914802931664755,0.009753474499561099,0.0037486574499795635,-0.0013413286330046237,0.0041758638688836605
2017-03-08,71.50794113773497,95.44249890237752,74.63766431712463,55.82954080151435,-0.0062617911761424505,0.0032399959355461482,0.005618886511657539,0.0037878355742129634,0.0020154977978912303,0.003761949269482288,-0.00628539000539885,0.0041226104543225775
2017-03-09,71.4431059589012,95.38751024123218,74.70607349271373,55.93099608524644,-0.0009066850171073337,0.003246969434243423,-0.0005761443987504222,0.003782395855609138,0.0009165503263666164,0.0037298893100683518,0.0018172329966457124,0.004137071209693753
2017-03-10,71.5903657014002,95.74666455536236,74.88001457477218,56.06053699170193,0.002061216971497748,0.0032631425811687756,0.0037652132152510287,0.00367059745202216,0.002328339235703636,0.003693122321895991,0.002316084381155159,0.004128119354414485
2017-03-11,71.90547116753966,95.80510904762724,75.07780223901413,55.45460846706153,0.0044015065861480185,0.0033280544110297497,0.0006104076056987484,0.0036502930183921166,0.002641394574575795,0.003708914529553642,-0.010808468080319766,0.004524102864259879
2017-03-12,71.91163924938067,96.26917201337702,75.05132418538314,55.246434619292025,8.578042450535506e-05,0.0033197851085815366,0.004843822739339254,0.003684824154688472,-0.0003526748631599297,0.003590567595916489,-0.003753950366328085,0.0045525479231320835
2017-03-13,72.25316898997082,96.1430584175814,74.89620444039474,55.07581701546869,0.004749297111775741,0.0033316843513143193,-0.0013100101845489043,0.0036889512901819937,-0.002066848875380778,0.003620354534077991,-0.00308830072020172,0.004508514397723241
2017-03-14,71.94172635282278,95.74481567045883,75.06522041598406,55.10727283934649,-0.004310435673641755,0.0034513935652067313,-0.004142189292469456,0.003698262200118222,0.002256669438086556,0.0036287058324732126,0.0005711367635086173,0.004516636625175596
2017-03-15,71.56413565869913,96.31683131489253,75.17723749253949,54.91000800463479,-0.005248563153347763,0.003613356311975491,0.005974377207038417,0.003870304938081856,0.0014922633402616459,0.0035495716786116288,-0.003579651551380292,0.004222920252597982
2017-03-16,71.54504745250765,96.29578409204534,74.97403667506723,54.90361902971425,-0.00026672866255961214,0.0036094097754374786,-0.00021852071501793358,0.003818019839339074,-0.002702956696066794,0.0035811191449126307,-0.00011635356017436482,0.00414362600174285
2017-03-17,71.62049820144874,96.404018999179,75.35784288883806,54.85467458281029,0.0010545908015671124,0.0035971462107601397,0.0011239838602923324,0.003813699147956944,0.005119188332278757,0.0036398615526879803,-0.0008914612145598522,0.003941316862335281
2017-03-18,71.60598332883514,96.90205927364572,75.4438638784208,54.818729574008486,-0.00020266366442711625,0.0035286152503083592,0.005166177506261027,0.0038729427734899248,0.0011415001582466555,0.003574950818557959,-0.0006552770402008523,0.003924144588453827
2017-03-19,71.15451597948366,96.5192756184938,75.6446289523773,54.64554464726872,-0.006304883033003139,0.0036234684595341064,-0.003950211770742285,0.0039187776577063035,0.0026611186600946635,0.003583331690266634,-0.0031592291190541966,0.003723856179590292
2017-03-20,71.13144776249997,96.77004182039305,76.01974933991312,54.49289155719196,-0.0003241989164867176,0.003565684110026421,0.0025980945287078505,0.003943276191867627,0.004958982451642058,0.003544322776419888,-0.0027935139280268473,0.0037097317594308814
2017-03-21,70.84924304196412,96.56021714513082,76.02939952560286,54.2332894639492,-0.003967369277764532,0.003643889465460094,-0.00216828133289082,0.0039563099681943865,0.00012694314008565577,0.003539128641889894,-0.004763962524732324,0.0037600834946982064
2017-03-22,70.98979720949552,96.52968925714208,76.11753920963251,54.33272934875936,0.001983848542293609,0.003632137529925726,-0.00031615388709049785,0.003863323935818472,0.0011592842318841612,0.003447029574381184,0.0018335580561872344,0.0037442915116229734
2017-03-23,71.06512742352315,96.5784305299232,76.33651555717866,54.47852185740658,0.0010611414173409273,0.003539357747362934,0.0005049355608228723,0.0037766343768633574,0.0028768185338081675,0.0034656290980295597,0.002683327533784974,0.003610083239050634
2017-03-24,70.861507747285,96.01927053566956,76.14440683258202,54.294987029492034,-0.0028652545013343467,0.0035800677737908215,-0.005789698498780083,0.003888174308049909,-0.002516603269017925,0.003522050284192649,-0.003368939201304544,0.0036331565846739818
2017-03-25,70.75051859170978,95.7458076676014,76.16187338308706,54.67288723063819,-0.0015662827267386437,0.003528271661709904,-0.002847999849848626,0.0038925739252953545,0.00022938717670273334,0.0033906335497471546,0.0069601306091275905,0.0037953673502695746
2017-03-26,70.52477827800661,96.29148500422616,76.1983141521269,54.59983379784356,-0.0031906524248378476,0.0035701627208843995,0.005699229552892593,0.0038903790649353676,0.00047846471497026144,0.003226896248658877,-0.0013361912365530415,0.00373736261047354
2017-03-27,70.51223164352061,96.65598470963492,75.94608101543204,54.98054266214653,-0.00017790391962013707,0.00335985761674445,0.0037853783789165707,0.003947253383160539,-0.0033102193861045404,0.0031776710374604904,0.006972711047300129,0.004012713185579588
2017-03-28,70.71512256558204,96.65152391219456,76.56682802338422,54.82435875788054,0.00287738619715161,0.0032518144870924536,-4.615128027263271e-05,0.003933862919269939,0.008173522578815318,0.0032148584879226074,-0.0028407123084568386,0.003989447083136569
2017-03-29,70.50545669668446,96.76533981095729,76.18971932291412,54.327920542933214,-0.0029649367955648653,0.0032807250729094757,0.0011775903178321556,0.003936501680056726,-0.0049252229745618825,0.00341239423450473,-0.009055066510485488,0.004245954135005003
2017-03-30,70.61304228988024,96.670218344578,75.84650263678967,54.43245412471513,0.0015259186768850075,0.0032436536831003723,-0.0009830117536414607,0.003934076153417422,-0.004504763755196373,0.0035646022892031415,0.0019241226378121645,0.004167456857857818
2017-03-31,70.5009666048666,97.214476249632,76.2009560635286,54.49898621450975,-0.0015871810841054934,0.0032137367287600406,0.005630047333854193,0.0037441721247862946,0.004673299551283483,0.0035236271455411612,0.0012222871605638286,0.004057039336305822
2017-04-01,70.33435533955183,97.151104180277,76.3941314332196,54.51272040469762,-0.0023632479572737175,0.0030978297556090197,-0.000651878936139827,0.003735711972932372,0.002535078031435045,0.003535821647441054,0.000252008177433094,0.004061242550548059
2017-04-02,70.31406470700982,97.25636549025806,76.12133079471995,54.360404866990194,-0.0002884882138189937,0.003074810679589374,0.0010834803255115322,0.0037235116612519084,-0.003570963284504569,0.0036118959066241737,-0.0027941283534677064,0.004078520024779013
2017-04-03,70.09816369518315,97.71638321457328,76.2867645333986,54.35799286639633,-0.003070523837959138,0.0030525913100649758,0.004729949777542375,0.00377313983313227,0.0021732901533839666,0.0036170329858941576,-4.437054138517471e-05,0.003987952993469121
2017-04-04,69.98575543751348,97.4223140519077,76.68111345692289,54.23899415488954,-0.0016035834855598896,0.00295551913050332,-0.003009415135841076,0.00379167247601785,0.0051692967441507864,0.0036969010470328093,-0.0021891667670524972,0.003909652006222853
2017-04-05,69.73909363635835,98.04239517903645,76.67245229085987,54.17189415883952,-0.0035244572215178405,0.0028786904744664407,0.0063648778327967115,0.0037530125786231485,-0.00011295044728176773,0.003481231354155541,-0.0012371172639816796,0.0038439257701369353
2017-04-06,70.1567324217756,97.44885737369252,77.36942799748479,54.38411613253443,0.005988589235113251,0.003117213183759852,-0.006053889281877112,0.003662341221609296,0.009090301481174956,0.0034273494482204517,0.003917566055058774,0.0039579176394668415
2017-04-07,70.16788817104388,98.09651437217228,76.89678530940716,54.43513013893261,0.000159011813737564,0.0029479642894155874,0.006646122037081925,0.0037125644918529076,-0.006108907617786596,0.0036783455601023213,0.0009380313596318857,0.00384829969072728
2017-04-08,70.02428960606956,97.95646480888128,77.08145601808783,54.59020432740564,-0.002046499741082175,0.0029590282803239093,-0.0014276711480253335,0.003727632779893066,0.0024015400375660967,0.003687151368941162,0.0028487887891006647,0.0038773195915494125
2017-04-09,70.07397517071226,97.86893919197358,77.39272057382439,54.53807870525573,0.0007095475715956923,0.002926207537328942,-0.000893515472189299,0.003700793368366367,0.004038125014964811,0.003720646517322424,-0.0009548530325566018,0.003832367138764939
2017-04-10,70.05479076162851,97.13748971724844,77.6283379131262,54.45925726740948,-0.00027377366614367293,0.002764674370546481,-0.0074737652289289525,0.003993154338304804,0.0030444379982359493,0.003727098360213518,-0.0014452551266470604,0.0033492819552605503
2017-04-11,70.012953432877,96.97628858713792,77.565188232562,54.18211894338968,-0.0005972086747624283,0.0027593813146731803,-0.0016595150912357415,0.003923335816259481,-0.0008134874745724385,0.0037343234140930783,-0.0050889111957398425,0.003401123112904492
2017-04-12,70.14688507319221,96.59001274520188,77.4792547153237,54.098914952066416,0.001912955156842644,0.0026037790290742444,-0.003983198857821391,0.003989814820689543,-0.0011078876902952395,0.0037102583889831657,-0.001535635610895869,0.0033743315974379116
2017-04-13,70.31033827395713,96.3759994945631,77.59333082394387,53.297866322298574,0.0023301562228226214,0.002593343707851695,-0.0022156871560139457,0.003933246905058385,0.0014723439072730216,0.003704859834720306,-0.014807110835357795,0.004246968479393952
2017-04-14,70.20138224705109,96.34586262915788,77.80765554225839,53.16792963117216,-0.0015496444702272072,0.0024569780708462424,-0.0003127009376118206,0.0037809771436655556,0.0027621538608879614,0.003716597667961901,-0.0024379342006052296,0.004229092128315314
2017-04-15,70.08385608093722,96.73808340303344,77.96286801764857,53.16062859190944,-0.0016741289466390974,0.0024630784630687032,0.004070966444976065,0.0038522009267344453,0.0019948226727624085,0.003646811841276431,-0.00013732036047597873,0.004228931607809706
2017-04-16,70.03062700681417,96.8378430705117,78.23662932534735,53.30780007650533,-0.0007595054995487294,0.0024410768390383994,0.0010312346902989766,0.0038514376798459483,0.0035114319760121138,0.0036004264073024486,0.0027684301050248106,0.004286541871160693
2017-04-17,69.55202230947577,96.97552666128608,77.94546336441672,53.25492866386155,-0.0068342197948881855,0.002678932393663957,0.0014217953065531752,0.00374263843656891,-0.003721606662268284,0.003713493674655716,-0.0009918138165128099,0.004286200235867274
2017-04-18,69.24421303133724,96.56779171666602,77.87351512762856,53.3501010705706,-0.004425597817543259,0.0025695282056472767,-0.004204513846510882,0.0037522445286842644,-0.0009230586833742782,0.003719008882963891,0.0017871098337163271,0.00429362898575541
2017-04-19,69.53863598365369,96.2486896505144,77.60811157896,52.838157117657495,0.00425195029919978,0.002735571286381819,-0.0033044357800775526,0.003767313013288686,-0.003408136235196091,0.0037236804137716754,-0.00959593220331334,0.00457355167356496
2017-04-20,69.8903178678929,96.96532218909172,77.4961735289874,52.83861154976041,0.005057359542138373,0.002862927619422559,0.0074456342333539816,0.003993840371453894,-0.001442349874197335,0.003742926241167442,8.600453303087008e-06,0.004521438493985089
2017-04-21,69.84424276631442,96.69755343529248,77.76540273191195,52.453239128157705,-0.000659248705458304,0.0028258697901320687,-0.00276148985796254,0.00402842853152199,0.003474096728451226,0.003777616111878911,-0.007293386603086316,0.004639595268828444
2017-04-22,69.97154849707832,97.35811062348806,77.78658831153523,52.18392334866353,0.0018227090125357837,0.002844095187117295,0.006831167539700145,0.004213536154501621,0.0002724293693470159,0.003756231970126083,-0.005134397493282816,0.004635693828965497
2017-04-23,70.04254367432686,97.27713568182278,78.48798679841455,52.15719004968904,0.001014629213922813,0.002821563353258195,-0.0008317226078721207,0.004061897929628855,0.009016959119870771,0.00400463797163727,-0.0005122899402535408,0.004623666501679336
2017-04-24,70.69470929823,97.29250690909753,78.52725586443403,52.47409043008355,0.009310992857933131,0.0033193118822272844,0.00015801480139199242,0.004014746061898645,0.0005003194453225834,0.004003101738678084,0.0060758714204618425,0.004571535197593963
2017-04-25,70.93283946404925,97.72341833610946,78.5295313326751,52.57754199702261,0.0033684298044807104,0.003319349849254483,0.004429029950009822,0.003964870937724935,2.8976795585666792e-05,0.0040060685737198206,0.0019714789926068566,0.004611769334752144
2017-04-26,70.90465859024624,98.230826784018,78.54461315256626,52.59714279991388,-0.0003972895208472771,0.0033204472433213572,0.005192291229143997,0.004013101101158086,0.00019205284477319395,0.003925976734195626,0.00037279800741507607,0.004356496992604487
2017-04-27,70.70068228199871,98.1926124217456,78.3550974880308,52.60771307978108,-0.002876768780825767,0.003326067114408264,-0.00038902616951841384,0.004015335232907589,-0.0024128410202663986,0.0037424859441953138,0.0002009668074063331,0.004358816695336558
2017-04-28,70.36071680769335,98.04584556070589,78.3266230722724,52.453915568634045,-0.004808517588972716,0.003398941187370572,-0.0014946833312605712,0.004030206875368784,-0.00036340221212471935,0.0035924957188176866,-0.002923478367398258,0.004123208174594765
2017-04-29,70.40685796044944,98.03109232287808,78.6234587624528,52.34142086415071,0.0006557800268323088,0.003388612349197348,-0.00015047285015934442,0.004022886287006776,0.0037897164276634587,0.0034772391274248584,-0.0021446388370404135,0.004084963565438228
2017-04-30,70.25001217828398,98.17095894414363,78.64014714682986,52.45854962261157,-0.0022277060318977027,0.003400356010895706,0.0014267577556403843,0.003908690484271113,0.00021225706220184826,0.003418706909443994,0.0022377833182034568,0.004110684077574373
2017-05-01,69.95431869697349,98.5269660216057,78.40699222698666,52.14740805143174,-0.004209159146621455,0.0034586748110043307,0.003626399103064948,0.0039493237117778695,-0.0029648332092750973,0.0034835347955804448,-0.005931188975261348,0.004186419022508778
2017-05-02,69.82476496908619,98.531177700501,78.14028144393745,52.30399867986766,-0.0018519761224249365,0.0034721999468610436,4.2746458815967614e-05,0.003948378023770704,-0.00340161987437404,0.003476214689136048,0.003002845861130421,0.004256349742176793
2017-05-03,69.6052795549427,98.77762333256278,78.00648384938081,52.229215305968594,-0.0031433749077517392,0.003474282117430834,0.002501194422042552,0.0038853743287891067,-0.0017122742852242467,0.0034986330274078266,-0.0014297831100216207,0.004250039127978775
2017-05-04,69.96619780754433,99.42507973323004,78.01708641854862,52.44027560124472,0.005185213749723472,0.003600484627593617,0.006554686970827506,0.003989720025336761,0.000135919075499924,0.003398618179148024,0.004041038986316359,0.004357073050612355
2017-05-05,70.15742854412136,99.57043763144256,78.33340471631952,52.68306892750811,0.002733187490093991,0.0035705824814095993,0.0014619842257359572,0.0038469490697652423,0.004054474632312122,0.003453973565123553,0.004629901797419622,0.0044812719209779955
2017-05-06,70.16064164361487,99.68684192379165,77.95381393415686,52.30121566774098,4.5798421637988085e-05,0.003399428096623546,0.0011690647858750847,0.003641700078260789,-0.004845835356414474,0.003218598360300148,-0.0072481210290265,0.0045291668298900025
2017-05-07,70.47705201074434,99.07231371472096,77.85754307511321,52.18102140921973,0.004509798652308605,0.0034975091621838655,-0.006164586992739474,0.0036790249874144518,-0.0012349730460263775,0.003001966920501461,-0.0022981159612965874,0.004512756518897015
2017-05-08,70.49615138500066,98.02708415654374,77.88866398395514,51.99740669663249,0.00027100132186852477,0.0034727715614398034,-0.010550168043788388,0.004173625569331012,0.00039971604051136644,0.00297852071769021,-0.0035188025766548225,0.004455468533913984
2017-05-09,70.31664739126438,98.18696846301629,77.38037297299756,51.591422008503805,-0.002546294942484928,0.003507955272785621,0.0016310217512665037,0.004179758038090659,-0.006525866345098441,0.003147330994793103,-0.007807787232492425,0.004594179361120786
2017-05-10,70.64189363290073,98.15579182785196,77.15023785608264,51.37183562938512,0.004625451492682453,0.0036017194201341213,-0.0003175231464251915,0.003928273675819992,-0.002974076087682187,0.0031383486910439994,-0.004256257543792774,0.004614482144209415
2017-05-11,70.75780680564242,97.96006958310916,76.96411340759845,51.957361910520056,0.0016408559677638657,0.003606002952505213,-0.0019939958824443105,0.003934658397968285,-0.002412493514684866,0.0031625916368284296,0.011397807260755455,0.005173562941700002
2017-05-12,70.53855434861312,98.06381627482988,76.74864602032434,52.11824543873975,-0.0030986327435436056,0.003647382890141571,0.0010590712334346275,0.003850229868114409,-0.0027995825292366217,0.003193266243794384,0.0030964529819039743,0.00523759560565999
2017-05-13,70.50078702830776,98.0474596427051,76.80083961900388,52.58550745478053,-0.0005354138691120447,0.003626923259573557,-0.0001667957942705911,0.00381821453637895,0.0006800588855433443,0.0031812637780465423,0.008965421074851987,0.004899946173027802
2017-05-14,70.31840821360011,98.49728365696338,76.75797341813656,52.79700095548292,-0.0025869046629850567,0.0036480398604993307,0.004587819163265117,0.0038829677834225497,-0.0005581475551565962,0.0031270109930041433,0.0040218971146044336,0.004950651238625093
2017-05-15,70.03083123763119,98.53435829134771,76.60946065572264,52.63499682575348,-0.004089640014253049,0.0037137437034676073,0.0003764026073393989,0.0038320564934713605,-0.0019348187009171625,0.003103373054606321,-0.0030684343200864106,0.004977781905737095
2017-05-16,70.23158306941399,98.24277560605752,76.72605934221988,52.55963114513116,0.0028666207188317028,0.0037476517784286855,-0.0029591980944153606,0.0038861837871900554,0.0015219880873620362,0.003033421440676541,-0.0014318549476086684,0.0049469165706845
2017-05-17,70.63870389904076,98.63757025602912,77.18977672147696,52.71424423194792,0.0057968340144689545,0.003649733984571776,0.004018561645231733,0.003936306554830797,0.0060438054975398,0.0032106937866405562,0.002941669936568525,0.004984299832903692
2017-05-18,70.34433408834724,98.55374176557406,77.63011776846966,52.832697295383554,-0.004167259511361432,0.0036379404089399493,-0.0008498637003878651,0.0038424045838352434,0.005704655016448346,0.003390722195130609,0.0022470788524335816,0.004991732736425079
2017-05-19,70.46725090073696,98.7639996255362,77.10177548256442,52.70951636540545,0.0017473591012369116,0.003577869755454964,0.002133433558132003,0.003775349668798288,-0.0068058931390651,0.0035577090643317683,-0.002331528320225873,0.0046931483078591065
2017-05-20,70.33299691999653,98.576038064094,77.25574617808473,52.366056660428136,-0.0019051967974391681,0.0034934187521871753,-0.0019031384123248118,0.0035951605183724327,0.001996979895166451,0.003572082432339383,-0.006516085304146935,0.0048382896331478215
2017-05-21,70.23448510328176,98.32232664565022,77.20470590446139,53.15721406212592,-0.0014006486432937004,0.003502437527079181,-0.0025737635983992257,0.0035893466165079517,-0.0006606663730318596,0.003508733681308432,0.015108210397206445,0.0054142442149494084
2017-05-22,70.11466283240632,98.36045912939382,77.24416892231801,53.13590072542747,-0.0017060318830447452,0.0035050252363113678,0.0003878313811778167,0.0033884213542646115,0.0005111478295825034,0.003510195070000514,-0.00040094909175525384,0.005313669359866313
2017-05-23,69.93879639771963,98.37018728974226,77.13376786153415,53.07057469816628,-0.0025082689922800716,0.0035313412446812595,9.890316123528642e-05,0.003381510527826388,-0.0014292478296308309,0.0030494432160257864,-0.0012294141318643925,0.005320530573978813
2017-05-24,69.95610107743882,98.56359953405592,77.16369021434174,53.11053703715609,0.00024742604406258195,0.0030596514482814086,0.0019661672874931035,0.003393545854378917,0.0003879280584517808,0.003048144730867384,0.0007530036977569932,0.005219153101127165
2017-05-25,69.7887556981903,98.460421017593,77.20257195341615,53.065222003369904,-0.0023921484569768836,0.0029986880470276394,-0.0010468217166447191,0.003317919129594951,0.0005038864648179153,0.00305264221530736,-0.000853221155615258,0.005215584630375671
2017-05-26,69.8536158398873,97.74095923956652,77.04386865003488,53.10745789797093,0.0009293781075205843,0.0030105862320948845,-0.007307116611840692,0.003458473873461935,-0.0020556737860628616,0.0030610336063636025,0.0007959242043376058,0.005216301863236741
2017-05-27,69.85091798760142,97.58256185782348,76.8011670764604,53.42773508564618,-3.86215123360234e-05,0.0029775169348884843,-0.0016205834583105094,0.0034685703912459786,-0.0031501737623915727,0.0030786821655947546,0.006030738437726724,0.005318720396156682
2017-05-28,69.80873429601496,97.904766699402,76.68147498303878,53.4088769594067,-0.0006039103393593592,0.002859400471497681,0.003301869057793061,0.003517133144636559,-0.0015584671168142883,0.003082402580619981,-0.0003529651071535467,0.005281754816057786
2017-05-29,69.62688480387901,97.79757211781468,76.74622707244195,53.14061736281058,-0.0026049676157261503,0.002885302975898844,-0.0010948862369126733,0.003522360134072395,0.0008444293672948966,0.00297957063132657,-0.005022752992915547,0.005359180774372691
2017-05-30,69.51591107469415,97.71151488048524,76.90855446695556,53.11452149295334,-0.0015938344720929365,0.002873505806452972,-0.0008799526968396032,0.00351364781504626,0.002115118888650791,0.0030218367695837105,-0.0004910720114348344,0.0053521571650865215
2017-05-31,69.68374485216371,98.10821738083916,77.13848838247526,53.01621616746574,0.002414321770007888,0.0028204214904706485,0.004059936035575307,0.0035305676937595534,0.0029897053339948965,0.0030657305130731105,-0.0018508182456399291,0.005235554036046926
2017-06-01,69.79765599726977,97.83617410830294,77.00356625476431,53.369114403063385,0.0016346874776567155,0.0028186550132095114,-0.0027728897721196466,0.0035629305436367304,-0.001749089598981568,0.0030271250678629903,0.006656420640864358,0.00533577206185192
2017-06-02,69.60141641610826,97.24242964934204,77.07965414389786,53.66177336212901,-0.002811549734122676,0.002806556647346742,-0.006068762033801911,0.0036781139057848874,0.0009881086400831407,0.0030294873819359546,0.0054836765110126695,0.005390261047831876
2017-06-03,69.63199288034882,97.19570895825704,77.33836336220581,53.69763511989117,0.0004393080746769584,0.0026326881024983594,-0.0004804558180361296,0.0034275347805435767,0.0033563878974467443,0.0031050252651965513,0.0006682924457257489,0.005357918110048551
2017-06-04,69.79862127017901,97.02370057484406,77.65095922628986,53.39835605131254,0.002392986082080384,0.00262051755243787,-0.001769711700820631,0.0034063378633301497,0.004041924996783797,0.003104421044485409,-0.005573412458675819,0.005430037063685859
2017-06-05,69.45762130856713,96.66659931826308,77.62966370292543,53.11504395685076,-0.0048854827703821435,0.0027577396722228446,-0.003680556961497383,0.0034218771670480154,-0.00027424675208931326,0.002982742034055342,-0.005305633270611065,0.005345834673219624
2017-06-06,69.58177575411506,96.62008992347585,77.56454186357281,53.131367427332286,0.001787484846283105,0.00263498416790503,-0.00048113200542110324,0.0032816483830346395,-0.000838878287581224,0.002978576941852293,0.00030732292144541873,0.0053194274853593905
2017-06-07,69.45358446569178,96.83181340300985,77.61188840106131,53.22440812276254,-0.0018423112522490959,0.0026440323003299247,0.0021912987216394786,0.002763925265110133,0.0006104147120700176,0.002980096047442242,0.0017511443792126435,0.005264930061718166
2017-06-08,69.58351450596507,96.84800299600518,77.29471609124802,53.14684096638188,0.0018707463592102513,0.0026487376907665906,0.00016719291342770504,0.0027395527282412023,-0.0040866459552471035,0.0028285582638573397,-0.0014573606192435085,0.00502969002509148
2017-06-09,69.43437971363477,96.98658240313652,77.23999136286416,53.04455938063214,-0.0021432489202239946,0.002494458105865092,0.0014308958661446436,0.0027610684888909063,-0.0007080008977490282,0.002777100182969233,-0.0019245092255707474,0.004963195568762765
2017-06-10,69.06966639432291,97.70845235309028,77.43940510951217,52.9161353532558,-0.005252633073356883,0.0025989474577698965,0.00744298780374808,0.0030906026709921195,0.002581742218369598,0.0027745505017617482,-0.00242105936736714,0.00460065498646962
2017-06-11,68.7461736696176,97.58591598205298,77.61001560804131,52.92429300435346,-0.004683571553081856,0.002662587610166244,-0.001254102056539419,0.003090031055392205,0.00220314836210167,0.0027375865040836374,0.0001541618835767533,0.004577341611678997
2017-06-12,68.7720381163035,97.70724503350432,77.53193377816979,52.37050608811062,0.0003762310730224261,0.002671538055009728,0.0012433049403732799,0.0031006026615355217,-0.0010060792960777665,0.0027484100802886878,-0.010463756524764167,0.004713934252302848
2017-06-13,68.84143793952508,97.51976118855444,77.5870019324522,52.12740942816463,0.0010091284935340727,0.002670374606310616,-0.0019188325787468097,0.002986023551345166,0.0007102641659881836,0.002744196098820992,-0.004641861958274651,0.0047164523690880695
2017-06-14,68.67006697802704,97.20297543657148,77.3586674525449,51.99796371825777,-0.002489357669265835,0.0026158360955514867,-0.003248426248403713,0.0030295542466057617,-0.002942947584262612,0.0027792380484830373,-0.0024832561473296932,0.004706297664544107
2017-06-15,68.81819366042247,96.99197732346084,77.54656929894186,52.29878424760966,0.0021570778785293676,0.002585975818981774,-0.00217069603232789,0.0030103847402585563,0.0024289695335331096,0.0027975448877437616,0.005785236725457832,0.004834195001030664
2017-06-16,68.49079102474602,96.8246897783365,77.52145714243625,52.12406886368212,-0.0047575011528490085,0.002385420798819358,-0.0017247565184329572,0.0028987615805951433,-0.0003238332363718621,0.0025847815073608395,-0.0033407159734410996,0.00483151702487287
2017-06-17,68.4950464330407,96.98398121565752,77.44283549184512,52.184067769727264,6.213110158337365e-05,0.0023173789770889754,0.0016451530873549114,0.0029274139271568684,-0.001014192115180057,0.0023685921145861315,0.0011510787118722554,0.00481520901394118
2017-06-18,68.26404466678846,97.91385075537734,77.34169914973727,52.25464513928056,-0.0033725324425913916,0.002305327365973884,0.009587867275237194,0.0034339160915303427,-0.0013059483355113422,0.0020165640227061037,0.0013524696822166948,0.00481123890684483
2017-06-19,68.14995354972154,97.64308437529344,77.32241439543185,52.57688119246463,-0.0016713207900853622,0.0023027495794446916,-0.002765353195640974,0.0034515115500732725,-0.00024934484912308985,0.0019853737799588557,0.006166648961545507,0.004801376131416168
2017-06-20,68.17982802634872,97.49267880940153,77.19914123130468,52.891051955469415,0.00043836385897710883,0.0023174661677988514,-0.0015403606599913022,0.003433260388814152,-0.0015942746368050598,0.0020038151965902852,0.005975454532092028,0.004050799922162736
2017-06-21,68.02386745390965,97.48185053560572,77.3759048787396,52.89124928589523,-0.0022874884984867005,0.0023261059054708656,-0.00011106755838541371,0.003431138006729898,0.0022897100228784772,0.0020453537449065975,3.730884875929874e-06,0.004050641520633264
2017-06-22,67.96647246688897,97.65009895450824,77.26646637769588,52.79196438717459,-0.0008437477780803837,0.0023088241013615707,0.0017259460912784075,0.0034503574354682585,-0.0014143744259306201,0.002044982377426378,-0.0018771517039419816,0.004058335273825913
2017-06-23,68.19314799165062,97.76536244372645,77.69576049817414,52.6486481556481,0.003335107980954488,0.002429722565557163,0.0011803724773684632,0.0034359915405868997,0.005556021138326317,0.0022780215232931188,-0.0027147357214332146,0.0040805378620248625
2017-06-24,68.0951856426437,98.27875470297886,78.08940910760327,52.60664061446159,-0.001436542407734498,0.002414994382962397,0.005251269431419736,0.0035761418739875712,0.00506653911236743,0.0024431519530328854,-0.0007978845166606297,0.004080283742656679
2017-06-25,68.28664049849593,97.33117278006144,77.83789250992818,52.51920868099017,0.002811576971931018,0.0024853194736531277,-0.009641777877438806,0.0037600649276724168,-0.0032208797652510945,0.0024920417690238133,-0.0016619942359022977,0.004082585636582965
2017-06-26,68.07473379081962,96.41733745448406,77.85106455038509,52.665804367235175,-0.0031031942138224355,0.002517714512774445,-0.009388927508788614,0.004116615033967117,0.0001692240120096944,0.0024036348431016653,0.0027912775140130908,0.003948270879742069
2017-06-27,68.20387841966773,96.2502371639107,77.66789879616611,52.78044433573337,0.0018971007546639829,0.0025672398259114224,-0.0017330938084889613,0.0040631072188450764,-0.0023527713497152325,0.002430805322158357,0.0021767439019599877,0.003977784971990514
2017-06-28,68.51898380408817,96.69843342278344,77.57470989120652,52.9354629395512,0.004620050820006938,0.002723473599678387,0.004656573033783529,0.004171248348170307,-0.0011998381107767297,0.0024473552184775234,0.002937046206579197,0.003922985049226969
2017-06-29,68.02903690003359,96.11439460232954,78.11477170558676,53.249119892788826,-0.007150527880790625,0.0029755439097062177,-0.0060397960937006445,0.004297541431349854,0.006961828347636034,0.0027127360871508025,0.00592527080750771,0.004074135705893886
2017-06-30,67.88776002925313,94.98513830767618,78.02286272676766,53.70759985120892,-0.002076714256414647,0.0029251636644516887,-0.01174908606900793,0.0046673556015751775,-0.0011765889704640209,0.0026886076488309785,0.008610094577021998,0.004341008644254823
2017-07-01,68.02760112856727,95.23963483061466,78.11418676929918,53.74747108033944,0.002059886778616349,0.002938696168004926,0.0026793299191092412,0.004704651386280976,0.001170477977094242,0.0026614536202139334,0.0007423759252132012,0.004180335389548854
2017-07-02,68.00760926755726,95.36764022480926,78.25446140848474,54.0229293217603,-0.0002938786709857366,0.002916663823685592,0.0013440349117492811,0.00461687839493301,0.0017957639320991259,0.0026708299570592266,0.00512504562324656,0.004165320673717988
2017-07-03,68.1049462119877,94.9857896453521,77.9716101956672,53.94554131995164,0.001431265493358147,0.002936375981258389,-0.0040039847746786705,0.0046573627729157244,-0.003614505904539822,0.0027172858062955467,-0.0014325028794299755,0.004175379848344332
2017-07-04,68.0025647150461,94.64888634163589,77.7317486902506,54.24171816370869,-0.0015032901813462063,0.002878871388446245,-0.003546881117418743,0.004681940656738654,-0.0030762671799988706,0.002687672696713253,0.005490293294128312,0.004139782670008336
2017-07-05,68.04195479882429,94.32237003152326,77.39906145351893,54.5077732765977,0.0005792440909140328,0.002787104325742052,-0.0034497638877023507,0.004677257189509865,-0.004279940208953503,0.0028008459688642993,0.004904990510920415,0.004062406606267062
2017-07-06,68.03168558135326,94.40766077681704,77.15711927887166,54.76066322322705,-0.00015092478605882587,0.0027500933663217337,0.0009042472667435408,0.00468741750082366,-0.003125905793994188,0.0028524301949438688,0.004639520777083739,0.004118288292994353
2017-07-07,68.29163813700816,94.213989048967,76.38745121037115,54.78802873238877,0.0038210512268441743,0.002864322661126286,-0.002051440807413818,0.004659184198259531,-0.009975334430497251,0.0033616529640462067,0.0004997293230390998,0.004116917859900482
2017-07-08,68.36372293285454,94.4447837880304,76.53895511129066,54.62728733303938,0.0010555435162027393,0.002844281247485121,0.002449686521005523,0.004695749404097412,0.001983361121740579,0.003322299345130015,-0.0029338781311977202,0.004155628261056816
2017-07-09,68.4524899246324,93.4089217195168,77.09404896432673,54.28938942216678,0.0012984516929401835,0.002848686708993592,-0.010967911905420569,0.00502434924898695,0.007252435733267282,0.0035969595437178713,-0.00618551510369858,0.004325701896391344
2017-07-10,68.38689240386847,93.14055946299509,77.13453917902041,54.286324261912206,-0.0009582926908305867,0.002704349100416034,-0.0028729831324628696,0.004755420241500648,0.0005252054501951875,0.0035643896367836157,-5.645965606160264e-05,0.004286681861726226
2017-07-11,68.30630874253585,92.77519588062506,76.75252480419107,54.66755680618874,-0.0011783495126043153,0.002582641266657777,-0.003922711914943755,0.004773964977401192,-0.004952572205594308,0.003641782866849188,0.007022625853930098,0.004428675525225385
2017-07-12,68.23768987520977,92.7374290418784,76.58316558876507,54.596035199155786,-0.001004575837712518,0.0025841239189362884,-0.00040707905155223933,0.004748646008728346,-0.002206562140568802,0.003655652015621461,-0.001308300776757254,0.0038873990175619807
2017-07-13,68.33894698071401,92.59555122573322,76.46481451020712,54.79401561111309,0.001483888239613984,0.0025935799294423663,-0.0015298873131485147,0.00474863708181936,-0.0015453928764641578,0.0036551433334891543,0.003626278194654775,0.0037347018927584843
2017-07-14,68.27252315477966,92.95001718105908,76.19807078434712,55.00613677644498,-0.000971976140532238,0.002562832897031104,0.0038281099970098875,0.004844614818042684,-0.003488450571267454,0.003669153225241084,0.0038712469412238715,0.0036706088509610517
2017-07-15,68.35223238072913,92.31462801941764,76.43512257992269,54.93879389896637,0.001167515455211321,0.002537824389905236,-0.006835815429745984,0.004941490901118018,0.0031109947159484452,0.0036899632626754613,-0.0012242793518169037,0.003636580157175816
2017-07-16,68.79768343881993,92.39284434391084,76.6577892069888,55.26747346433888,0.006516993557863504,0.0026743479582909606,0.0008472798533807335,0.004962137220056885,0.002913145417321461,0.0037414882733874592,0.005982649818941477,0.003593563241651836
2017-07-17,68.99445797902086,92.65995957615806,76.35203748985481,54.54553169437661,0.002860191366413023,0.0027194983190153826,0.0028910813834559512,0.004994895117103445,-0.003988527719060664,0.0037982178654298172,-0.013062688136596168,0.004521181609599084
2017-07-18,68.9426873255155,93.40660030679317,76.55242320965297,54.250776273270986,-0.0007503595944056141,0.0026401767828870466,0.008057857288632064,0.004884290465286753,0.0026244973465807675,0.003835838844961668,-0.005403841743759408,0.00469308206396106
2017-07-19,69.20722738233485,93.27861299139934,76.96665636383244,54.0341919754396,0.0038371010339401934,0.0026870931252798115,-0.0013702170400533564,0.004879038154724011,0.005411104401555233,0.0039768103240158895,-0.00399228016094022,0.004693422413673263
2017-07-20,69.13686787833404,93.4528316366432,77.48120735813393,53.842968272584166,-0.0010166496572981965,0.002701648984916056,0.0018677233682700134,0.004917866757150882,0.0066853754419202716,0.004156099509154765,-0.0035389388804472066,0.00466155028303923
2017-07-21,68.72901635917344,92.83017965093448,78.25631336945881,53.93353965594003,-0.005899189993366916,0.002901746945662661,-0.006662740708913595,0.005003474481867507,0.010003793664987493,0.004517272447983607,0.0016821394930781608,0.004664152861845107
2017-07-22,68.53879375689816,91.99910764781536,78.00132704147971,54.01255899591444,-0.0027677189686695636,0.0029498542435039323,-0.008952605782345358,0.005135597687761929,-0.0032583483299969407,0.004555017173933575,0.001465124308148491,0.004641290860427044
2017-07-23,68.17305414380455,92.37424938352795,78.76647957927028,54.11653668037793,-0.005336242338767394,0.0030632124436865624,0.004077667113345118,0.005223420465070687,0.0098094810282352,0.004783884317080364,0.0019250649551960652,0.004598180154099422
2017-07-24,68.12252005844461,92.43328185306372,78.65691988659343,54.26936889388287,-0.0007412618665043613,0.003054628454599317,0.0006390576370549628,0.005072102499438391,-0.0013909431177077103,0.004714584970049692,0.0028241314555583763,0.0045988716011777335
2017-07-25,68.14800866690253,92.92961989446448,78.48282782399276,54.04420886788984,0.0003741583317242725,0.003009846506499174,0.005369689698887514,0.0050355608054780876,-0.002213308922491053,0.004692528128005209,-0.004148933930543719,0.004671251151274841
2017-07-26,68.51234410435265,92.47543910437614,78.56312106619436,53.7560081503824,0.0053462374701356286,0.003109271116442277,-0.0048873630453254435,0.004857183643310628,0.0010230676496731927,0.004694386247477028,-0.005332684547421973,0.004795561157742162
2017-07-27,68.59879608449657,92.72803747918248,78.39292626557572,53.86144634127516,0.001261845310857268,0.003099591691913962,0.0027315185226775007,0.004914025019267867,-0.0021663446959448995,0.00469085618721356,0.0019614215139971414,0.0047934266218881425
2017-07-28,68.5724327168877,93.47933532637784,78.49367128112243,53.71771437403403,-0.0003843123948763516,0.002985929685744684,0.008102164864257189,0.005093352360529685,0.0012851289057052018,0.004685022406043728,-0.0026685500855365696,0.004811919765662701
2017-07-29,68.7619952736886,93.68787178767526,78.12151039249649,53.34785635365598,0.0027644134718616264,0.0026986053443707686,0.0022308295257913446,0.0050411811899076,-0.004741285285192687,0.004606662449291601,-0.006885215141559264,0.004881802775525746
2017-07-30,68.3235966917011,93.8413065554699,78.04972858434792,53.59272369530844,-0.0063755942543926025,0.0029361785344529973,0.001637722843596645,0.0046168371436625345,-0.0009188481864716991,0.0046046070349203775,0.004590012765071094,0.004690831087387534
2017-07-31,68.3925397378021,93.89296816940788,78.39502736470841,53.93960208760132,0.0010090664051556342,0.0029196633013375698,0.0005505210427503293,0.004584224942596989,0.004424086881831046,0.004670443241610686,0.006472490449729529,0.0048389808159464585
2017-08-01,68.57094134996294,93.35100369521992,78.37079464828555,54.326193858688576,0.0026084952078806456,0.002951250053409132,-0.005772151895444555,0.004670716288810267,-0.00030911037647995965,0.00466035819083989,0.007167123154883548,0.00492525777250684
2017-08-02,68.2858831647305,93.90999935372088,78.40129637572679,54.37850073927103,-0.004157128072335925,0.003050717531021096,0.005988105498319296,0.0047820452080092725,0.00038919762876110653,0.0046085425312957715,0.000962829840767343,0.004917317078254513
2017-08-03,68.54120202054757,93.72844568804815,78.52317528967936,54.53798276525161,0.0037389698131478077,0.0031057729357029684,-0.0019332729945922278,0.004754056310016271,0.0015545522789379707,0.004572662109500078,0.002932813957950975,0.004845485861713749
2017-08-04,68.63018469160237,93.96712417507214,78.83545095935138,54.879643236302165,0.0012982362204285725,0.003111029730234388,0.0025464893317272974,0.004743745211055517,0.003976859933643828,0.004532827483685424,0.006264633448603396,0.0048971618995205125
2017-08-05,68.56351432344535,93.42707581217402,78.3668226975595,54.72486861850115,-0.0009714438108626711,0.0031186522829961412,-0.005747205393792254,0.0048487473275896815,-0.005944384868598163,0.004641124025354016,-0.002820255538735661,0.004855186910914431
2017-08-06,68.71298304287889,93.03854449854369,78.5190254547344,55.00285440646349,0.00218000376597427,0.0030680975260695847,-0.004158658614248467,0.004889537126993599,0.001942183591675084,0.0042000839724320276,0.005079697676393602,0.004942991785987519
2017-08-07,69.19942705997612,93.6282810493842,78.43604867706323,55.07398342086169,0.007079361069125323,0.0033127335047078714,0.006338626147034621,0.005017751390779815,-0.0010567728928195796,0.004210364294916167,0.0012931876929980213,0.004912433504897125
2017-08-08,69.25235133948208,93.5487285739181,78.4732139802704,55.30301129570429,0.0007648080591777795,0.003309231423100241,-0.0008496628857699307,0.004596778895364906,0.00047382936588502567,0.0040316323146096745,0.0041585492934554935,0.004804580472112361
2017-08-09,69.3187747201469,94.1437777044102,78.75550494752632,55.350650293163696,0.0009591498249528208,0.0033007462911469328,0.006360846796778397,0.004701561677663573,0.003597290756141236,0.004068538192954373,0.0008614177843713211,0.0048029938663723465
2017-08-10,69.23769492209436,94.1603056536498,78.41529437701928,55.674586963180886,-0.0011696657706353752,0.003300598355273881,0.0001755607183249186,0.004631614978481068,-0.0043198322546940116,0.004039755202810452,0.005852445604549672,0.0047540301380211486
2017-08-11,69.07620236062155,93.512434055073,78.12909200055029,55.729861182782535,-0.0023324370006038153,0.0033296474568044053,-0.0068805171571963974,0.004822412360896295,-0.00364982850275275,0.00408418987255883,0.0009928087951187603,0.0047403963272577105
2017-08-12,69.26442285558004,93.89774033823826,77.59387860795822,55.356670279908,0.002724824013570659,0.003351055067649463,0.004120374868419541,0.004859134844484533,-0.006850372619053302,0.004293116613687868,-0.006696426205881734,0.00489258635975744
2017-08-13,69.10146543402558,93.72442839106354,77.44301145194866,55.71939616929914,-0.002352685763284623,0.0033806642045221677,-0.0018457520548462725,0.004834563362780039,-0.0019443177569690162,0.0042527456393926764,0.006552523617425532,0.004982747379261999
2017-08-14,69.13236286681358,94.0361696211286,77.80311552462454,55.480847391266266,0.0004471313682556932,0.003377639622384618,0.003326147039961924,0.004671477729747408,0.00464992342013093,0.004293797004798051,-0.004281252031304472,0.005048809477146187
2017-08-15,69.04919260891631,94.0927139938413,77.7670094022949,55.79405387659312,-0.0012030582269767498,0.003182720756858225,0.0006013045080475177,0.0046712929723596065,-0.00046407039211959766,0.004275302163552212,0.005645308246970959,0.005036167869049809
2017-08-16,69.16490122835611,93.55850986128752,77.39930701166003,55.77001711782253,0.0016757418163475535,0.003154865137688004,-0.005677422936155807,0.004788038297584667,-0.004728256795021202,0.004304046017641458,-0.00043081219414076166,0.00436072761858096
2017-08-17,69.24989029768919,93.67133139708002,77.26770186877624,56.063913340649485,0.0012287889930251428,0.0031574419674108537,0.0012058928253535495,0.004565066387325033,-0.001700340067178674,0.004301584713893558,0.00526978900160735,0.004275973771019001
2017-08-18,69.48066519721489,94.54458871189335,76.86635527129322,56.34730878852236,0.003332494803004682,0.0031384263819922618,0.00932256755390326,0.004854232256259975,-0.005194234949094656,0.004304456707654716,0.005054863832835599,0.004222764552609973
2017-08-19,69.38806966844798,94.773626614504,76.56779476187737,56.45187609710962,-0.001332680516285878,0.0031429566031720476,0.00242253846286844,0.004860829441908567,-0.003884150723188373,0.004165791516107065,0.001855764025566975,0.004118466171801427
2017-08-20,69.3462685347153,94.79237863813908,76.67845879515227,56.57596454433117,-0.000602425372724924,0.002934709240175467,0.0001978612015276493,0.004670904716184363,0.0014453078297351762,0.0036962729098601035,0.0021981279596110515,0.004119955805346423
2017-08-21,69.15734569370018,95.2405261014573,76.36909215815102,56.67775568497558,-0.0027243404008183703,0.002933154768058163,0.004727673994013637,0.00435214777871618,-0.0040345964415863245,0.003717656576853864,0.0017991940829333863,0.004120019344527438
2017-08-22,69.0811712599169,95.35713887549592,76.67454576057658,56.15773897169771,-0.001101465549598446,0.0027484567956014214,0.001224402875666497,0.004317317013304342,0.003999701892396512,0.0032765848247973284,-0.00917497009176238,0.0045655477533850354
2017-08-23,69.17591638702008,95.47237302245036,76.66125042547434,56.18423329935544,0.0013715043531428162,0.002744081409321373,0.00120844803350173,0.004316613568175591,-0.00017339959396378557,0.0032777275639678393,0.00047178408787229564,0.00455768514741581
2017-08-24,69.3489713843359,95.08977038840678,76.69015304935375,55.89850360512481,0.0025016654112339776,0.0027676984949893185,-0.004007469615881498,0.004335338487090549,0.00037701738125850426,0.003274722017511094,-0.005085585002259196,0.0045983804350583635
2017-08-25,69.17195600510344,95.2165180931248,76.62119519850447,55.939626682338535,-0.002552530710966505,0.002673356535330789,0.0013329268143178474,0.004201865886951922,-0.0008991747715630938,0.003257294199485042,0.0007356740263428918,0.004434599581833029
2017-08-26,69.36847738912883,95.64755155712535,76.8347828174914,55.6497493959146,0.0028410557598066433,0.0027078086823067197,0.004526876981355121,0.0042402426824238145,0.0027875787950526476,0.0033122562565509237,-0.005181966766958368,0.0045890418899246915
2017-08-27,69.66537937237025,95.3604171038514,77.05014281246008,55.352470315875344,0.004280070637501909,0.0027951772271797813,-0.0030020052641124284,0.004084536521823841,0.0028028971654703305,0.0033543729009000976,-0.005341966195108849,0.004689592603232105
2017-08-28,69.76460675196817,95.9391769690853,77.14364907439588,55.75334983414438,0.001424342772434084,0.0027688386163349124,0.0060691834496025,0.004193695154712452,0.0012135767504466433,0.003276959018407048,0.007242305826304918,0.004577375191626433
2017-08-29,70.1695954541265,95.93406758013474,77.2986216182289,56.0205522783061,0.005805073962477314,0.0026168200847634013,-5.325654348908859e-05,0.004193415889528815,0.002008882723237182,0.0033049000863977613,0.00479258098314439,0.004582265851175413
2017-08-30,70.01616200323313,95.62355239410203,77.24257197905094,56.01689755237116,-0.0021866087427234726,0.002676273247441966,-0.0032367561791678545,0.004255981504870275,-0.0007251052865443475,0.00318159267668694,-6.52390200792663e-05,0.004491607091165331
2017-08-31,69.76527374035906,96.03818998922628,77.39096337974786,56.06088662104658,-0.003583290710257536,0.0027680444165030585,0.004336145068271069,0.004130952190565578,0.0019211090062765113,0.003211843828986459,0.00078528213088358,0.0043516342271357495
2017-09-01,69.40529697487405,95.95725086902544,77.3001506631712,55.99551162747294,-0.005159827320748711,0.002832512246209298,-0.0008427805668757005,0.004030992664132357,-0.0011734279121330404,0.0032110346570195397,-0.0011661426979481249,0.004370548631303218
2017-09-02,69.731573721586,96.27878377397953,77.30220848681175,56.13664919529239,0.004701035236980067,0.0028750352529505825,0.0033507932130418805,0.004026185818980808,2.662121125118766e-05,0.003189922772350719,0.0025205157291607883,0.004364861813930177
2017-09-03,69.88107422678316,96.19346047777584,77.22938490457102,55.96261260124305,0.002143942796903664,0.0028864632934476908,-0.0008862107814322506,0.004026648980317395,-0.0009420634114633009,0.003075312575587052,-0.0031002312489990524,0.004307851361411312
2017-09-04,69.88105416844039,96.19829851614485,77.1078870293649,56.210599914652974,-2.8703540966290575e-07,0.002873575834526585,5.029487810270794e-05,0.003836800831481891,-0.0015732078580743547,0.002916819445065337,0.004431303362781414,0.004309249975496189
2017-09-05,69.95142062075176,96.4160529693438,76.92497944794275,56.14291323409544,0.001006946062115377,0.0028598271044269715,0.002263599840722774,0.003717397710030567,-0.0023720995149627555,0.0028967302594779874,-0.0012041622160288146,0.0042515292629682405
2017-09-06,69.72646437853055,96.55406437149009,77.05541212450143,56.03356036255929,-0.003215892403970355,0.002666628940221008,0.0014314151834255995,0.0035890567771502155,0.0016955828587117416,0.0029277852559919364,-0.0019477591246500614,0.004276848819788691
2017-09-07,70.25086997022844,95.80790827908118,77.4124352680983,56.03637612444056,0.007520897500997492,0.002978136538626078,-0.007727857933955917,0.00391804828523001,0.004633329882397064,0.003074595302520275,5.025134692582256e-05,0.004223918014294696
2017-09-08,70.2873607834825,95.40974529116718,77.73059640842689,55.8846383356366,0.0005194357489028967,0.002976786842444281,-0.004155846788285733,0.003873869834357723,0.004109948734033697,0.0030991863469211796,-0.0027078444271091406,0.004261963752162416
2017-09-09,70.3194735818879,95.79966848918734,77.38717346154435,55.96548193526617,0.0004568787054664014,0.0029607199729131065,0.004086827785046543,0.00392964002096137,-0.004418117996651705,0.003103487021379792,0.0014466157791703793,0.0041392076476372535
2017-09-10,70.48144423062242,95.7806898607186,77.73750508852832,55.82788432353709,0.00230335411350735,0.0029274386974456426,-0.00019810745452508716,0.003673004369433868,0.004526998613769706,0.003169780943387465,-0.0024586156854368157,0.004163787228233449
2017-09-11,70.59093405813623,95.61189123393471,77.64941177979365,55.94410050793905,0.0015534560721479629,0.0029069047483762447,-0.0017623450721574452,0.003646880709861409,-0.001133215024515466,0.00291550115243349,0.00208168706033085,0.003976325441204318
2017-09-12,70.64540927021659,95.12574371122278,77.81187761106185,56.248089212988326,0.0007717026670237548,0.0028515551747087674,-0.005084592684423184,0.0037680053740894734,0.0020922995750300988,0.0029144867964716195,0.005433793774307638,0.003921106039572503
2017-09-13,70.48460272141538,94.75281428840027,77.56306002796498,56.06215963584999,-0.002276249093357552,0.0029040910294793557,-0.0039203837812257225,0.0038127039190281545,-0.003197681263271468,0.0028492827250147755,-0.003305526991935648,0.0038854895988262405
2017-09-14,70.59217852115671,94.0278513400168,77.60156766852398,56.02641883842501,0.0015262311992665367,0.0028867372169531385,-0.0076510967386879125,0.00407585641940567,0.0004964688157624852,0.002850436434707169,-0.0006375208814132227,0.0037577198085190127
2017-09-15,70.99792212009326,94.03760340252992,77.68648740960568,56.14013488112348,0.005747713237309382,0.0030246419204721106,0.0001037146161924074,0.0039330696172344215,0.0010943044532867319,0.002717228346769202,0.0020296860848167952,0.003771536462001318
2017-09-16,71.28886427273434,93.8602818975924,77.2819155680775,56.02678925655326,0.004097896726455552,0.003080993202007499,-0.001885644662577124,0.003945682866729483,-0.005207750472679518,0.002869741565901514,-0.002018976705528641,0.003668879521112652
2017-09-17,71.63195429728893,93.54676317823338,77.44871649017412,56.14126395421815,0.0048126734526448,0.0031315296662231145,-0.0033402703787006605,0.0035828998424960448,0.0021583435253968997,0.002720007105761375,0.002043213598064586,0.0035650922122691282
2017-09-18,71.52205144858299,93.57344109967998,77.8145908749489,56.27834259614606,-0.0015342712590225016,0.0031369674605108326,0.00028518273150490714,0.0035469914584029807,0.0047240858384167694,0.0027223303368678078,0.002441673597511018,0.0035778482269567145
2017-09-19,71.31049800290305,93.76162987895653,77.76525977212172,56.54867021060618,-0.0029578772056338964,0.0032075284531683295,0.00201113453844326,0.003573211851227825,-0.0006339569773804454,0.002725010434298432,0.004803403973709708,0.0036659949667049193
2017-09-20,71.28591749098334,94.59699614258224,78.13413285538306,56.38890851912588,-0.0003446969605892525,0.003142644180191333,0.008909468240944074,0.0038493532516385475,0.004743417360685953,0.0026954451802848204,-0.0028252068684426757,0.0036844934380881006
2017-09-21,71.30037910736372,94.06780631711592,78.0780793759179,56.14504290160615,0.00020286778776767989,0.0031212928033038274,-0.005594150417511101,0.003960885479238074,-0.0007174006726217153,0.002637226255798375,-0.004324708952949674,0.003368292357753361
2017-09-22,71.53691046057715,94.55169767794357,78.3065563489285,56.064088658771496,0.0033173926446765645,0.0031481090153221507,0.005144069791490402,0.004080930855202413,0.0029262627210713266,0.002666110360903034,-0.0014418769431974177,0.003377118229773991
2017-09-23,71.17452895675005,94.9630737810858,77.6930604417726,55.81715361366261,-0.005065657735202289,0.003331737526830826,0.004350806101265814,0.004105383481190594,-0.007834540755721653,0.003089536032427449,-0.004404513673839094,0.0033443400075056137
2017-09-24,71.50457923066311,94.70678123309456,78.35019696341521,55.95755398296148,0.004637196462706772,0.0033355039863606807,-0.0026988653356151415,0.004124960586984615,0.008458110903419858,0.0034060343714974435,0.0025153623968474648,0.0033742815725650685
2017-09-25,71.47183642443392,94.82576345253965,78.75459083703646,55.66283979913272,-0.000457912018803297,0.0033308953313422353,0.0012563220700347877,0.004038847486366895,0.005161363842008937,0.0034817405158193327,-0.005266745289089991,0.003378817575845424
2017-09-26,71.38173287712239,94.69312026499618,78.66726902973956,56.24670046122654,-0.0012606860522856866,0.0032962713673206244,-0.0013988095926046329,0.004012103198053338,-0.0011087837085915764,0.0034785073760093322,0.010489235982223732,0.003731442520309192
2017-09-27,71.16710410911668,94.8056143112619,78.11615848332829,56.57090681002995,-0.003006774413492841,0.0033666384987061718,0.001187985420175286,0.0038434242907292976,-0.007005588896227266,0.0037496452770434787,0.005764006530959209,0.003648740304275819
2017-09-28,70.81746032400991,95.41907765687382,78.19119045969991,56.56844917762141,-0.004912997226508953,0.00337151824559903,0.006470749122492014,0.00404248871877355,0.0009605180007363767,0.003739240683937244,-4.3443397801601336e-05,0.0035578757611194594
2017-09-29,70.99851366788508,95.68582617696156,77.79177117577179,56.78360963527678,0.002556620119484654,0.003361513072095041,0.0027955470398377535,0.004034781698069092,-0.005108238940728094,0.0038677193684809527,0.003803541740728722,0.003612725415237949
2017-09-30,71.01906973511926,95.91366600611482,77.91180502564808,56.35848194806696,0.0002895281347767842,0.00327370309702975,0.0023811241252378323,0.003978217633954518,0.0015430147438739716,0.003862676772094037,-0.007486802792926239,0.003891897683416981
2017-10-01,70.74906994197201,95.7796662457161,78.02205716036582,56.99401138360821,-0.003801792872735077,0.003199881455751501,-0.001397087255430085,0.003983379775522666,0.0014150889545101464,0.003859136572025255,0.011276553476491369,0.004375973301905247
2017-10-02,70.480961013287,95.24345017424992,77.762185785858,56.83453700498042,-0.003789575310387927,0.0032041895003582653,-0.0055984332842689,0.004054071123214393,-0.0033307424075436076,0.003916110797731498,-0.0027980900932629282,0.0044030771593471935
2017-10-03,70.41863392422883,95.20133214102086,78.06655672960751,56.79655106569786,-0.0008843109991990561,0.0031937781598531394,-0.0004422144845865894,0.004052865368359483,0.003914125364064436,0.003967087434318914,-0.0006683601430451658,0.004358166026223326
2017-10-04,70.7803682205246,95.69852549217848,78.28361299228077,56.31525891746976,0.005136911583445203,0.0033147482766489674,0.005222546155353447,0.0041780157467656955,0.0027804001068607587,0.003973287670460977,-0.00847396785891763,0.00458784193811069
2017-10-05,70.73191698630144,95.14710734884233,78.54626622989574,56.434321152571286,-0.0006845292761432642,0.003319007919772303,-0.005762033850576054,0.0042730007496805085,0.003355149661281809,0.003967512052918763,0.002114209139586931,0.004596004285256115
2017-10-06,70.42000565931481,94.78380384652534,78.54195322141595,56.14851046188427,-0.004409767757984517,0.00337031245930216,-0.0038183347075910756,0.0043014292528791775,-5.49104201486017e-05,0.003965283821578242,-0.005064483542104092,0.004680278355079894
2017-10-07,70.37734481439468,94.87324823560763,78.14616222649639,56.17097841641242,-0.0006058057581892484,0.003087601037287581,0.0009436674352838459,0.004092760058195139,-0.005039230356339575,0.004022612465042384,0.00040015228085876764,0.004680640505469901
2017-10-08,70.32935379984804,94.5403642197988,78.41012596574537,56.03006086342968,-0.0006819099906824055,0.0030892881390155395,-0.003508723712949635,0.004073498773994011,0.0033778208900894224,0.004001004246746281,-0.002508725269801615,0.004676674954583533
2017-10-09,69.77030373335515,94.28447497498966,78.33039514873789,55.7557830051593,-0.007949028908809552,0.003412970082433588,-0.002706666585440831,0.004009719461816445,-0.0010168433735497917,0.003909912147451396,-0.004895191153529543,0.004756228649218445
2017-10-10,69.77276122674697,94.17084947079591,77.94452270787923,55.55297205266303,3.522262711097568e-05,0.003379283142273248,-0.0012051348244118687,0.004011116308853193,-0.0049262159360481395,0.00394752752623125,-0.003637487298447706,0.004781070949218688
2017-10-11,69.73826760305579,93.703610989595,78.311588762215,55.60955396731552,-0.0004943709133006235,0.0033605298231368266,-0.004961604188839841,0.004086093094222649,0.004709324550122185,0.00402808234702065,0.0010185218281184572,0.004767853678106843
2017-10-12,69.89804301859164,93.3898299490782,78.8824012627892,55.28869591781351,0.002291072334134725,0.0033901088464520323,-0.0033486547338249517,0.0040332791112410275,0.007288991445537185,0.0042155934258608346,-0.005769836774641157,0.004750998466555648
2017-10-13,70.29883246871631,93.7067171258716,78.86190764509739,55.103996344447495,0.005733915182976945,0.0035449792077800447,0.003393165797241471,0.0040470341324993706,-0.00025979961770605797,0.004161369636164948,-0.00334063899138759,0.004751701806852887
2017-10-14,70.54679291775653,93.26803190884648,79.44896571657415,55.27108647448878,0.003527234241771593,0.003594755326716353,-0.004681470341511007,0.003896105275994968,0.007444127196601702,0.004346786408799053,0.0030322688212454096,0.004796755683178149
2017-10-15,70.49858464241113,92.72713628280115,79.46077849534932,55.92008201206227,-0.0006833517634402542,0.003427085158375599,-0.005799367853864035,0.004023910293574956,0.00014868385848232357,0.00434795969488745,0.011742044149485542,0.005273354332099918
2017-10-16,70.2736327256073,92.55339842732764,79.34134023048007,56.03836360847583,-0.0031908713904662545,0.0033675637725566004,-0.001873646296415843,0.004023764288268234,-0.0015031096741172645,0.004223383110643019,0.0021151899667823937,0.005275967813874966
2017-10-17,70.8268163715664,92.88584031204223,79.1536511643051,55.804492532966655,0.007871852137188773,0.0035731633894647043,0.00359189279230665,0.004051573586585104,-0.0023655898126971886,0.004257004712760458,-0.004173410150645429,0.005315709282844568
2017-10-18,70.84627114274451,92.8712927859433,79.59613250709978,55.711058831236286,0.00027468086488680044,0.003568107705157632,-0.0001566172631917162,0.00405044527249665,0.0055901570715441995,0.004287815874324957,-0.0016743042986220313,0.005298615187343105
2017-10-19,70.85600819484324,92.75747379577624,79.36420544619416,55.71825995827421,0.00013743916146435886,0.003533492454809997,-0.0012255562160570221,0.004031391772295571,-0.0029137981155671344,0.004333402611761692,0.00012925848456291078,0.005210633200322963
2017-10-20,70.8576289211061,92.83370453694005,79.55578474299135,55.62989250776829,2.2873519185617752e-05,0.0035336360501185817,0.0008218285604850717,0.003642424253454519,0.0024139257202930864,0.004278749470348111,-0.0015859693136881514,0.005196291860434899
2017-10-21,70.90651446306693,92.24459892376792,79.3859201545258,55.85569961416671,0.0006899121901928762,0.003536643716818109,-0.006345816060132625,0.003680205472795751,-0.002135163257006356,0.00430168513779363,0.00405909657953929,0.005205523040941696
2017-10-22,70.8822828224505,92.49135232398804,79.24528068676224,55.908842956100536,-0.0003417406820785951,0.0034744688529184256,0.002674990222723439,0.0035722883103235016,-0.0017715920844628696,0.004298188409135861,0.0009514399121473005,0.005203525688247244
2017-10-23,70.76698207892231,92.69533976030812,79.5194697082198,56.13543510937883,-0.0016266511028857344,0.003366898582530496,0.0022054757682159476,0.00348758334703419,0.003460004420217322,0.0040382715637804125,0.004052885756484326,0.005190203364731742
2017-10-24,70.65841557633838,92.6039742628925,79.39996527169086,56.0529131497161,-0.0015341406316132788,0.003248500458329144,-0.0009856536224136514,0.0034693881742949907,-0.0015028324128347759,0.003787119694540852,-0.001470051127277161,0.005179958428799148
2017-10-25,70.65980078029018,93.03779223452594,79.27475534756961,56.38463452705149,1.9604231718206577e-05,0.003249334270897596,0.004684658245896367,0.0035917958587987466,-0.0015769518751400646,0.0036968447854244654,0.005918004233774088,0.005185132083942561
2017-10-26,70.55296474489546,92.6756740174118,79.57740688927473,56.33788890770874,-0.0015119775914301803,0.00325201707753347,-0.0038921626192647274,0.003638785064964112,0.003817754345354807,0.0037446171387315393,-0.000829048901972107,0.004828409278585814
2017-10-27,70.41122483898614,93.15442848162292,80.00825076651704,56.087439470348656,-0.002008985822520959,0.0032292919366413157,0.005165912946272888,0.00378011089687655,0.005414148237348204,0.003581760381132045,-0.004445488501891859,0.004772366328475348
2017-10-28,70.44386659558212,93.26850721723514,80.17124138233993,56.634174652742566,0.00046358739917717884,0.0031145254691526693,0.0012246195642189317,0.0035575511157773633,0.0020371725948431507,0.0035887669716526704,0.00974790768765521,0.0051115140417165375
2017-10-29,70.39995696731651,93.19848775489372,79.96867671266217,56.16314526094731,-0.0006233279118208479,0.0030722985130931875,-0.0007507299562362624,0.0034939074761172256,-0.0025266500329178543,0.0034702081682215524,-0.008317052286599291,0.005280912003637922
2017-10-30,70.72791832562558,93.247252109899,79.80863986710274,55.9732116899863,0.004658544869016401,0.003200965534566453,0.0005232311830372094,0.003450458860290771,-0.0020012441388078672,0.0035086044425266384,-0.003381818629966893,0.005141016468586441
2017-10-31,70.17351269595662,93.26301402868472,79.81519835568207,55.81312431801568,-0.007838568457741446,0.0034367188351231044,0.00016903360076669927,0.003455048970241794,8.217767637996864e-05,0.003509092051547789,-0.0028600712222354163,0.0046783644179190275
2017-11-01,70.41525155523976,93.77389869422976,79.88907997894793,56.441858951198185,0.0034448732861718234,0.003434802732229028,0.0054778914328021955,0.0035247111637421525,0.0009256585811716622,0.0034228262305816444,0.01126499619695287,0.0051412118142351
2017-11-02,70.68881520340422,93.4212336515123,79.59653171848795,56.8959712179198,0.0038850056219688067,0.0035033650497654084,-0.0037608017543069305,0.0035741678847071474,-0.0036619305233840382,0.0034723199329713805,0.008045664603539393,0.005356561123714965
2017-11-03,70.25759888166364,93.19060910615887,79.78406693680422,57.27103629706984,-0.006100205817564874,0.0035503828074220393,-0.002468652321737874,0.003412617844746201,0.0023560727366807033,0.0034642100119429025,0.006592120164597981,0.005232516765832317
2017-11-04,70.19686785695568,93.63325909740271,79.79256936844556,57.17619707311862,-0.0008644050704074147,0.0035513094644317776,0.004749942032673982,0.003433577217498159,0.00010656804005826359,0.0034269469755667656,-0.0016559718504005616,0.005239528144582821
2017-11-05,70.13060056878864,93.46271258597046,79.29801717693556,57.79137477078785,-0.0009440205836829252,0.003466583466711033,-0.0018214309004755957,0.0033866419263590083,-0.0061979730120781396,0.0036400428418620193,0.010759332189976156,0.005457344178187057
2017-11-06,69.84691982502618,93.853399732321,79.0288641320064,57.87445868752904,-0.004045035141032494,0.003538924809486165,0.004180139175729236,0.0034831453085268586,-0.003394196406306116,0.0035681159896482047,0.0014376525402055584,0.005456855659997812
2017-11-07,69.69835466904928,94.54199513021226,78.88029746914711,58.11576626719572,-0.0021270108452752234,0.003554860596138084,0.007336925458802712,0.003700517278253395,-0.0018799038109814648,0.003544872123923859,0.004169500417611216,0.005444534869503664
2017-11-08,69.48160250174901,94.43453730445108,78.85229387989921,58.14810006797713,-0.003109860603302317,0.003295898918668099,-0.001136614745787523,0.0036718036267397182,-0.0003550137378584006,0.003539058233836916,0.0005563688282583801,0.0053225441895403255
2017-11-09,69.8638155637635,94.7373892268794,79.36608354190909,58.12030305385495,0.005500924680095887,0.0034528453101108467,0.0032070038258560363,0.0037075898911439146,0.006515849276274022,0.003580807359562387,-0.00047803821775238564,0.0052498861039233565
2017-11-10,70.07435006179428,94.34297318267784,79.4205428862953,58.03977110523103,0.0030134984230660855,0.003492964716338851,-0.004163256423047601,0.003671908881443987,0.0006861790572978421,0.003496282036357775,-0.0013856078580541942,0.0052760941849670385
2017-11-11,70.35469274960855,94.67412936559164,79.1747376480093,57.97082708421754,0.004000646278803144,0.0035424221041724605,0.0035101308740035364,0.003654684745081536,-0.0030949831032748287,0.003307306397145293,-0.0011878754809093728,0.00512431706034062
2017-11-12,70.51816427851519,94.7930420964338,79.22581262284663,58.11579278546287,0.0023235341171687907,0.0034117911828560224,0.0012560213823880062,0.003616202450385901,0.0006450918102740566,0.0033077684061227543,0.0025006664306295168,0.005040684364965863
2017-11-13,70.28937420551166,95.0147469704965,79.11775291968861,58.197178819074,-0.0032444133415031606,0.003401866364379568,0.002338830668997538,0.003502007336368773,-0.0013639456583731668,0.003016932182497695,0.001400411655942957,0.005035592626797289
2017-11-14,70.19045114597823,94.80974905663116,79.19816869637484,58.1738014728087,-0.0014073686193905033,0.003408589825017421,-0.0021575378601912387,0.0033305709506953286,0.0010164062263984253,0.0030238957037916456,-0.00040169208782392385,0.004678731070484551
2017-11-15,70.30589895192996,94.22203858534836,79.34898439691405,58.55397773089248,0.0016447793690859136,0.0033735173784578474,-0.00619884006793181,0.0035352075387676536,0.0019042826749871011,0.003033583303167024,0.006535179899864074,0.004773002015780849
2017-11-16,70.05977899853376,94.45924410099428,79.67353018786011,57.75494843031901,-0.00350070132186886,0.003087733154920247,0.0025175162754631497,0.0035092192723900103,0.004090106425592488,0.0030879136309638474,-0.013646029382422431,0.0054279928483883955
2017-11-17,70.22300851661306,93.72505190228529,79.65288891194648,57.87501000001433,0.002329860590663868,0.0031248363725780697,-0.007772581770017273,0.003824605281815818,-0.0002590731936310542,0.00291727833745285,0.002078810092613459,0.005403610286748239
2017-11-18,70.18467639936458,93.65806580782252,80.09615249743548,58.048761812166696,-0.000545862646135653,0.0031241052249201978,-0.0007147085341985271,0.0038186554770095263,0.005564940475404789,0.0030309568630409916,0.0030021906199639847,0.005407874599974389
2017-11-19,70.11835577804267,94.06326458760478,80.33347071319203,58.33415154231402,-0.0009449444625850845,0.0031255187330780808,0.004326362884897517,0.0038872343886153958,0.0029629165491331655,0.0030457157999895534,0.0049163792859316935,0.005415163415362502
2017-11-20,70.28100239511522,94.18450741930089,80.11541771456294,58.30117180712557,0.002319601126806292,0.0031581153073129004,0.001288949859731714,0.0036711644621669807,-0.002714348038161951,0.0030636557254530017,-0.0005653589589714736,0.005408495860207935
2017-11-21,70.38669221013559,94.96650712366608,80.71777152805221,58.33997449731138,0.0015038176949466742,0.0031750126867980516,0.008302848587228961,0.003911466191441606,0.007518575458663301,0.0033059857658720724,0.0006655559225152707,0.005409644496894363
2017-11-22,70.32180493446778,95.39689134753772,80.78790808792225,58.58283553825441,-0.0009218685184707587,0.0031669113893551615,0.0045319580229605805,0.003961231714763837,0.0008689110036401715,0.003262772837815028,0.004162858195185137,0.005411517279481189
2017-11-23,70.57820381294856,95.18445514035336,80.52898815408768,58.9584750245652,0.003646079316645956,0.003232513660000334,-0.002226867188055759,0.003988701844761361,-0.0032049342526950797,0.003313791301141729,0.006412108305435371,0.005456633493235462
2017-11-24,70.35939947006176,95.23390031232488,80.97428721771759,58.85894950599832,-0.0031001687640944686,0.0032805945786907333,0.0005194668803703006,0.003925282753103888,0.0055296741438977115,0.0034144516528808793,-0.0016880612757609326,0.0054305506306113254
2017-11-25,70.50105261887748,95.25447363548705,81.5389010891649,58.91049519297436,0.0020132796738265846,0.003292751693483744,0.0002160294085897796,0.0038268982113570426,0.006972755066422698,0.0035589106981404636,0.0008757493534741201,0.0054148107127289825
2017-11-26,70.63720301877387,94.6900900417258,81.50050186587046,59.33599637541606,0.0019311825120174042,0.003289230901632297,-0.005925008791933362,0.00393695039995829,-0.00047093133193498726,0.003457590847106833,0.0072228417202719886,0.005391765627559019
2017-11-27,70.58141344362598,94.37749763267594,81.32823474914063,58.74670935555808,-0.00078980441981924,0.0032925702691792794,-0.0033012156701098805,0.003996575480934192,-0.0021136939379016173,0.0034819712464934944,-0.009931357958996578,0.005596350127631365
2017-11-28,70.66070348282253,94.21222743801631,81.25207746879542,58.54583620384834,0.0011233841223636798,0.0032953249333693407,-0.0017511610161869973,0.004010672863842185,-0.000936418706001918,0.003446488527656001,-0.003419308994721426,0.005375102418198744
2017-11-29,70.40521462491442,93.49280129420724,81.42893524030794,58.91480096510879,-0.003615713477438165,0.0032490392067484053,-0.007636229005225426,0.004268211153446875,0.0021766553794324572,0.003424745804165519,0.006302152043328402,0.005368815429544934
2017-11-30,70.61191225317542,93.56486674856497,81.7652767902991,59.18495296062137,0.002935828395129292,0.002951400885614623,0.000770812868585935,0.004269977658165399,0.004130491808576053,0.003479860510190622,0.004585469034726453,0.0053215466311249794
2017-12-01,70.58288668754676,93.52534386785162,81.8978714496884,59.30291402594924,-0.00041105763464655,0.0028890522533558394,-0.0004224115534686712,0.004148678165844129,0.001621649978992501,0.003482971353972806,0.001993092153107945,0.005024084673350833
2017-12-02,70.48258512132003,92.95357629306872,81.8952753727207,59.16127861032267,-0.0014210465303118314,0.0028096120592365353,-0.0061135041170314874,0.004241844352129901,-3.169895531762723e-05,0.003383012352006049,-0.0023883382115860163,0.004927134160009954
2017-12-03,70.71551255483163,93.1629396375612,82.29297157109876,58.905487908281344,0.003304751565378572,0.0026355928126269535,0.0022523430818022216,0.004240759329169925,0.004856155578793375,0.0034488682078690097,-0.004323616866466651,0.0049269696055439976
2017-12-04,70.57563523954578,93.4869873253352,82.16780413145597,58.72934461159943,-0.0019780287271112806,0.002659128941707639,0.003478289640007848,0.0041977692673803,-0.0015209979327900358,0.003476719454354241,-0.002990269717418781,0.004957236426643524
2017-12-05,70.2879814695064,93.62635540596632,82.43035073457122,59.12012420955151,-0.004075822613045177,0.0027642876013584815,0.0014907751829258409,0.004192952273803396,0.003195249111138665,0.003221190517010724,0.00665390701252444,0.00472716847283627
2017-12-06,69.97231887097585,93.55825825502068,82.31108571658866,58.93217276687359,-0.0044909896675222605,0.002788320971849527,-0.0007273288664326749,0.004122072938361412,-0.0014468580676866294,0.003142041202390846,-0.003179144922154209,0.004779504933051066
2017-12-07,70.11429726584691,93.833484714343,82.40018364281737,58.93948629562196,0.0020290651669392368,0.002778961647489437,0.0029417655315056024,0.003922007133503537,0.001082453541379369,0.0030826284222553227,0.00012410078239089017,0.00473259774655645
2017-12-08,69.85880922351109,94.14028259109004,82.33163323086674,58.71995656049428,-0.0036438793840736228,0.002802518331368705,0.0032695990954723086,0.003969613477290224,-0.0008319206210483099,0.0030935260245479905,-0.0037246631914399364,0.004794358432397922
2017-12-09,70.24218816671626,94.30482996926088,82.28038225992222,58.924390819700434,0.005487911223601927,0.0028016679079703234,0.0017478955197698376,0.003936544482193503,-0.0006224942823714885,0.002961761989332932,0.003481512439395873,0.004825536181969026
2017-12-10,69.81651866324827,94.04111791147405,82.1370371301722,58.76201716187082,-0.006060026240322758,0.002970346340852218,-0.002796379123665149,0.003896135731981867,-0.0017421543971100073,0.0030092885928561966,-0.00275562726352907,0.004850116722386981
2017-12-11,70.18782170679735,94.19488336982232,82.49027624669439,58.71769655552284,0.005318269238545392,0.003042227225068328,0.0016350875208972493,0.003851012425315292,0.004300606996115119,0.002953992456726821,-0.0007542390218819861,0.004845792389819312
2017-12-12,70.2457542737653,94.69368991540313,82.24228059847968,58.25466060660398,0.0008253934309281341,0.0030136650844367237,0.005295473891319791,0.0039710492199242844,-0.003006362198049395,0.003058383294797292,-0.007885798934245014,0.00505967201868488
2017-12-13,70.23851753066167,94.51163161638482,81.99501511713692,57.81633053837097,-0.0001030203629878157,0.002955541426729755,-0.00192260222598728,0.003959692499864114,-0.0030065494237684343,0.0031208749484210375,-0.007524377683582606,0.005239273593891731
2017-12-14,70.13692851345768,95.35033923060575,82.5716903589913,57.80558808354507,-0.0014463434134931452,0.0029561808386674906,0.00887412056989123,0.004268857466908258,0.0070330524487440815,0.0032972655897306486,-0.00018580312389027132,0.005239143135581946
2017-12-15,70.23487840170668,95.1878824755054,82.81733774249369,57.44821021883383,0.00139655229171054,0.0029517010206983434,-0.0017037879090020525,0.004112603682478355,0.002974958880391121,0.003308723936102384,-0.006182410326744381,0.005189803225942823
2017-12-16,70.24028761479283,95.23974587224976,82.08693972979297,57.98187419888485,7.701605255472366e-05,0.002877971629833586,0.0005448529308096361,0.0040924435149816245,-0.008819385319675077,0.003759867007974559,0.009289479655121946,0.004885506048775948
2017-12-17,70.48611851278343,95.02263158829288,81.89187914526003,57.43025926080751,0.003499856084570263,0.0029170363287308486,-0.0022796604712501667,0.0038343731095162458,-0.0023762682002158586,0.00380396591549086,-0.009513575504393579,0.005176813094914018
2017-12-18,70.52196926773756,95.14856698807677,81.34158747804214,57.21304115128911,0.0005086214947078727,0.0029149791439264912,0.0013253200598519754,0.0038308082666299566,-0.00671973427599315,0.003946521490142493,-0.0037822937300691084,0.005178296290639171
2017-12-19,70.56525776514388,94.52543900200112,81.04472526248256,57.208202412547394,0.0006138299576119444,0.0029084171200749985,-0.006549000219348899,0.003971501035877072,-0.003649574894757479,0.003989910129765211,-8.457405242490168e-05,0.005078442023197932
2017-12-20,70.49951425873958,94.36458274936976,80.13080921260544,57.105096802672,-0.0009316696131559388,0.002887826658293842,-0.0017017244704672363,0.003979997519404706,-0.011276687618067438,0.0044882162469100095,-0.0018022871813356822,0.005082859603560651
2017-12-21,70.4991952979961,93.99941888956198,80.07637048487129,56.81286273550424,-4.524297037233893e-06,0.002875783499648215,-0.003869713076331216,0.0037241328203351117,-0.0006793732431893407,0.004259414050953251,-0.005117477835254958,0.005139484613220417
2017-12-22,70.57606204948243,94.10064544226856,79.74079626037322,56.5611692529791,0.0010903209768766686,0.002875625568112811,0.001076884877613038,0.0036204304110744557,-0.004190677255551667,0.004313120742102412,-0.004430220031279131,0.005088464773463945
2017-12-23,70.22524926617834,94.524422213685,79.74477770977832,56.30368789908973,-0.004970704982917962,0.0029413155152735967,0.0045034417078089195,0.003713823017283949,4.9929892750322225e-05,0.004281623462915653,-0.004552263634044373,0.004916900404903453
2017-12-24,69.95494500691314,94.8143799104896,79.2784720282545,56.227184437936245,-0.0038491035929349993,0.0029701422080734632,0.0030675426520896387,0.003760289008653195,-0.005847476097066595,0.004249618322225521,-0.0013587646565993428,0.004916886576851843
2017-12-25,70.12653375462375,93.95802857359048,79.29257212652597,56.71764682109018,0.0024528465813768996,0.0029824341586747135,-0.009031871934484736,0.004094299728017019,0.00017785532327674325,0.00400054430564071,0.008722869339034878,0.005246000355753586
2017-12-26,70.17695914608173,94.77630177484436,79.16845005672714,56.73131096161802,0.0007190629389215442,0.0029610759434673846,0.008708922629352411,0.0042865692209933795,-0.00156536818607389,0.004001269701378819,0.00024091515240298733,0.005006543403434961
2017-12-27,70.15240038773602,94.93175195385125,79.57669573357212,57.02699104983462,-0.0003499547236662792,0.002959213046412608,0.0016401798349992003,0.004248554578703553,0.005156671332487317,0.004146489533748905,0.0052119382260820135,0.004887370200220361
2017-12-28,70.17066275246859,94.67902102382824,79.9586117792242,57.14907253277593,0.0002603241604226536,0.0029500953288364466,-0.0026622381323571087,0.004266231222389914,0.004799345362752394,0.004266528950646674,0.00214076669124319,0.004897025969148157
2017-12-29,70.2581313565714,94.78295838190796,80.16416132756258,57.42679421695564,0.0012465124408380657,0.002890506680394895,0.001097786573580617,0.004004909600773454,0.0025706993126135558,0.004275732624844367,0.00485960089764248,0.004831600113731098
2017-12-30,70.15810574185657,94.89327473422682,80.05665088411783,56.69286047403871,-0.0014236873765852698,0.00284361092335907,0.001163883826819978,0.004006588249066456,-0.0013411285250705118,0.004186606895440831,-0.012780336303366835,0.005186297653839879
2017-12-31,70.00875676192868,94.68270099767798,80.59800893559527,56.60911890883687,-0.002128748750392706,0.002864990896076664,-0.0022190585912289507,0.0040338430085273885,0.006762187094999206,0.004385189260599351,-0.0014771095425708536,0.005146093116670169
2018-01-01,70.06540835820127,94.8021246382611,80.14054925687216,56.936517195161535,0.0008092072891001667,0.0028629809842949288,0.0012613036946005352,0.0038422506483245166,-0.005675818605998861,0.004483322898715612,0.005783490233294497,0.005312970374998045
2018-01-02,69.87493268910632,94.61517948294198,79.73132601474104,56.78255430030392,-0.0027185407686652896,0.0028200456801793805,-0.0019719511143073687,0.003859391456632564,-0.005106319409160176,0.004425252333015533,-0.002704115081888059,0.005288975717677496
2018-01-03,69.97701679331966,94.50726405428055,79.69579791358315,57.22632567797526,0.0014609545982327,0.0028233582636928746,-0.0011405720440543776,0.0038294417582825134,-0.0004455977710858816,0.004425611394225148,0.007815276771882873,0.005526120397933209
2018-01-04,69.63544556031398,94.29394171931249,80.3127162497129,57.5992885960156,-0.004881191692045483,0.0028642277132918236,-0.002257205698448228,0.003852648752066868,0.00774091422986567,0.004646780570639089,0.006517331204157317,0.005519778799212406
2018-01-05,69.8686375619623,93.80161431283436,80.23902835281764,57.46632041468117,0.0033487543559456157,0.002826710691257893,-0.0052211987058898846,0.003977073150278838,-0.0009175121990165902,0.004645467180517717,-0.0023085038821750725,0.005509409158916096
2018-01-06,69.9843632145399,93.90876468944798,80.17140846618297,57.32562564785732,0.0016563318910429725,0.0028180834747197885,0.0011423084495780778,0.003946095027727576,-0.0008427306265144097,0.004631283647089785,-0.0024482995571768473,0.005514151154073307
2018-01-07,70.05404155583383,94.18013178110574,79.75125323800975,57.05440863037711,0.000995627281487721,0.0027407538858212686,0.002889688652120581,0.0039359507972738595,-0.00524071157300976,0.004698406191781729,-0.004731165415380878,0.005534888068839082
2018-01-08,70.2760578328483,94.4232231288846,80.00321366159604,56.8846183420102,0.0031692143962531727,0.002613202717023013,0.0025811319561948043,0.003951462110638402,0.0031593287046454144,0.004760599741101798,-0.00297593634642479,0.005482165245123414
2018-01-09,70.64120761573182,94.77988162650765,80.25603029414631,56.5619472307486,0.005195934350102904,0.002516500739583431,0.003777232822652188,0.003970433186218713,0.003160080963993117,0.004815372410359233,-0.0056723789429611315,0.005537044662642911
2018-01-10,70.86773118206703,94.9466440016478,80.46156844159668,56.66580878897484,0.003206677433481131,0.0024009122946812684,0.0017594701774086285,0.003971974100149729,0.002561030575485068,0.00476250677223378,0.0018362443888739755,0.005565272063557082
2018-01-11,70.48638223917955,94.7866374943247,80.2666121662077,56.28864421548838,-0.005381136612201631,0.0026141687270779565,-0.0016852255180322961,0.0038707599549442752,-0.0024229738391254863,0.004754450345127074,-0.0066559461789565955,0.005518428547007741
2018-01-12,70.22850508023403,95.14877704270287,80.0519716531834,56.43785602186848,-0.0036585387241250267,0.002703570416306561,0.003820575958292327,0.003912151005337297,-0.0026740945859261567,0.004749513002589329,0.0026508331913071004,0.00542368250231846
2018-01-13,70.11137063067245,94.67264112182184,79.67536717161452,56.592807436369554,-0.0016679046411105514,0.0027079532801673437,-0.0050041202386379435,0.003667829332208185,-0.004704499761735703,0.004562787645932537,0.0027455226938641886,0.005461214455332521
2018-01-14,70.1322013420062,94.37642191701204,79.6875756113297,56.16430416939873,0.0002971088875651784,0.002695692771352936,-0.0031288786422324355,0.003696673445931148,0.0001532272790019107,0.004502886120703056,-0.007571691286964555,0.005515001273830235
2018-01-15,70.25635644306901,94.05996568447873,79.37501001991838,56.55300708045049,0.0017703009272067582,0.0027159917787233363,-0.003353128102393854,0.0037350326782412454,-0.003922388013607558,0.004304289273657528,0.00692081771153763,0.0053818342388997345
2018-01-16,70.11782833990576,94.51670069427726,79.03924748783567,56.67850163235672,-0.001971751883767414,0.002656709631222063,0.004855785418109049,0.0038375649101441457,-0.004230078610364285,0.004336279323422976,0.0022190606368235333,0.005149381163358075
2018-01-17,70.17253454019215,94.91946330379368,78.91611405117195,56.86378170293721,0.0007802038594406646,0.002659567155784198,0.00426128511213264,0.00391371587201059,-0.0015578771379708423,0.004209103954685265,0.0032689655732662803,0.00515184089547175
2018-01-18,70.02860052131736,95.14720538674985,78.77610834677698,56.66264644278956,-0.002051144651079251,0.0026772031922688414,0.002399319117800669,0.003740282908397477,-0.0017741079382619374,0.004182235952308493,-0.003537141817236189,0.005187813171918884
2018-01-19,69.91623370308203,95.59585174809784,78.6240388963701,56.81550675256084,-0.0016045846611074666,0.002685907748260478,0.00471528679717248,0.0038091331311406913,-0.0019304006455543865,0.003706548640778762,0.0026977262688501202,0.005208084740733055
2018-01-20,69.63809247646267,95.2962366582808,78.74990593443628,57.096775319061855,-0.003978206660853023,0.0027688902086480272,-0.0031341850544576166,0.0037827176601341246,0.0016008721993039376,0.003728728409639829,0.00495055984849313,0.005201753035930542
2018-01-21,69.46402943297426,95.4684876020224,78.7682532193547,57.06308706784468,-0.0024995377859790002,0.002779550894699553,0.0018075314386156727,0.0037891481091453802,0.00023298167408225545,0.003666740477660051,-0.0005900202074272665,0.005131181407494785
2018-01-22,69.20236438298956,95.4585084267236,78.68527232111359,57.56899656289441,-0.0037669143601463118,0.002721243772146202,-0.00010452847373476626,0.003713405962643235,-0.0010534815087245297,0.0036675800672689384,0.008865792599833222,0.0052757522535893595
2018-01-23,69.02155641773702,95.81981305317322,78.73283700932855,57.56927845298736,-0.002612742597230988,0.002677556687524173,0.0037849389478672446,0.0037338663493081954,0.0006044928969788366,0.0035259432603038238,4.89656081881229e-06,0.005262774956657364
2018-01-24,69.26274910947446,95.81029110436766,78.45643999143013,57.85368040259734,0.0034944545480497524,0.0027227895651215635,-9.937348552613301e-05,0.0032888704629849166,-0.0035105685047989166,0.00357540079519236,0.004940168736737416,0.0051094887242554635
2018-01-25,69.08694532074824,95.69751735795356,78.48440782811966,57.91713357829635,-0.00253821557744327,0.0027411189279067474,-0.0011770525390770725,0.002929866663382676,0.000356475984540916,0.003570033642134407,0.0010967871924041361,0.005109377116861262
2018-01-26,69.65520471176535,95.94038558366078,78.52466230054885,58.05652878212111,0.00822527886243729,0.003172426848704804,0.002537873838448501,0.00294827103094502,0.0005128977021442438,0.0034237157688730186,0.002406804260026485,0.005049319789264631
2018-01-27,69.77722890267567,96.310223584256,78.11018435699738,57.60584046351205,0.0017518316314661941,0.003192038132193233,0.003854872985398883,0.0029582503163595206,-0.005278315517806109,0.0033863288619492213,-0.007762922242568693,0.005264864989866721
2018-01-28,69.83408025444946,96.0829386906687,78.38429715999396,57.69069033732858,0.0008147550808170756,0.0031863413173362654,-0.002359924887812781,0.003004133420272668,0.003509309384596593,0.003422438227427518,0.0014729387356178236,0.0051991553768787275
2018-01-29,69.67206933877866,96.0917903381717,78.14228853925954,57.48804481217251,-0.0023199405659887207,0.003202401707374879,9.212507052369645e-05,0.0030018279692425975,-0.003087463044293748,0.0034477292937106357,-0.003512620909390529,0.004649687954848898
2018-01-30,69.83738964282952,95.71722679101948,78.16873384664173,57.25845448238381,0.002372834704349014,0.003215644300716727,-0.003897976568383532,0.003067706852620623,0.0003384250432965086,0.00314830592107599,-0.003993705657216684,0.004708448227800696
2018-01-31,69.73466099065377,94.79654591428024,78.48889127045697,57.69857532612029,-0.0014709692429963894,0.003220925900468254,-0.009618758374073777,0.003561675011640365,0.004095722267209334,0.003154926303272973,0.007686565201858286,0.0047956187275649395
2018-02-01,69.77879032156119,94.91671339862263,78.74230984851914,57.63119364843299,0.0006328177448706729,0.0031868029130226903,0.00126763568422672,0.003548781940043695,0.0032287190449529213,0.003119323296329701,-0.001167822208892555,0.00476885564447249
2018-02-02,70.33305722158853,95.19098902485877,78.74894470351144,57.359524751889374,0.007943200182650267,0.0034968284942884513,0.002889645210156555,0.0035759029400713738,8.426035513897645e-05,0.003120622056071712,-0.00471392104423296,0.0046538711624511805
2018-02-03,70.32742434400153,95.33140590329133,78.64619847158053,57.25696975774171,-8.008862133290773e-05,0.0033648144065700825,0.001475106833860984,0.0035506285484134996,-0.0013047315404383086,0.0027186601667541772,-0.0017879331216789085,0.00450279598144428
2018-02-04,70.58461493785188,94.62736387186008,78.90503618433273,56.9126517519227,0.003657045544456894,0.003374791599630234,-0.007385205586346366,0.0036874975389930803,0.003291166232856524,0.002813716467978043,-0.00601355620592281,0.004612413772351794
2018-02-05,70.44870768026104,94.540334247146,79.0873863671273,57.27264913664177,-0.001925451569162906,0.0033901373335578945,-0.0009197088574920409,0.003690448795603004,0.002311008163896844,0.0028611049738364192,0.006325436851690958,0.004748462408588332
2018-02-06,70.45527872432703,93.74801478879635,78.91083549094324,57.08401873306692,9.327416048310333e-05,0.0033870751351165558,-0.00838075583991893,0.003973190821922101,-0.002232351886867212,0.0027374431135320566,-0.003293551222413482,0.0047063453239287725
2018-02-07,70.8435264574798,94.31527605317756,78.68736300079321,57.21176020790458,0.00551055563447389,0.003483548390882826,0.006050914951737152,0.004103664315418051,-0.002831962033600255,0.002690783340938778,0.0022377799894397477,0.004687821020640398
2018-02-08,70.72160467624903,93.95418147773069,78.11450757305587,57.55192368273696,-0.0017210010191114344,0.00337371978153052,-0.003828590558790035,0.00409527962783277,-0.007280145196015275,0.002864067955512464,0.005945691473155934,0.004665654201193984
2018-02-09,71.11835352957175,94.47784403760846,78.15903908283015,57.41141428489495,0.005610009206365785,0.0034783359903681004,0.005573595040066381,0.00421824881970731,0.0005700798885870384,0.0028036014212156866,-0.0024414370337400015,0.004691518482928552
2018-02-10,71.27885454306198,94.88252441614028,78.1385346954659,57.53872162949008,0.0022568156534092942,0.003338236896112477,0.00428333629597577,0.004283895800585997,-0.0002623418558473922,0.002792547411078465,0.0022174570367381463,0.004504279730124941
2018-02-11,71.16699525510158,94.58433441657128,78.45158934763924,57.26111416970605,-0.0015693193819890094,0.0032722625744406033,-0.003142728351758328,0.00426071844376616,0.004006405461702389,0.0029094115072568695,-0.004824706770018783,0.0046007985046036875
2018-02-12,71.3112551164267,94.20207709058978,78.55010163383189,57.88207999774958,0.002027061291656418,0.0032593973047242964,-0.004041444371728042,0.004226696706851133,0.0012557079724173636,0.002826650099733731,0.010844459404040885,0.004961035899247549
2018-02-13,71.52758826570783,94.3838536959291,78.91610984286609,58.11303907561449,0.003033646637237597,0.0032896224870184584,0.0019296454064863244,0.00420491271393749,0.004659551056221289,0.0029766730826048956,0.0039901654859999525,0.004735177946669814
2018-02-14,71.66780744918954,94.1132489681169,78.71984218041452,58.04834096437423,0.001960351060080745,0.003292012246158021,-0.0028670658933251936,0.00419242045050085,-0.0024870417819932156,0.0029279091936435546,-0.0011133148819849614,0.004623324527480796
2018-02-15,71.33604256944588,94.20241869957049,79.03137366512327,57.83252810132439,-0.004629203704590412,0.0033995040067982658,0.000947472671821048,0.0040968417092770645,0.00395747090034515,0.0029278445916096807,-0.0037178127654379223,0.004690629103734129
2018-02-16,71.18864851021824,94.0703045308246,78.88059517838256,57.7902288664292,-0.002066193384419157,0.0034332742234049187,-0.0014024498581849398,0.004018546704834077,-0.0019078307733786382,0.002934957422347853,-0.0007314090579108035,0.004671394004085484
2018-02-17,71.14507912401172,93.45110383809168,79.09204451945989,57.68943887711016,-0.0006120271576762759,0.0034065664196304404,-0.0065823183609448055,0.004143771574434194,0.0026806255784346256,0.0029552913424946065,-0.0017440662772247872,0.004628579905627212
2018-02-18,71.13882949838944,92.67383424985164,78.68336208544288,58.18465915926394,-8.784339970135946e-05,0.0033849346257493725,-0.008317393335307233,0.004250076726852963,-0.0051671749858035465,0.0030894357246215916,0.008584245085286657,0.004840111810447562
2018-02-19,71.28101249599148,92.8211102162017,78.74653743991712,57.84902801850584,0.0019986693428131197,0.003281494349372044,0.0015891860689933868,0.004256749997723217,0.0008029061392373915,0.0030788595865496133,-0.005768378565893184,0.004918562294919278
2018-02-20,71.3277806064833,92.67461380161816,78.1975002190051,57.871401264472695,0.0006561089532006736,0.0032227023378438623,-0.0015782661319425628,0.004228153871020393,-0.006972207779052386,0.0033310159923018064,0.0003867523229550418,0.004914684990124432
2018-02-21,71.05052005544607,92.5328678502663,78.1267086083272,57.85377609018785,-0.0038871327367786535,0.003228759097477254,-0.001529501397818489,0.004225972660058754,-0.0009052925026966641,0.0033298731640948992,-0.0003045575862988814,0.004653408268062253
2018-02-22,71.14201828619686,92.85494989008032,78.25003878972073,57.81046877825588,0.0012877911474733494,0.003160918366172924,0.0034807311963485077,0.004214373790774851,0.0015785917977400032,0.003343035167482124,-0.0007485650005707445,0.004656390053942702
2018-02-23,71.28219482636243,93.35256700584974,78.10936203056717,57.76973507420986,0.0019703762072318387,0.0031317904222487713,0.005359080117521842,0.004371229852366677,-0.0017977851682808854,0.003298874142103358,-0.0007046077450481025,0.004569379760340919
2018-02-24,71.41082667344614,93.30828183529768,77.82533496453681,57.72733076267879,0.0018045438611569153,0.0030640000989036868,-0.0004743862110324626,0.0043713360934975205,-0.0036362743037027245,0.0033580605142902137,-0.0007340229529632092,0.0045659213323407935
2018-02-25,71.65042590079214,93.23905359738636,78.06119707132616,57.94215658995234,0.0033552227093192055,0.0027907350161325605,-0.0007419302611693102,0.004324886214002282,0.003030659706082073,0.003409514448831508,0.003721388542226478,0.004597004760721867
2018-02-26,71.8360906597122,93.4841047482314,78.03653941641846,58.08768375063566,0.0025912582735674317,0.002803277418926333,0.0026282028977169247,0.004283567445631462,-0.00031587595159687787,0.00327182090013715,0.002511593790220701,0.004380633687152204
2018-02-27,71.9401837966143,93.03310253364528,77.9066707947746,58.18305027634443,0.0014490367717141517,0.002804429978039236,-0.004824373253621617,0.004334207962249401,-0.001664202726249342,0.0032148896867757507,0.0016417684361140772,0.004382317947897273
2018-02-28,71.92947631217041,93.17649676558092,77.92299240470743,57.37397030808222,-0.00014883871403736926,0.002743290552429281,0.0015413248406264124,0.004355578858881506,0.0002095020845624962,0.0031687557852596447,-0.013905767477288111,0.005052993247685912
2018-03-01,71.57561332417899,93.44131932055744,78.64690956193132,57.44151236323384,-0.004919582431765157,0.002939658720497119,0.0028421604607304918,0.004375649161146859,0.009290161156338739,0.0036022067189069814,0.0011772247029260274,0.005001901000020605
2018-03-02,71.6749683295174,93.7524133672963,78.96364208842849,57.00329517609658,0.0013881125249799453,0.002908874909130607,0.003329298526614677,0.004105263356484239,0.004027272378042346,0.0035996811207002354,-0.007628928437088844,0.004984388456439152
2018-03-03,71.72606947328815,93.0802555196547,79.2817022652702,57.16140899276543,0.0007129566285375422,0.0029086395335890373,-0.0071694991467394775,0.004275324063466326,0.004027931949814656,0.003625676593138958,0.0027737662565014976,0.00501508802600601
2018-03-04,71.79062947466797,92.85682099644526,79.39682842782877,57.5320897216416,0.0009000911642573772,0.0025890668392634054,-0.002400450256201281,0.004233520525941544,0.0014521151699462553,0.003632324143886857,0.006484807414790739,0.005088427711115907
2018-03-05,71.52135891358851,92.5925973430684,79.43648506749963,57.281507571545134,-0.003750775874927559,0.0027104686721422925,-0.002845495360938255,0.004226287676056403,0.0004994738512371644,0.0036201046034887454,-0.004355519698812538,0.005142800280322927
2018-03-06,71.29705351958168,92.69387246014674,78.76342820413211,57.20473066903238,-0.0031362015125836473,0.002726943683562707,0.0010937712083298745,0.004062296361256427,-0.008472893315906505,0.0039145459734937285,-0.0013403436076967479,0.005022899509092955
2018-03-07,71.53158007283858,92.9355548227268,78.57477830412296,57.04160004042841,0.0032894284080404734,0.002743816694173394,0.0026073175730572107,0.004105921196443638,-0.0023951458730342434,0.003910861669524816,-0.0028516982196417073,0.004914180314695566
2018-03-08,71.53075194681085,93.5533212492276,78.44267248142323,57.35083473986564,-1.157706885379639e-05,0.0027444354793267505,0.006647256022511261,0.004035284461691493,-0.001681275156621087,0.0039023168156777986,0.005421213626862764,0.0049774704066840045
2018-03-09,71.6847036140859,93.42412590914344,77.92906191429418,57.36566152326354,0.002152244497436895,0.002597962687527622,-0.001380980796394926,0.003871921913536479,-0.006547591392308649,0.004045371324473065,0.0002585277697377819,0.004962176048180923
2018-03-10,71.69745442801585,93.29536448512194,77.61855524902532,57.80203964031837,0.00017787356698284462,0.0025675397247888264,-0.0013782459591511476,0.003820624446846185,-0.0039844784171835235,0.003891522355819638,0.007606956940222176,0.005038328877177502
2018-03-11,71.71046629539453,93.78272562667937,77.08804676989271,57.8972850290746,0.00018148297568565397,0.0023762421629002044,0.005223851627002896,0.0038028049407505984,-0.006834815173131781,0.004071350311613516,0.0016477859492314284,0.0050208958730809045
2018-03-12,71.91888100433295,93.94806256186276,77.08940466489545,57.94750793807166,0.00290633598838852,0.002397744380174123,0.0017629785664530218,0.0037265239202515328,1.761485806994756e-05,0.004072120298628244,0.0008674484299537877,0.005009090247968316
2018-03-13,71.81266257886455,94.47708283747292,77.32205111036222,57.95205020956911,-0.0014769198850854703,0.002395317434882833,0.00563098653856553,0.003840160171732915,0.0030178783514813734,0.004038742150296149,7.838596790565866e-05,0.004917008479873469
2018-03-14,71.83928853628161,94.6341636337588,77.63158895555225,58.152101891466536,0.00037076967293647733,0.002373216124255846,0.0016626338532923501,0.0037753951924731854,0.004003228584148921,0.004109876808711872,0.003452020785701171,0.004547488697344241
2018-03-15,71.74542979318167,94.24273692242136,77.75198736468127,57.68290272728118,-0.0013065099197431262,0.0023294742033310237,-0.004136209338229002,0.0038392136612158067,0.0015508945617221936,0.004016461281517083,-0.008068481601250732,0.004727123909627766
2018-03-16,71.65838711410727,93.79028977173805,77.49663482188278,57.69340846400432,-0.0012132156616151413,0.0023142759350681216,-0.004800870236353116,0.003903957334532041,-0.0032841931306630823,0.004032749962860757,0.0001821291271142389,0.004724757106549013
2018-03-17,71.59905627111401,93.26235194735816,76.98140512726121,57.66351617502426,-0.0008279678818166047,0.0021504473520052116,-0.005628917723409899,0.004025440448917653,-0.006648413777008089,0.0040916908286941465,-0.0005181231231763395,0.004678345437553387
2018-03-18,71.65436325481252,93.56810098217014,76.52081627805487,57.84022688210701,0.000772454087789809,0.002112834601204225,0.0032783757692982363,0.004072732283848861,-0.005983118240631358,0.004193793900382463,0.003064514944707497,0.004711528984892796
2018-03-19,71.55869374609426,94.06908557224776,76.19721946659229,57.77879229262918,-0.0013351525904716777,0.002126727813319606,0.0053542241941308966,0.004007262604721647,-0.0042288729681962955,0.004174180178171186,-0.0010621429546439076,0.004704266410966708
2018-03-20,71.83623412562781,94.81669308105585,75.97887646757235,57.49650868128373,0.0038784998021110795,0.0022293225442745505,0.007947430383320908,0.00391042187946004,-0.002865498249784104,0.004120192632439687,-0.0048855921029948846,0.004501279928875329
2018-03-21,71.64947620079467,95.18153688523348,75.95675219451,57.48788848093998,-0.0025997733192213435,0.002268214404210859,0.0038478857711874426,0.003948305572536688,-0.00029118978972775267,0.004107067700773267,-0.00014992563098970013,0.004385026500325258
2018-03-22,71.616709508727,95.66606589879022,75.70770159332552,57.197294740871016,-0.0004573193525635455,0.002269169101693447,0.005090577746616587,0.003994631617332126,-0.0032788474228954145,0.003981302704485789,-0.005054868908001553,0.004471635627809345
2018-03-23,71.52990649561175,95.48152113847512,75.81994832919177,56.6930060983295,-0.001212049725695219,0.002155275321469817,-0.0019290514204937104,0.004004242348433939,0.0014826329885062606,0.004008494261320383,-0.008816651990730784,0.004729267073862702
2018-03-24,71.84873879384034,95.0789756756531,75.77996243420567,56.872698159442216,0.004457328603500121,0.002282998286674232,-0.00421595150582299,0.00408906147535644,-0.0005273796127174268,0.003980288140636009,0.0031695631168517924,0.0047806884442554605
2018-03-25,71.89721853276828,95.44507983977547,75.80474787652085,57.01404813828509,0.000674747250150709,0.0022631057558416905,0.003850527012104976,0.0040400110486616654,0.0003270711876730559,0.003985626290677526,0.0024853749411817283,0.004812133663526776
2018-03-26,72.12558852699608,95.64404137466909,76.12912735001042,57.12621912932106,0.003176339765128988,0.0023081955355846373,0.0020845656499801635,0.0040403465006497346,0.0042791445466972,0.004065607900771827,0.0019674272341423382,0.004831438737779109
2018-03-27,71.80837003540466,95.7228489429304,75.83417292966725,57.45284022410448,-0.004398140771810666,0.00239090401932166,0.000823967359896427,0.004029406902822668,-0.0038743964447023327,0.004040965498064381,0.005717533905823968,0.004902488460418377
2018-03-28,71.87242196647799,95.90817205455136,75.9670314469791,57.27066332967321,0.0008919841940673301,0.002349026598789743,0.001936038403238971,0.004021051710422154,0.001751961051056572,0.0040698015453002005,-0.0031708944887781643,0.004901047051930848
2018-03-29,72.07035083927488,96.06747605337156,75.9841155082609,56.89267742043266,0.0027538917902225624,0.002388163076862568,0.0016610054743781966,0.0038765646182907358,0.00022488783563590076,0.00407198372432408,-0.006599991815438022,0.0050089526421409365
2018-03-30,72.09288217027624,96.59467937149483,75.91614533907513,56.86780061605055,0.0003126296838988907,0.0023882376173458572,0.005487843959077088,0.003958928054010908,-0.0008945312942200134,0.004067302367825708,-0.0004372584576793903,0.00434771144160726
2018-03-31,72.32794367340867,97.12402226197231,76.17262422428699,56.77207317005143,0.00326053690816841,0.0022615404079309107,0.005480041902118371,0.004025186361200761,0.0033784497891233833,0.003683623298894452,-0.0016833330102818955,0.0043458775841213985
2018-04-01,72.21867752214949,97.35947906355092,76.42639631383821,56.550645931757714,-0.0015107045176420142,0.002277574547236837,0.002424290058164136,0.004012803527009746,0.003331539278520923,0.0036525602843511906,-0.0039002845224704874,0.0041816777249047525
2018-04-02,72.52782408495092,97.71068564867576,76.19081039594799,56.52536343049049,0.004280700968341877,0.002392583761529458,0.0036073178338966727,0.0037018471138678503,-0.0030825202973434607,0.0035384872586662923,-0.0004470771438708221,0.004142336408177003
2018-04-03,73.02964479333205,97.93009296774088,76.16161247716124,56.36497860503606,0.006919009562362577,0.002674075186682097,0.0022454792698314296,0.0036239451457363214,-0.0003832210030975114,0.0035046354860501644,-0.0028373957409696393,0.00395628187578225
2018-04-04,72.94815748600726,97.7658497840846,76.2562118016476,55.89539617645978,-0.0011158113606521969,0.0025683082807845636,-0.001677147224912634,0.0035785037804331745,0.0012420866813280806,0.003520951303378411,-0.008331102755609332,0.004145844734349942
2018-04-05,72.84930665509825,98.07972294806012,76.20233276181567,55.78319395339877,-0.0013550833128029849,0.0024970821836205973,0.0032104580962444285,0.0035845524412814593,-0.0007065527982438313,0.003255032716389636,-0.002007360726217877,0.004150584668374936
2018-04-06,73.16634931204938,97.54764782467664,76.37779003107066,55.49733417390038,0.004352033965843383,0.0025419018244874636,-0.005424924820242927,0.0038213283181902417,0.0023025183468257104,0.003303028409613885,-0.005124478525507237,0.004209086383304879
2018-04-07,73.51019192977421,97.9790106006066,76.47113552748637,55.55617617395223,0.004699463905987189,0.002636564929488533,0.004422072551715894,0.0037411960418701064,0.0012221549795790043,0.003323022166113135,0.0010602671448591838,0.004055543768347782
2018-04-08,73.38951424116564,97.5268885804608,76.97914839672991,55.39283353427955,-0.0016416456744372532,0.002665930919384236,-0.00461447831912476,0.003872773871834403,0.006643197668497303,0.0034135987817807975,-0.0029401346694782893,0.004061964204274581
2018-04-09,73.29256764138287,97.65877245241153,76.58063042653757,55.6715011844778,-0.0013209870754041786,0.002691664714762355,0.0013522821641327454,0.003836147196014462,-0.00517695997542722,0.003463320752399982,0.005030752760206703,0.0038940394147954673
2018-04-10,73.2269330776687,97.34777888951191,76.56461954513848,56.07333790100216,-0.0008955145907196815,0.002706474021217629,-0.00318449182894609,0.0038641681237027974,-0.00020907220676957827,0.0032460963400057375,0.00721799678425783,0.0041603566563680645
2018-04-11,72.92843244496143,97.5854070244944,76.33813229049753,56.24254968991396,-0.004076377640869766,0.0028086333894433296,0.0024410226683464487,0.00386924172520594,-0.002958118984806468,0.0032837686787598303,0.003017687108453293,0.004212863941923421
2018-04-12,72.7265256541523,97.59206687661512,76.51823299742256,55.846826382071896,-0.0027685606839487065,0.002849093667204222,6.824639383884445e-05,0.003785642318811536,0.0023592495849869,0.003262809793455465,-0.007036012947916337,0.0043489024008647155
2018-04-13,72.50803587923656,96.98938715102908,76.10253597140016,56.22416184874997,-0.0030042652656715463,0.002917151631760823,-0.006175499145314789,0.004008587987342636,-0.005432653234901608,0.003284112622269279,0.006756614316748566,0.004510269947811681
2018-04-14,72.3432384926312,97.17820944178813,76.21529691087277,56.61977168947334,-0.0022728154832359904,0.0029408887640341983,0.0019468345589710445,0.00390126042121612,0.0014816975286471301,0.0032825318957858647,0.007036295921806879,0.004549998103914953
2018-04-15,72.33915641605799,96.97741147525517,76.06696230996226,56.6192397655126,-5.642651142345745e-05,0.0029281805009264026,-0.0020662859265094813,0.0037906971341541973,-0.001946257600806356,0.0032546187864104627,-9.394668061379896e-06,0.004548982759215615
2018-04-16,72.39350133434338,97.34498565967198,75.89237066426034,56.95099023961033,0.0007512517560037679,0.0029210296055554243,0.003790307235727708,0.0035974605463850724,-0.0022952362024197814,0.003068057882258291,0.005859324064958482,0.004700227411520816
2018-04-17,72.73340661344967,97.36781394114124,75.5303360322647,56.80237653346889,0.004695245745007792,0.0030255070135478284,0.0002345090639703784,0.0035865980742685252,-0.004770369258818463,0.0030001534847873953,-0.0026095017051710467,0.004669918636141427
2018-04-18,72.51631651024343,97.54393778903348,75.43225211621696,56.3189795729539,-0.0029847371835612924,0.003074652341109736,0.0018088507974380885,0.0035070911660840054,-0.0012986029349298933,0.002918800924114016,-0.00851015380016995,0.004888589437885097
2018-04-19,72.73281921933456,97.19078211077456,75.74418771821738,56.122711744691486,0.0029855723444054405,0.0030444698361385978,-0.0036204779739640314,0.003374881551658141,0.0041353080843964385,0.00298830670742511,-0.0034849322510925873,0.004855204786964811
2018-04-20,72.68696550772086,96.98551788700406,75.7609110680535,56.556982751151786,-0.0006304404546100262,0.002998033999308643,-0.0021119721367870437,0.003366522909737573,0.00022078723582508175,0.002988632010302713,0.007737883522732192,0.005098775868546361
2018-04-21,72.67739201799769,96.83340308921882,75.95067258242929,56.17255351423882,-0.000131708479729431,0.002995097884981762,-0.0015684279581047456,0.0032808192516583256,0.002504741715755321,0.002961704122238292,-0.006797202011366799,0.005161612330496948
2018-04-22,72.82584792270914,97.19249924479264,76.41516528331668,56.16968879586805,0.002042669674700015,0.002990093056771345,0.003708391362048591,0.0033036199736354885,0.006115715438639091,0.0031504694913396065,-5.099854273216131e-05,0.0049223928392857705
2018-04-23,72.5808450744648,97.8685142430926,76.50432262380937,56.1755947465875,-0.0033642292569577847,0.0029834195211597505,0.006955423551742612,0.0033712659174979683,0.0011667492985474315,0.0031509508490781464,0.00010514480044410135,0.004879577502753971
2018-04-24,72.66621738848076,97.5707855065837,76.37269506049726,56.04316514723667,0.0011762375311057394,0.002986749640762621,-0.0030421299312808348,0.0034028981852725813,-0.001720524524599143,0.0031729362228216443,-0.002357422292513789,0.00486091787625352
2018-04-25,72.70403280704438,98.01141184705766,76.51661210670552,55.92930856388766,0.0005203988857911401,0.0029393469977888557,0.004515965902972319,0.003464421461959362,0.0018844044470900378,0.003097396377793289,-0.002031587313990668,0.004843994860736694
2018-04-26,72.81273883805281,97.1769470377488,76.38884301789959,55.94613331735464,0.0014951857113199019,0.0028106897157038143,-0.008513955605608414,0.003860953530500889,-0.0016698215627706237,0.003023304590989361,0.00030082176767409763,0.00469543301150182
2018-04-27,72.87645278403433,96.7368993387916,76.27296858535203,55.80315417722689,0.0008750384479181417,0.0028106030465945586,-0.004528313683143992,0.003957788150812917,-0.0015169025733300368,0.003026112846128314,-0.002555657230441599,0.004686393535032337
2018-04-28,73.41337972363792,96.3942164417118,75.88711312737493,55.44540925757136,0.007367632741329233,0.0030556362807569763,-0.0035424217586265128,0.00400951315244469,-0.005058875577201638,0.003171190619375567,-0.0064108368949782335,0.004678517210422037
2018-04-29,73.26915112792712,95.90426092756488,76.15589169418533,55.50040554224107,-0.0019646091251178666,0.0030916126773374688,-0.005082831026934076,0.0039860145262239815,0.0035418209460578165,0.0032326993171230677,0.0009918996974884742,0.004690105327000328
2018-04-30,73.1497674004741,95.33287188584522,76.07384269325279,55.76952484790581,-0.001629385977798048,0.0030723084124242394,-0.005957910901906782,0.003967856245731906,-0.001077382184191622,0.0031792793855667184,0.004848961066778346,0.004798089080318546
2018-05-01,73.01127242507806,95.53171915244872,76.14381241272733,55.98730656957164,-0.0018933071193216744,0.003081214046074385,0.0020858205849667577,0.003959395308811168,0.0009197605510302687,0.0031210881246339036,0.0039050309691497365,0.004823538127774138
2018-05-02,72.88891311106454,95.4894858016293,75.88874114355444,55.78163283074684,-0.0016758961999886468,0.003011551744813796,-0.00044208720615634967,0.0038783681249608642,-0.0033498620713959815,0.003130210431842554,-0.0036735780202112878,0.004862228802992301
2018-05-03,72.74978136204822,95.6743794083247,76.02745919568542,55.467042743489685,-0.0019088190930259819,0.002749215147427482,0.0019362718852575789,0.0038705113960426233,0.0018279134696486121,0.0031499553946876,-0.005639671542274183,0.0049364245673273995
2018-05-04,73.01058032596355,95.97693002508902,75.84666708275495,55.397349665378655,0.003584876257117786,0.00282370481534808,0.0031622950536536187,0.0039317312027631725,-0.0023779844130413785,0.003167881940583645,-0.0012564772640454303,0.0047145733893079345
2018-05-05,73.32115497480932,96.11445158616844,75.8323694979948,55.78980966448968,0.004253830711373308,0.002912950338646681,0.0014328605951812179,0.003885322779909945,-0.00018850643423184987,0.003166294023866807,0.007084454427542797,0.004889194027587661
2018-05-06,73.19281309878869,96.40163546866,76.08882546565103,55.95134309493734,-0.0017504071787293185,0.002826185013998041,0.002987936545984393,0.0038333410258366324,0.0033818799195375338,0.0032011502433822057,0.00289539310886866,0.004817184535774953
2018-05-07,73.00823329407228,96.40648251234796,76.32105508682533,56.12713911389889,-0.002521829629191563,0.0027190168443408957,5.02796831651775e-05,0.0037258177702834167,0.0030520857662488243,0.003244771620852705,0.003141944576080302,0.004843689143729966
2018-05-08,73.11106633537543,95.9803845572509,76.33515043458817,56.34945508227928,0.0014085129397520824,0.0027212362425329878,-0.004419806054457909,0.0037186257593985676,0.00018468491750822658,0.002988825473482876,0.003960935331644766,0.004845809159238838
2018-05-09,72.988816227148,96.42211291122776,75.88267436336433,56.45245355226028,-0.0016721149663805335,0.002727314315815439,0.00460227739255803,0.003821157987567775,-0.005927493017932384,0.003034064790345904,0.0018278521031056538,0.00477924596142945
2018-05-10,73.12721366671403,96.2264379903648,76.7008136732299,56.478810994459806,0.0018961458305517542,0.0027480119329632065,-0.002029357322247294,0.003798066193585855,0.010781635158875869,0.0036471248051132736,0.00046689630903506973,0.004606644558612523
2018-05-11,73.17056720084973,95.89970274455872,77.18679582637314,56.6427101462843,0.0005928508958825685,0.0026417963568309026,-0.003395483119086218,0.0037981094162693164,0.006336075588633028,0.0037739556882939672,0.0029019582554699053,0.004604295215857459
2018-05-12,72.8364034644482,95.8678781857998,77.3957341398094,56.4981293429522,-0.004566914665076638,0.00272843938751469,-0.00033185252767353735,0.003796479704928004,0.002706917824471633,0.003780785105586885,-0.0025525050436095986,0.004429193822973148
2018-05-13,73.17558954729002,95.55458206814588,77.20387273320938,56.13398037216274,0.004656820857545263,0.0027901605663023885,-0.003267998870765898,0.0036843531509540626,-0.002478966169549346,0.0036605539331785106,-0.006445327925443611,0.004431287415380373
2018-05-14,73.5684393488422,95.43467026623397,77.18684507943678,56.31415427407197,0.005368590864557543,0.0028932013444461463,-0.001254903734772217,0.0036576032999620263,-0.00022055439927792797,0.003657771872431773,0.0032097118485931997,0.004272691070597815
2018-05-15,73.42894461202097,95.60676455652056,77.0538779557072,56.62433741398306,-0.0018961220063373752,0.0029261146779552224,0.0018032680346304897,0.0036721969490696406,-0.0017226656121615003,0.003652990315348807,0.005508084848464323,0.004396856958172862
2018-05-16,73.34036434330928,95.7791868869094,77.40961131121584,56.33415220613264,-0.0012063399410100484,0.0029421636461327096,0.0018034532513324653,0.003610144783446961,0.004616683351266637,0.0036925305812463647,-0.0051247435485004544,0.004350263995937288
2018-05-17,73.40078141216117,95.47286274703508,77.49297831255785,56.53892800370326,0.0008237901378438384,0.002831802856531047,-0.003198232829393355,0.003639227953658779,0.0010769593068598038,0.0035471041021086884,0.0036350204902582117,0.004387842325592737
2018-05-18,73.47154665254568,95.32708921732348,77.29195175839777,56.96180509614812,0.0009640938287449607,0.0027644274066356603,-0.0015268582664986763,0.0036124184732200955,-0.0025941260555152335,0.0035820237168774625,0.007479397069876548,0.004307153031720215
2018-05-19,73.61333578685414,95.77856936716316,77.1778295900805,56.95403612467936,0.0019298509527638785,0.0027374937072469395,0.004736115972348687,0.003705213068087769,-0.001476507782776526,0.0035492122479608666,-0.0001363891375218973,0.004246302390812855
2018-05-20,74.05289750699353,96.00647253673378,77.4948213748881,56.73724291879133,0.005971224037613743,0.0029112310846360046,0.002379479784219374,0.003727718177626284,0.004107290739986613,0.003604216431063434,-0.003806459043805832,0.004087802753646546
2018-05-21,74.00597638901898,96.83900154669216,77.94059952326431,56.76276726022042,-0.0006336162331813666,0.0029171650436075566,0.00867159252872085,0.004064181088531556,0.005752360486382946,0.0037057431384499673,0.00044986925899137553,0.003873824578445062
2018-05-22,73.82152367348294,97.32405217932607,78.36593584374596,56.616114126525126,-0.0024924029725172936,0.002957489738084909,0.00500883554029663,0.004111647001804949,0.005457185639875517,0.003675419397167908,-0.0025836149429252497,0.003910417010858478
2018-05-23,73.5102587290244,97.79288485715465,78.5787533320088,56.45380834436943,-0.0042164524513919055,0.0029992569445521275,0.004817233431307688,0.0040050260122210845,0.0027156887233144023,0.0036909108839249132,-0.002866777147456312,0.00395219278148086
2018-05-24,73.34562609504074,97.26890540317538,78.51284089741654,56.55960968823341,-0.0022395871927282096,0.003034524321413116,-0.005358052937538771,0.00408681107076555,-0.0008388073340100943,0.0036728004164538787,0.00187412234828499,0.003934267476830049
2018-05-25,73.33615398211425,97.59003908258518,77.62621560391493,56.14658236890914,-0.00012914352812554153,0.0030353232007369895,0.0033015039912160926,0.004045364607717524,-0.011292742478393514,0.00429049732599394,-0.007302513606457839,0.0041541474619806945
2018-05-26,73.72890057667138,97.5902113665718,77.71795919345581,55.77926843622964,0.005355429392341904,0.003167008056686139,1.7653849535559374e-06,0.0037231366972920194,0.001181863482937251,0.004272573155060851,-0.006542053268105752,0.004329057784794303
2018-05-27,73.6094758634634,97.39605481390193,77.7278148678044,55.783687401406,-0.0016197815547756012,0.0031873837731963214,-0.001989508475809809,0.0036411253235559193,0.0001268133447001052,0.004255206911899963,7.922235805968292e-05,0.00430397529336762
2018-05-28,73.65488774773338,97.48430919034848,77.77621992128138,55.77764258033587,0.0006169298685703151,0.002899308228516561,0.0009061391307398914,0.003572005803541334,0.0006227507303442348,0.004117070581286931,-0.00010836180524653738,0.0041307278465363235
2018-05-29,73.64695712982724,97.87486465743127,77.80089042643617,55.86346662486117,-0.00010767266299149814,0.0028731152542620718,0.004006341844410954,0.0034767804315690826,0.00031719856248813016,0.004085754682706855,0.001538681818646026,0.004135512140518366
2018-05-30,73.90532097391953,98.08921157982326,77.44960059316907,56.33398634726203,0.003508140107361557,0.002914639920260917,0.0021900098982738925,0.0032509490606625266,-0.00451524180946572,0.004184932653245233,0.008422673185689122,0.004320607927815265
2018-05-31,74.45949946010083,97.76076937064444,77.6132763559611,56.35694105229802,0.007498492380228816,0.0031598186146319625,-0.003348402988350374,0.003336085838037983,0.0021133196496623263,0.0041936819332891884,0.0004074752476150856,0.004268095626960579
2018-06-01,74.3307025553028,98.07051610441412,77.79639434036064,56.50497362711062,-0.001729757864771031,0.0031612064727063937,0.0031684154673059517,0.003355750532892391,0.0023593641835153445,0.0041352390198547894,0.0026266964112766633,0.004224267713278191
2018-06-02,74.21236666580873,97.83686293761168,77.99221299816826,56.25241195573392,-0.0015920189830849196,0.003152854609623685,-0.002382501653745539,0.0034018532934706235,0.002517065983172806,0.004142845420133956,-0.004469724612976789,0.00417129066589243
2018-06-03,74.43657608575107,97.94039289650092,78.25917276652729,56.44373790511492,0.0030211867646263713,0.003136512351398885,0.0010581896820962555,0.003371981781106096,0.0034229028526899796,0.0041218680706800155,0.003401204370250932,0.004191170989210973
2018-06-04,74.57893818577728,97.83931325108534,78.43118275639256,56.30588245810753,0.0019125288603039081,0.0030722111052131984,-0.0010320526845588596,0.003383036323787951,0.002197953080572912,0.004120119697004262,-0.002442351483509686,0.004043777608111723
2018-06-05,74.98116562020923,97.77241404719308,78.32389308221283,56.32061443171585,0.005393311358630415,0.003161573639458124,-0.0006837660820511182,0.0033599528903641204,-0.001367946656025465,0.004121944833246727,0.000261641820804126,0.004014304308409344
2018-06-06,75.09853531787952,98.09150450054314,78.31062041273172,56.289582403054695,0.0015653223939569028,0.0031005287655129768,0.003263604120442798,0.003396921652608414,-0.000169458755927554,0.004107872120023021,-0.0005509888159828114,0.003978298622262277
2018-06-07,75.00274682035612,97.69974583283354,78.34189136849245,56.54797254721972,-0.001275504204149125,0.0031253487708022038,-0.003993808329317949,0.003376112911348688,0.0003993194741136463,0.004106830752871327,0.004590372376807705,0.004000936674409449
2018-06-08,75.1215876684093,98.48008992963632,78.37752034996423,56.20988974530641,0.0015844866100414023,0.003090856393497743,0.007987166088824438,0.003565799808613052,0.0004547883750238846,0.003902606576220086,-0.005978690069409542,0.004137885406936871
2018-06-09,75.3565169100715,97.77539107337884,78.6572202627569,55.6295503996686,0.003127319974907783,0.003111747232697593,-0.007155749520141419,0.003815695318938707,0.003568624160904532,0.0034844831347330403,-0.010324506030298108,0.0045338471885517685
2018-06-10,75.52529546707919,97.56112972690114,78.83815687994274,55.57657492082935,0.0022397340525850407,0.0031187232103615753,-0.00219136271535747,0.0037790332005122507,0.0023003179693030784,0.003340125297695124,-0.000952290256862609,0.004488653293450545
2018-06-11,75.62225506394373,97.72716170499396,79.41372829959246,55.69450286649093,0.00128380294661401,0.0029319937386947425,0.001701825087077058,0.0037803595863268153,0.007300670670500553,0.003534415858740592,0.002121900203990057,0.004500496082928719
2018-06-12,75.84555852075596,97.97557187260836,80.02486759525802,55.73276410243961,0.0029528801623730505,0.002879884888944645,0.00254187437024167,0.003721216294897416,0.007695637879637118,0.0036873860446929724,0.0006869840644847525,0.004360022132705346
2018-06-13,76.09122104998298,97.95383277647448,80.04017163253212,56.04168635178949,0.003238983719261457,0.0027986725974675684,-0.000221882819547492,0.003705900681284188,0.00019124101962297857,0.0036826653454356006,0.005542919938118729,0.004443503444255961
2018-06-14,76.3844445714702,97.94921665659028,78.95828685109007,56.15014611381012,0.003853578868114216,0.0027812332126520654,-4.712546465368561e-05,0.0037053251668318662,-0.013516772382860864,0.004537624699196306,0.001935340798629781,0.004333077066244404
2018-06-15,76.50852960497087,98.12800754180016,79.30169295128354,56.00522569826474,0.0016244804056220197,0.002740286348007485,0.0018253426756511537,0.0037055289159931954,0.004349209106336405,0.00453017258291341,-0.002580944584750444,0.004259081482358037
2018-06-16,76.44465716279788,98.05355082702962,79.15064088181472,55.41753650764002,-0.0008348408014475783,0.002769191397822613,-0.0007587712890105847,0.003640632760914115,-0.001904777361583121,0.004556863066014609,-0.010493470623455181,0.00459021441901512
2018-06-17,76.45334226527632,98.6169587543407,78.92878450585344,55.36000418558949,0.00011361294302014713,0.00277771422390297,0.005745920699036677,0.0037151252616286884,-0.0028029637345899916,0.0045622501992241314,-0.0010381609446424855,0.004325354196098164
2018-06-18,76.70508029796878,98.95960285550304,78.82068696762333,55.6180575360079,0.003292701472997539,0.0027989147693533037,0.0034744947064924148,0.003679968760708231,-0.001369557873048155,0.004560525086435624,0.004661367971601216,0.004443229816271957
2018-06-19,76.4901346340002,99.31332154820385,78.70033917919957,55.52048050531252,-0.0028022350427585607,0.0027603194500943366,0.003574374618472209,0.0037007446715250124,-0.0015268553606135882,0.004531820946540006,-0.0017544127756028427,0.004410730017109884
2018-06-20,76.54954128322433,98.93427456153267,78.87284712567183,55.52864513930798,0.0007766576632186606,0.002742013149992797,-0.0038166781733022237,0.0035219337085967612,0.002191959377448871,0.004435798587120366,0.00014705625601862948,0.00440832303358107
2018-06-21,76.43358800601067,98.91137554066532,78.44490861043167,55.63498109933986,-0.0015147481653045025,0.002703000638790656,-0.0002314569037762393,0.0034306427661830352,-0.005425676019509051,0.004453430049996481,0.0019149748704494485,0.0044193495150572455
2018-06-22,76.41552440022336,98.80126406173125,78.15495311901883,55.38125551848826,-0.0002363307317966301,0.0025214230637372803,-0.0011132337239492252,0.0033457982637812634,-0.003696294591313709,0.004474561286177704,-0.00456054043405818,0.004460292229179565
2018-06-23,76.68413780230932,98.41371403762028,78.25705189460028,55.53844216794414,0.0035151679477996023,0.002461362528223761,-0.003922520908931082,0.0032708108004617996,0.0013063634677890068,0.0044806500375567165,0.002838264463025819,0.004482373003600319
2018-06-24,76.70153125426245,98.56916240665812,78.43516398347997,55.94859841953656,0.00022681942382885012,0.0024541466095985023,0.0015795397070210715,0.0032329412294110926,0.0022759877169864495,0.003967171470778601,0.007385087438213311,0.004526661615044002
2018-06-25,76.68555154249717,98.36936256445875,78.61743578393661,55.903807023169264,-0.00020833628095784373,0.0023611821959132707,-0.0020270015217850323,0.003261308317676529,0.002323853118928021,0.003980851652704,-0.0008005812054739936,0.004363686561691254
2018-06-26,76.34621451248393,98.64139518557076,78.4056552050112,55.61874362956976,-0.004425045177189446,0.0025308334909132637,0.0027654201879547813,0.003263241324688369,-0.0026938118346603313,0.0040204268539625315,-0.005099176760562374,0.004465105885824988
2018-06-27,76.49339389331902,98.23066018204185,78.14367434252887,55.60264033336093,0.0019277888468332005,0.00253136669263391,-0.004163921270134208,0.0033672940126102473,-0.00334135161293303,0.00407414573041569,-0.0002895300245556731,0.004465255412600276
2018-06-28,76.616650296163,98.9216465027673,78.01365415285912,55.046731338223104,0.0016113339540912985,0.0025186624396500604,0.007034324308163198,0.0035251496806176464,-0.0016638607125105676,0.0040876291763178385,-0.009997888442076164,0.004803649623826349
2018-06-29,77.08806420496974,98.57581404904695,78.08874251480115,55.13390063114297,0.006152891140300154,0.0026411409936078854,-0.0034960240346452176,0.003575894851261588,0.0009625028177107087,0.003995710683633017,0.0015835507540724603,0.004520538773206369
2018-06-30,76.98732722435827,98.67452220791796,78.50379941645703,55.24935426955561,-0.0013067779253559397,0.0024212884614589966,0.0010013425688972788,0.0035159491959283525,0.00531519510097378,0.004088017646420539,0.0020940589563043233,0.004545304442268986
2018-07-01,77.00924187188177,98.99836636740513,77.94713473918422,55.6685696477265,0.00028465266055599514,0.0023669624621831366,0.0032819430207606803,0.0035191846037759466,-0.007090926571843181,0.0042900224242399965,0.007587697335349475,0.0047541283405613454
2018-07-02,77.03802272559302,98.78055046044706,77.89715537598387,55.620276664136405,0.00037373246394412085,0.002314098085620491,-0.002200196982541147,0.003514511532861075,-0.0006411956432725852,0.004266676885686012,-0.0008675089713224837,0.0046951681255686705
2018-07-03,77.37357218492163,99.12769142026048,77.54448094049043,55.723092749840376,0.0043556343667310315,0.0023616745696659097,0.0035142642776870847,0.0035604621453031414,-0.004527436641186711,0.004291530454690492,0.001848536035245374,0.004660640894009879
2018-07-04,77.31975145186767,98.64723779810272,77.10945182226608,55.50712837882136,-0.0006955958156529274,0.0023859792704726264,-0.004846815408227623,0.0036797818335850504,-0.005610059064786288,0.004371040588775654,-0.003875670935720499,0.00468936976288624
2018-07-05,77.35325476760546,99.2318882631142,77.38714041867092,55.419308055399135,0.00043330863212420745,0.002254058065097284,0.005926678516919637,0.003815455239341549,0.0036012264364801982,0.004432968519952626,-0.0015821449602451132,0.004691593233794172
2018-07-06,77.46287627700616,99.24345702511538,77.54933460088725,55.0406434280876,0.0014171544523891022,0.002253032099256939,0.00011658310855167109,0.0037799802063728455,0.002095880288880636,0.004456114168727071,-0.00683272023051984,0.004830817847948077
2018-07-07,77.47394582596338,99.0125598691992,77.68481926948378,54.99616962616523,0.00014290134176841995,0.0022174486389021416,-0.002326573084387329,0.003725069249765699,0.001747077125726637,0.004470345187554069,-0.0008080174785832783,0.0047249415632639735
2018-07-08,77.33784249342838,98.9022280497562,77.94775804810527,54.92462770087829,-0.0017567626262477987,0.0022745928566377193,-0.0011143214516293742,0.003450719555470947,0.003384686752110122,0.004518494280866183,-0.0013008528734500535,0.004628314811359425
2018-07-09,77.35168517292495,99.23150909979398,77.82743564829146,55.0029857329979,0.0001789897293520415,0.0022417203283761453,0.003329359272595145,0.003207862161121606,-0.0015436287434920093,0.004468629512859093,0.001426646577312285,0.004274723902352916
2018-07-10,77.56956954918567,99.00557644785252,77.72110572678257,54.85262302502901,0.0028168019322867277,0.0022562731645242706,-0.0022768237023811366,0.0032103695931260017,-0.0013662267119964877,0.0044438911063929745,-0.0027337190147966872,0.004295433815666541
2018-07-11,77.297699342783,98.71711413173756,78.328051580451,54.8779985295391,-0.0035048564531517945,0.0023929303253760682,-0.002913596652476369,0.0032607368017634223,0.007809279705850658,0.004475401471790739,0.00046261241688494437,0.004272087100269652
2018-07-12,77.29780421165667,98.64078382033398,78.26821789661716,54.80033878913451,1.3566881622573135e-06,0.0023589686767269704,-0.000773222678508545,0.0032396894492864566,-0.0007638857679536093,0.0042027297240987355,-0.0014151343431884067,0.004269468178106607
2018-07-13,77.10476422601711,98.18831377733392,78.47787056117183,54.72368132172412,-0.0024973540659832816,0.0023730707336675574,-0.004587048333113408,0.0033566316085075214,0.0026786436460275453,0.00424586701620395,-0.0013988502462612962,0.0041129133357364536
2018-07-14,77.3521181188537,98.91966610677136,78.48631763171457,54.74897725228162,0.0032080234641729266,0.0023438329936329026,0.007448466129034159,0.003615438877163063,0.00010763633725452415,0.0034818520509075322,0.0004622483346612416,0.0040880365595435805
2018-07-15,76.96761301343655,98.70479481359745,77.98527168090023,54.76433415618144,-0.004970841326236819,0.002529173016515528,-0.002172179725535961,0.0036322438462830712,-0.0063838636584458985,0.0035496960977633046,0.0002804966351983573,0.0040792412832454964
2018-07-16,76.8106741691706,99.04449686907142,77.43777836124507,54.95721118381171,-0.0020390244431583993,0.0025556216160899617,0.0034415962883616036,0.0036746504137411262,-0.007020470761394448,0.003734976313111496,0.003521946000113907,0.0037093127116350068
2018-07-17,76.87101984611981,99.13554675639176,77.295650632821,54.93163061278199,0.0007856418082765604,0.002558123413434075,0.0009192826476840388,0.0035328049394921976,-0.001835379725914299,0.003720538949695269,-0.0004654634119654055,0.0037067029968544285
2018-07-18,77.20503326006899,98.75232883270571,77.59727504692538,54.849538550895375,0.004345114903091085,0.002608924606740722,-0.003865595502567154,0.003550962041758689,0.0039022171575628928,0.0038107390505458575,-0.00149444065233173,0.0035939890454898017
2018-07-19,77.1601355910042,98.76094863018312,77.82504680121221,54.80975476777098,-0.0005815381092258987,0.0025510842781698434,8.728702987870207e-05,0.0034842096503913808,0.0029353060935335407,0.0038566595993791736,-0.0007253257579820094,0.003586085673271866
2018-07-20,77.00235662143722,99.0815758898417,78.08602244566532,54.63854842623277,-0.002044824939179901,0.00258446335605617,0.0032464983792246382,0.0034686021868199687,0.003353363154662947,0.0038889115330580956,-0.003123647282561648,0.003617730734214849
2018-07-21,77.40897479965382,99.0147575113992,77.82630199826444,54.55603968728003,0.005280593946177969,0.0027230754971458893,-0.0006743774293295202,0.003470807236375099,-0.0033260811508436516,0.003812120781708956,-0.0015100829236730506,0.003591791683746222
2018-07-22,77.0415136546079,99.49577564987146,78.27852660607199,55.061121532195074,-0.004747009581214212,0.0028808846636197956,0.0048580449072643805,0.003572095089231638,0.005810691195601736,0.003910234329363736,0.009258037200101432,0.003941549809409616
2018-07-23,76.5051453641838,99.90607595699817,78.02281989110155,54.83869197318977,-0.006962068435320989,0.0031012994974140367,0.004123796256140233,0.0035508151835607817,-0.0032666265712595344,0.003948917435850294,-0.004039684496350948,0.003959581708532371
2018-07-24,76.58230851605353,100.27299175565165,78.09160020625762,54.77484407929871,0.0010086008137415448,0.0031071867458332477,0.003672607447933407,0.003592911286603792,0.0008815410062348317,0.003928231470640401,-0.0011642854997758745,0.0036763656916870683
2018-07-25,76.4425649237254,100.0846663159266,78.09895093146788,54.68459753518822,-0.0018247503246632268,0.0031240466364203085,-0.0018781272646573033,0.0035892907021139032,9.412952469722846e-05,0.0039010285654115045,-0.0016475910726434506,0.0036804152535780013
2018-07-26,76.1851261985624,99.65031947678084,78.0615926150398,54.62952552086941,-0.0033677405437647634,0.00307922658279048,-0.004339794047718559,0.003673718398247299,-0.00047834594424789323,0.003873321062203421,-0.0010070845686186436,0.0035874896402834826
2018-07-27,76.3258662064991,99.40805992200568,78.43781871195587,54.55414623300263,0.0018473423220417562,0.003077465101546532,-0.002431096619129325,0.0036134974056464715,0.004819605702530705,0.003926892075477722,-0.0013798268820397475,0.003589843832798561
2018-07-28,76.35946274015389,99.49083571080646,78.25189039267262,54.62915401134608,0.00044017232066373424,0.0030628144110914648,0.0008326868954664501,0.003391665400112816,-0.0023703912517765158,0.003940134583049452,0.0013749235121944814,0.00313836675635478
2018-07-29,76.20779343915551,99.71198750050986,77.89138823480673,54.21479785692679,-0.001986254166225554,0.002841639240070294,0.0022228357830487155,0.0033372292812576137,-0.004606945034258847,0.004028752374023618,-0.00758489055739775,0.0033900731108553886
2018-07-30,75.89387880397031,98.84763727837831,77.90878081617113,54.47609473659238,-0.004119193339928273,0.0029186556818084513,-0.008668468494092862,0.0037208259905119113,0.00022329273824173157,0.0038989378797141985,0.004819659760701311,0.0034983012377188204
2018-07-31,76.07382732716813,98.8547585306099,77.81160992045864,54.638048688748086,0.002371054504443304,0.0029618597764209994,7.204271571548126e-05,0.0036709507564037687,-0.0012472393316200758,0.003685309302363143,0.0029729361647305996,0.0032226561712799064
2018-08-01,76.2021534061986,98.92755356081312,78.74404951364693,54.33848199034348,0.0016868624011592281,0.0029833598449722078,0.0007363836732319218,0.0036505095465262137,0.011983296504743501,0.004287263060155127,-0.005482748846158847,0.003342912206277782
2018-08-02,76.15844917510006,98.82732151080566,78.93599391857315,53.791257469451246,-0.0005735301319580444,0.0028473719624172063,-0.0010131863813437336,0.0035957867993266068,0.002437573456175235,0.00420065564247758,-0.010070662647320261,0.0037090371598200132
2018-08-03,76.55971662541559,99.34837399434596,78.82694351103912,53.5652340285117,0.0052688500706330466,0.0030368718696485706,0.005272352579982931,0.0036092519957610144,-0.001381504205122397,0.00405340289882058,-0.0042018620045813915,0.003717714006097561
2018-08-04,76.2901597576389,99.52149009059164,78.54050904662054,53.51839771492863,-0.0035208707615200785,0.0030882109320227113,0.0017425156475689985,0.003459769152211149,-0.0036337126832586275,0.004092491937009957,-0.0008743789592731144,0.003717317429769867
2018-08-05,75.91941513166572,100.04687346626832,78.03085157633588,54.15171690153517,-0.004859665088538079,0.0031684732126324474,0.005279094748264379,0.0035865369737693525,-0.006489103221652637,0.004273305523323955,0.01183367241261557,0.004257363497091571
2018-08-06,75.74319340535969,99.95905132747149,77.76205012805923,54.292713806919934,-0.0023211681228103576,0.0031787077936919965,-0.0008778099280278839,0.0035599542734974896,-0.003444809877714672,0.0043140635936919705,0.002603738412230605,0.004295187505924643
2018-08-07,75.71562223235621,100.33339474724303,77.80662475266658,53.858963022596015,-0.00036400858960261573,0.0031736323211262038,0.0037449677122802782,0.003602579811943486,0.0005732182283511023,0.004269252243942863,-0.007989115922008572,0.004510651541580379
2018-08-08,75.75394161534972,100.98537442577512,78.2083169991294,53.701965110844014,0.0005060961247325135,0.003177321509130783,0.006498132353385699,0.003732937000598328,0.005162699805315141,0.004362981921133483,-0.0029149820743138433,0.004511605494603742
2018-08-09,75.6819078638185,101.50440753884716,78.52532481267491,53.70007301047997,-0.0009508911351040483,0.0031076015790896896,0.005139685979513198,0.00378173349037976,0.00405337725844479,0.0044090555700319264,-3.5233354312880216e-05,0.004498351726731553
2018-08-10,75.74523529078165,101.0448652005829,78.59585479488467,53.77235561427307,0.0008367578031609479,0.003079036349900375,-0.004527314127599658,0.003847836199115372,0.0008981813494948199,0.004180647583493333,0.0013460429332934343,0.004509089140958408
2018-08-11,75.44378529704024,100.93096192610766,78.5140203641402,53.46482742190008,-0.003979788201649459,0.0031343337456932467,-0.0011272544552277663,0.0038533168407084042,-0.0010412054294471895,0.004182980378755276,-0.005719076072824181,0.004601195616559391
2018-08-12,75.75588417203375,100.78142510950484,78.59563514271703,53.44454531035576,0.0041368400825156915,0.003242908200331808,-0.0014815752644099511,0.003744549551300409,0.0010394930510284617,0.004158948073309196,-0.0003793542880868861,0.004600475506298265
2018-08-13,75.72016179148338,100.97001726477436,78.46012371557832,53.2842549083745,-0.0004715459523809695,0.0031631832025683145,0.0018712987543547666,0.003539846713675023,-0.0017241597054676872,0.004171626730446725,-0.002999191050282901,0.004611693812290942
2018-08-14,75.95723696244501,101.23668705635384,78.94025913814764,53.03271889402577,0.0031309385156159664,0.0031321822239017308,0.002641078993580903,0.0035146291614564502,0.006119483373615786,0.004136561477900281,-0.004720644302547927,0.00465796105779839
2018-08-15,76.01679432880266,100.8837426050801,78.89254884318424,53.10906789117448,0.0007840907428886545,0.0031247488064391473,-0.003486329526738441,0.0035657448828687664,-0.0006043848282775155,0.0038979039127377654,0.0014396583607430014,0.004602514902491579
2018-08-16,76.10199317838365,100.90151156587224,78.87368991797574,53.30803280609536,0.001120789824581081,0.003129513108773177,0.00017613304515973205,0.0035661729082823927,-0.00023904570818200632,0.0038739396137204563,0.0037463454513753103,0.004686928346407824
2018-08-17,76.21248439311562,100.07649400311315,78.26716931725097,53.5227971458898,0.0014518833228582828,0.0030232377427121164,-0.008176463860211647,0.003829249041362323,-0.007689770839370058,0.004112354330218505,0.004028742545717723,0.004774055990543454
2018-08-18,76.29443028484457,100.65231119435072,78.22356062759833,53.6730556585109,0.0010752292407403274,0.003035421212831749,0.0057537706228962815,0.0039485743986548945,-0.0005571772945547337,0.004084363854491089,0.002807374065513235,0.004819438528145516
2018-08-19,76.42051815688376,100.43884327289258,78.46288443642979,53.56407261856077,0.0016526484511181216,0.003040200030932622,-0.0021208447071418,0.003948001965835265,0.003059484980117544,0.004076831703857278,-0.002030498144982018,0.0048044906541691666
2018-08-20,76.70326644536375,100.45628931738018,78.17817511689472,53.74801657743735,0.003699900174708892,0.00295353629775467,0.0001736981820887884,0.003942623323989683,-0.003628585943277862,0.00408613665795843,0.00343409210472978,0.004858489309256757
2018-08-21,76.72430634039013,100.32671500283872,77.98350972510941,53.83353095497745,0.0002743024645679437,0.0028327005854892747,-0.0012898576626902969,0.003866769318978798,-0.0024900222024143437,0.003969575995318203,0.001591023873725561,0.00451798347344376
2018-08-22,76.86319401770169,100.78280549630573,78.21216041928525,53.87630282893616,0.001810217438726447,0.002541297409055399,0.004546052299769787,0.0038819650822514763,0.0029320390295568544,0.003961364026002639,0.0007945210577862127,0.004482359076553024
2018-08-23,76.81712848473904,99.63051038522018,77.8185162754554,53.73810695877022,-0.0005993184846316835,0.0025397114704301333,-0.011433449440220067,0.00437733098346722,-0.005033029924241816,0.00406631772019684,-0.002565058530551556,0.004495927636737176
2018-08-24,77.12404502243201,99.62708387698277,78.12025938228277,53.62877638524588,0.003995417997874506,0.0026085676435495084,-3.439215782552463e-05,0.0043659579171074145,0.0038775232588512676,0.004130983017334784,-0.002034507348913861,0.004499509890914304
2018-08-25,76.94016348279467,99.58816557359084,77.98613679992914,53.65799948923107,-0.0023842310084210006,0.0025667386622344485,-0.00039063979268905147,0.004294015198688613,-0.0017168732338341819,0.00414228085266162,0.0005449146140359407,0.004504062135778442
2018-08-26,77.32999825190913,99.41112021181004,77.89252526938269,54.25837837936282,0.005066726550452927,0.002696309069456251,-0.0017777751077256987,0.0042829652901598585,-0.001200361171711961,0.004044204297182994,0.011188991312511387,0.004986599510690481
2018-08-27,77.29172138154641,100.10298428322332,77.59933774936403,54.34004616988714,-0.0004949808771239628,0.0027016985853023615,0.006959624536361231,0.004465732316526947,-0.0037640007048777013,0.004077567739013062,0.0015051646024750731,0.004988046663297722
2018-08-28,76.93135387479343,99.74626304297726,77.71749355351231,54.19827915826872,-0.0046624334445087845,0.002824857378166504,-0.0035635425137454657,0.004500805229481041,0.0015226393365612712,0.004005752146356463,-0.00260888647711488,0.004812442841234851
2018-08-29,76.93526299208241,100.0563617593251,78.40123642132552,54.00370414391002,5.0813057252963034e-05,0.00269872465882168,0.0031088755296448944,0.004221694967177209,0.008797798752251618,0.004320683710148836,-0.003590058898189419,0.0047667951112640135
2018-08-30,76.75242827283927,100.19803511182896,78.625126660944,53.89365844512216,-0.0023764748716328388,0.0027217675810871896,0.00141593547889185,0.004225071741334423,0.0028556978159797186,0.004337572842410692,-0.002037743531343783,0.004736599632207462
2018-08-31,76.9218566041282,100.70133759491438,78.39504241443845,54.43173738903797,0.0022074654196821974,0.0027325554090959054,0.005023077373959461,0.0043064912413188295,-0.0029263450028862437,0.003777365660114701,0.00998408642945825,0.005003721696420145
2018-09-01,76.74580487413522,100.42523035258516,78.71622054127839,54.3411552614714,-0.002288708798319994,0.002769523380781202,-0.002741842848601461,0.004340273936107573,0.00409691884777641,0.0038282341425528235,-0.0016641417656606539,0.004638337525662113
2018-09-02,76.6190813732656,100.1262535952224,78.63611384082247,54.57061317403107,-0.0016512107870579884,0.002622206743918696,-0.0029771080067536593,0.004291419863741932,-0.0010176644648978161,0.003824562492370217,0.004222543879599083,0.004608207546926711
2018-09-03,76.1618156975128,100.56372404798849,79.02221771109197,54.48477680269284,-0.005968039130163194,0.002770330114565735,0.0043691882703875695,0.004348931535739839,0.0049100070109142635,0.0038681811652624596,-0.0015729413020243443,0.004617827633684283
2018-09-04,76.03919227038028,100.72891909231176,79.25016927440767,54.55575439361181,-0.001610038127498492,0.002636165259547997,0.0016426902035215907,0.004256696074078978,0.0028846515564660002,0.0036824317141175528,0.0013027049954887904,0.004106993138789732
2018-09-05,75.46799166691291,100.09889792538684,78.43691025634458,54.75669336551995,-0.007511923606924986,0.002949313874889585,-0.006254620545938172,0.004415413492123189,-0.010261921526591888,0.004120084882222036,0.0036831856536783114,0.004132918228299806
2018-09-06,75.09560974151697,99.88179885850496,78.17075076716023,54.621265296003806,-0.004934302837148463,0.0030777465951458863,-0.002168845725391444,0.004376885085359948,-0.003393293900977201,0.004174180795494984,-0.0024732696806967214,0.003865879983972943
2018-09-07,75.25604843238025,100.0372007772404,78.4407161129909,54.46990368651868,0.002136458994281165,0.003106176005258932,0.001555858229541629,0.00420813151322307,0.0034535340032078032,0.004114845615595028,-0.0027711113732878934,0.0038616155086599476
2018-09-08,75.42139671981188,100.37193402264916,78.49190453202684,54.88354791594884,0.0021971428327145492,0.0031335164062334885,0.003346087683462118,0.004140291430991504,0.0006525746012084888,0.004048693271678944,0.007593995976397094,0.004071958215721987
2018-09-09,75.5043716760118,100.09539712262452,78.21985900446508,55.13153599321793,0.0011001514133737178,0.0031366285705212225,-0.002755121765036783,0.004091217251129211,-0.003465905550180115,0.004093231949835879,0.004518441075436197,0.004129167507028894
2018-09-10,75.27145005216074,98.92755148863796,78.05774572438298,55.33117030597012,-0.003084875996988923,0.003102542128213234,-0.01166732604652998,0.0045866914559353844,-0.0020725335246748466,0.004105273106071878,0.0036210547947865823,0.003966426069180921
2018-09-11,75.2486263730214,99.14515437035958,77.54958963558124,55.52958037803527,-0.00030321827364210296,0.0029990405358782867,0.0021996185940840185,0.00461306064342676,-0.0065100021027511,0.004256169823862443,0.003585864368456093,0.003979682182232831
2018-09-12,75.23598172518659,98.6696468909244,77.54213868109822,55.64571632288084,-0.00016803825457389898,0.0029986731176939838,-0.004796073821811908,0.004653555958886952,-9.607986990045614e-05,0.0042495761398953745,0.002091424859596236,0.003898448213980067
2018-09-13,74.96283831811242,97.88656982849916,78.1587514984603,56.15163425736847,-0.0036304890400962186,0.0029930409875790773,-0.007936352131582058,0.004786006244715049,0.007951970732945401,0.004358057643394572,0.009091767846999721,0.003959246069324238
2018-09-14,75.2913768606608,96.79829146007512,78.39094139357778,56.16055267391096,0.0043826854734903,0.0031132730085027573,-0.01111774955778655,0.005108602121155837,0.002970747237717175,0.004398771830448807,0.0001588273727104461,0.003971427504298101
2018-09-15,75.47751933907865,97.14449527273376,79.00217953908543,56.30421608204915,0.0024722947856610222,0.0031443869554461266,0.0035765487947836405,0.005181168892498548,0.007797305844801761,0.004634879786545819,0.002558083945013001,0.003957987512425613
2018-09-16,75.41406330120954,97.22228063320776,79.2517235103178,55.93356452069589,-0.000840727655396889,0.003128921421634245,0.0008007181493465687,0.005024260382193085,0.003158697300356339,0.0044275798839546274,-0.006583016106877948,0.004220379381095634
2018-09-17,75.40725636653399,97.16162245297014,79.54036746078506,55.724982064418505,-9.026081313723289e-05,0.0031178793219927077,-0.000623912336169874,0.0048630899434131715,0.0036421157507027235,0.004461665160673699,-0.0037291107417301017,0.004317015319154984
2018-09-18,75.4416030135123,97.72915513274614,80.09133833819433,55.42409169220465,0.0004554819871893656,0.0030984999403147785,0.005841119831553998,0.005023698391113489,0.006926934021029174,0.004590210118972297,-0.005399559785699393,0.004447426013261799
2018-09-19,74.96649182697908,98.00062827627946,80.19414100866298,55.74375324460025,-0.006297734506623964,0.0031762190967841585,0.002777811218817705,0.0050651988719964515,0.0012835678938782902,0.004517697239063671,0.0057675559966021694,0.004508768182719783
2018-09-20,74.90157236460824,98.65397971926669,80.13785719618305,55.10358797723123,-0.0008659797302595917,0.0031702536500483724,0.0066668087182597535,0.00524446428065574,-0.0007018444461404094,0.004483656744482699,-0.011484071848553379,0.005069347458975461
2018-09-21,74.7395350082374,98.1178520546202,80.42426715937613,55.0074892693578,-0.00216333718045425,0.003140467356515128,-0.005434425110594776,0.005226774617226126,0.003573965828558734,0.004495114534275014,-0.0017439646201103942,0.005090411291594594
2018-09-22,74.50743365954494,98.1229709045366,80.82800094655762,54.270631813079255,-0.003105469530508498,0.0031646423805546096,5.21704237221865e-05,0.004832876228412477,0.005020049313988917,0.004408372271988809,-0.013395584238908631,0.005680236675377008
2018-09-23,74.43887720579527,97.50707763617936,80.68347593961278,54.07574818896998,-0.0009201290446123611,0.003020391033231884,-0.006276749090245559,0.0049453542989418816,-0.0017880561841484566,0.004414387976555972,-0.003590959190976406,0.005709745242275175
2018-09-24,74.83516434929471,97.44217768429591,80.47219542512784,53.96543958651721,0.005323658259968944,0.0032343372518150873,-0.0006655922160400118,0.00494500664203835,-0.0026186342621514758,0.004437144095721213,-0.002039890452690374,0.005725285766600689
2018-09-25,74.9709205570926,97.37048041853132,80.50555651368347,54.31148680087996,0.0018140697488715496,0.0030774714414795253,-0.0007357929334963487,0.0049409351318712375,0.0004145666509953738,0.004418582427068012,0.00641238572342151,0.005470055152182873
2018-09-26,74.83334890099755,97.64044378844224,80.73387553886265,54.416348265532,-0.0018350002250576702,0.003079198435801523,0.0027725381321990206,0.0047740318025139014,0.0028360654228924975,0.004330982035427942,0.001930741926408519,0.005474516893509419
2018-09-27,74.95387649954303,97.68160764680572,80.9516060105983,54.21970653711934,0.0016106134539686234,0.003039733101858133,0.0004215861457232961,0.004750412376585502,0.002696891116429123,0.0043380842311567845,-0.003613651681533603,0.005494453003286847
2018-09-28,75.25964708052084,97.9481891706571,80.53857454494047,54.48820475801857,0.0040794498598037965,0.00316779308394661,0.0027290861634390318,0.0047404459910784505,-0.005102202241716425,0.004258869004858301,0.004952041205081192,0.005521770809638691
2018-09-29,75.45722463203288,98.2442672865258,81.0713286543231,54.49957398945564,0.0026252787406861877,0.0032094386683914258,0.003022803365489768,0.004774121398708062,0.006614893700227498,0.004372019754605532,0.00020865490958210664,0.005504003116870477
2018-09-30,75.45806086760078,99.10875721477908,80.87898731312633,54.51572650917056,1.1082246557325703e-05,0.0031688755141375795,0.008799393105879849,0.004974312926530147,-0.0023724952383213926,0.004355872313487673,0.00029637882523725345,0.0051971843208799525
2018-10-01,75.2989853435112,98.99302654705428,80.79517028495187,54.22754253425318,-0.002108131619876774,0.0031657967323061855,-0.0011677138426222644,0.004958336318561073,-0.0010363263804227252,0.004332796318431752,-0.005286253955891107,0.005280138170318568
2018-10-02,75.44535357490278,98.63083070488022,80.53186508755188,53.99434130594132,0.0019438274064895733,0.003193700919378037,-0.003658801582371085,0.004971781194947083,-0.003258922488452609,0.0043856170360926355,-0.0043004203659894324,0.00527126014924842
2018-10-03,75.52197195274265,98.74189756570578,81.28656416037289,53.8034755609204,0.0010155479987750127,0.003032563006476438,0.0011260866407776238,0.004897192393165582,0.009371434177024573,0.004600061854594597,-0.0035349212603491553,0.005299176870668123
2018-10-04,75.7118025363157,98.43794717190944,81.34343595138876,53.825332362716345,0.0025135808648089064,0.003063342963632357,-0.003078231240128626,0.004898571174364106,0.0006996456499706039,0.0045856884306872065,0.00040623401310191376,0.005291732947609318
2018-10-05,75.84165620858388,99.0373722893782,81.08874016084737,53.85469480790067,0.0017151047514143425,0.0027441656114877947,0.006089370356554991,0.004938950280328795,-0.0031311166975243054,0.004152629461788893,0.0005455134951413143,0.0052382560680456925
2018-10-06,76.06507308687388,98.93526039994096,81.32366097541458,54.23924768053092,0.002945833325099567,0.002612907567101027,-0.0010310440097186513,0.004928808169360094,0.0028970830487837773,0.004075111297456064,0.007140563585068094,0.005407266848909935
2018-10-07,75.92585111184553,98.72254733816716,81.5304197742742,54.3415697331433,-0.001830300943369112,0.0026239702699075696,-0.0021500227614897893,0.004926986245518538,0.002542418730043572,0.00406209020919052,0.0018864946876671063,0.005398343843473245
2018-10-08,76.20997174246756,98.5496382030817,81.46301922849366,53.68727135203389,0.00374208028571843,0.0026771348975376517,-0.0017514654934214224,0.0048799766670598954,-0.0008266919999569966,0.0040791195416838896,-0.01204047627483884,0.005623356173013951
2018-10-09,76.2370153112357,98.84775099401168,81.68947021829389,53.76194729974369,0.00035485603983054226,0.0026733913476909943,0.0030250013735784176,0.004905950416607245,0.0027798010918924643,0.003988655620602721,0.0013909432502192676,0.005551442700862057
2018-10-10,76.69334772356218,98.79741533130807,81.43844628543943,53.421987294024746,0.005985706686752135,0.0027849988614775585,-0.0005092241573271261,0.004421862209808617,-0.0030729044047375087,0.0040231990493640925,-0.006323431772728316,0.005573771065166853
2018-10-11,76.51291117496032,98.5563865324456,81.28502365124994,53.202360090762376,-0.0023527014266248036,0.002833340264854787,-0.002439626563652597,0.00442216128014082,-0.0018839091508664474,0.0037906232763697373,-0.004111176210154444,0.005524969496514876
2018-10-12,76.89098964816885,99.22783095457334,80.70151697474122,53.02162891595759,0.004941368291999648,0.0029396732340352216,0.006812794642249598,0.004512125228816559,-0.007178526256106266,0.004105815888652556,-0.0033970518318446885,0.005495777098543054
2018-10-13,76.91328592724425,98.89639080275698,80.32079456479647,52.87798359760467,0.0002899725855709523,0.0028240233697553606,-0.0033401934581043236,0.004299425779722536,-0.00471766113224259,0.0040535465889331105,-0.0027091834274011184,0.0051135841544088945
2018-10-14,76.73948711294939,98.92211747160478,80.82533226100932,52.5661138198529,-0.0022596722035678196,0.0027986210218527013,0.0002601375908561909,0.003714951758381472,0.006281532683367841,0.004155158735822183,-0.005897913583941872,0.005145382996685521
2018-10-15,76.60602758208712,99.19165735205496,81.28199185225067,52.63114702803514,-0.001739124613457932,0.002809095547050109,0.0027247686092803924,0.0036956537508798554,0.005649956250927124,0.004051740166074579,0.0012371697935500414,0.005108877896059876
2018-10-16,76.51145040226136,98.5532095500214,81.28931823100667,52.31359396532363,-0.0012345918827917357,0.0028164818192674104,-0.006436507051873819,0.003918480425333,9.013532504620336e-05,0.004032922652214354,-0.006033557705712789,0.0050937097355463964
2018-10-17,76.58864868057351,98.75760531442492,81.7510405377327,52.41570315538676,0.0010089767989795995,0.002815883333783362,0.002073963550621505,0.003923683977851043,0.005679987442063661,0.004098132563020077,0.0019518672360918643,0.005140868761619913
2018-10-18,76.68804824699085,98.35391332200192,81.6900444025693,52.9609877540071,0.0012978367960492232,0.0028193932654421183,-0.004087705358364335,0.00388055792357008,-0.0007461205969023776,0.0039471151521009275,0.010403077051238663,0.0055745717040249975
2018-10-19,76.53458484602248,98.69465740978056,81.60581286821481,52.659116378469925,-0.0020011384365149487,0.002556397949348507,0.0034644690411360646,0.0038981517739513625,-0.0010311113792446092,0.003957248204540736,-0.005699881900603998,0.005450905025209427
2018-10-20,76.50877855794693,98.32839194659933,81.60806682589173,52.60815181943004,-0.0003371846613851037,0.0025470809384600143,-0.0037110971636539203,0.003766655801880394,2.762006280798701e-05,0.003951277135756567,-0.0009678202473735187,0.0051414286356522175
2018-10-21,76.98051959968153,98.61821025381349,81.55852801780068,52.02746669942537,0.006165842020041001,0.00267376044378308,0.0029474529327353505,0.0036671330971280924,-0.0006070332262217981,0.003916849392594586,-0.011037930433249077,0.005426801778366473
2018-10-22,77.35580406298459,99.0689911949676,81.48370166228281,51.97656003503561,0.0048750575503340166,0.0026492634912367976,0.004570970614797609,0.003753652527600682,-0.0009174559342407518,0.003828244052051982,-0.0009784574883081598,0.00496935890050525
2018-10-23,77.43040923410624,99.4205424372245,81.79706289564989,52.1466857768902,0.0009644418027237034,0.0026180750977102245,0.003548549733034534,0.0035823534451858738,0.003845692168795045,0.003861515225586097,0.0032731243033381485,0.005023994418430883
2018-10-24,77.41202662862675,99.52723643485356,81.82475303527147,52.33476928810487,-0.00023740808890615472,0.002519669398360261,0.0010731584742300626,0.003574320938020817,0.0003385224192817837,0.003817599940442056,0.003606816203418628,0.005096613208516525
2018-10-25,77.41288473453933,99.44087287820354,82.01332224958564,52.37105419873314,1.1084917292070173e-05,0.0025243421079776574,-0.0008677379152043363,0.0035762447239568052,0.002304549751991125,0.0038306418395477907,0.000693323217467956,0.004913077307413455
2018-10-26,77.52838709989562,99.21819167804502,82.29236630070808,52.59851731838755,0.001492030244737208,0.0024645982098971475,-0.002239332718159681,0.0035934854937017383,0.00340242345351216,0.0038432851073124667,0.004343298471542134,0.004985308090850716
2018-10-27,77.2626290608793,99.81082152473245,82.38485653904556,53.2179262570038,-0.0034278804055847267,0.002602280218743219,0.00597299584546418,0.003727573960359528,0.001123922454720816,0.0038250083171742734,0.011776167279903937,0.005486472687171662
2018-10-28,77.17729362142383,99.53453085706732,82.08502990882232,53.64166905555072,-0.0011044853183579395,0.0025636039094748455,-0.0027681434081440193,0.003760667425644731,-0.00363934153458334,0.0037586601321650797,0.00796240718776886,0.005617611399070132
2018-10-29,76.76601557800011,99.12737944591002,81.6788850928278,53.52705680382388,-0.005329003183775161,0.002775419917701759,-0.004090554379986733,0.0038226305442288994,-0.004947854882256353,0.003717570472612703,-0.002136627247898426,0.005623630790729947
2018-10-30,76.83634226136866,99.4009853044286,81.70739979542836,53.18963644062951,0.0009161174100158487,0.0027739738287914516,0.0027601441705404905,0.003505781466313025,0.0003491073925427912,0.0036842847377213978,-0.0063037346594827515,0.0057163110946610056
2018-10-31,76.96339686938164,99.09155043545688,81.644216410447,53.10625365713716,0.0016535743929713131,0.002731696288370008,-0.0031129959931889273,0.0035478531441672564,-0.0007732884064300949,0.003681192580124087,-0.0015676509386453041,0.005655778875449855
2018-11-01,76.82873346945281,98.72515785133275,81.6555553192591,52.894200460049234,-0.0017497070738362597,0.002758329970746993,-0.003697515908410165,0.0035492513985253054,0.00013888196017575183,0.003617892279964431,-0.0039929986109917825,0.0056492692480086286
2018-11-02,77.16953421779402,98.16886169381702,81.6372868395651,53.016954582640615,0.004435850142924913,0.002845014322835661,-0.005634796333812364,0.0036896440451313077,-0.00022372610929610737,0.0032041451456710193,0.0023207482393858836,0.005648048367391906
2018-11-03,76.86109407093399,97.99842625140354,82.36201227307232,52.74986009890904,-0.003996916010786444,0.0029501293089633533,-0.0017361456522237972,0.003661413084886206,0.008877382646626408,0.0035786268818150074,-0.005037906945696724,0.005705910333733444
2018-11-04,76.50128204473663,97.98685464909975,81.95903103709391,52.748621933274976,-0.004681328447722732,0.0030877059678995483,-0.00011807947072639546,0.0034673362281560593,-0.0048928046420517735,0.0036526152316707096,-2.3472396547430385e-05,0.0057027208060317245
2018-11-05,76.53354294529736,98.10312076244084,81.37212720158219,52.9635973981219,0.00042170405120622867,0.0030470569625308036,0.001186548070732929,0.0034759351202458804,-0.007160941608083338,0.0038672333410175687,0.004075470732085806,0.005584077536738482
2018-11-06,76.75449441231645,98.49632031711177,81.45565280935025,52.95458477514349,0.002886988613306718,0.0030598718216409953,0.004008022900954034,0.0035426195069274136,0.0010264645971604924,0.003843061687485939,-0.0001701663674894549,0.005562822699173551
2018-11-07,77.12107025736132,98.7200362936383,81.33655642916344,52.74411726726143,0.0047759528331419165,0.0031046957567729375,0.0022713130379519164,0.0035529137556055608,-0.0014621008619938314,0.0038493870354819218,-0.003974490759879434,0.005185242518131823
2018-11-08,76.99084597692335,98.65864272187947,81.4157872001333,53.03904583955837,-0.001688569414342922,0.0031280676326546743,-0.0006218957575766515,0.003510231384727551,0.0009741102211384689,0.0038176874412230856,0.005591686572409493,0.005295777356399884
2018-11-09,77.21702348667155,98.59502695297368,81.57081304716957,52.60519553148685,0.0029377195026014657,0.002984325365138651,-0.0006448068527065143,0.003510919748484407,0.0019041251379807722,0.0037923152328335906,-0.008179828675348055,0.005377144016147899
2018-11-10,77.18336497552609,98.81146380917154,81.9248290191419,52.54438118868834,-0.000435894957169225,0.0029473886084881978,0.002195210680363102,0.003504675013732239,0.004339983368409239,0.0038520157547504603,-0.0011560520245972317,0.005335606995934545
2018-11-11,77.11896978288915,99.32760165113808,81.47715160421343,52.55161613886632,-0.0008343143973750244,0.0028192758436989887,0.005223461145797081,0.0034103220202676356,-0.005464490073257999,0.0037490854831139643,0.00013769217591508287,0.005306111112593182
2018-11-12,77.29954832617126,99.3859135966173,81.30667210037659,52.57243093375256,0.0023415580341710207,0.0028487079935458452,0.000587066882818954,0.0033509903354158677,-0.0020923596429214264,0.0036568098532810036,0.00039608286891179567,0.0052874086045096086
2018-11-13,77.4255512435785,99.2069890219261,81.41842408154153,52.63208486056477,0.0016300602026231292,0.002822666746255248,-0.001800301151503314,0.003370140307842982,0.001374450316045106,0.0034912671355665404,0.0011346997989760688,0.005179949470167628
2018-11-14,77.03314972372628,98.82235301881968,81.62684044994137,52.79332517166336,-0.005068113995310597,0.0029673453841720407,-0.0038771059065345614,0.0034082581145630734,0.002559818256751223,0.0033699204114784687,0.003063536463086436,0.005204997080349792
2018-11-15,77.35133475400428,98.2642284831522,82.24067530401317,52.800777207519154,0.0041304948768050576,0.003039349894389609,-0.005647755984531155,0.003360549704268863,0.0075200124210152985,0.003628708292787375,0.00014115488712929114,0.0050738846863936735
2018-11-16,77.64603564969205,98.5446942037866,82.4978504790245,52.7291548545721,0.0038099005870420033,0.003102077258367759,0.0028541995898587746,0.0033808517311068762,0.00312710436849728,0.0035290449137804,-0.0013564639903984599,0.005073179334215534
2018-11-17,77.47242218336612,98.78841807513184,82.46140687426596,52.648630241986325,-0.002235960469497811,0.0031361428994641843,0.002473231799179576,0.0033234731626827353,-0.000441752173504395,0.0035263428891911795,-0.0015271364164258783,0.004700624587416875
2018-11-18,77.53796933618433,99.0301180462387,82.18472511333898,52.5203414355868,0.0008460707819755164,0.003105659280384483,0.0024466427929135115,0.0032935554779886965,-0.0033552879027257676,0.003582124189453572,-0.002436697893371198,0.004605436107841863
2018-11-19,77.6259568824979,98.99036976179818,82.00510841464924,52.72369768588798,0.0011347672252297603,0.0031046022728853707,-0.0004013757150320707,0.003215361755016505,-0.00218552411585049,0.0036093738868804657,0.0038719521759122966,0.00465765199857305
2018-11-20,77.65906205609582,99.55909114044954,81.81925016051258,52.58652900155273,0.0004264704092218352,0.0029136175266373954,0.005745219257387246,0.00333527408305607,-0.002266422881814778,0.0036342909699323975,-0.002601651446233144,0.004194690450020728
2018-11-21,77.50302902850748,99.37235587227416,81.992749965539,52.80381489292299,-0.002009205667145797,0.002809844643000333,-0.0018756224673842636,0.0032588726302257504,0.00212052548374686,0.0036468980996143064,0.004131968690381793,0.004241761999429547
2018-11-22,77.32035548911375,99.75999206574993,82.05095939198004,52.82416131700804,-0.0023569858066649907,0.0028385613457840215,0.0039008453616014016,0.0032723085662029494,0.0007099338229965557,0.003583608997997445,0.0003853211008770785,0.004210135187711789
2018-11-23,77.28943203547865,99.74864701911768,81.65485291130945,52.71598795072996,-0.0003999393618857594,0.0028390992280559117,-0.00011372341153326193,0.003267543628800839,-0.0048275667171456815,0.0036946282367835153,-0.002047800922553411,0.004189947924451914
2018-11-24,77.53664796107986,99.51017024698302,81.5176521199137,52.87896209679458,0.003198573454230136,0.0029004046604822176,-0.0023907770106290638,0.0032944848157674496,-0.0016802527529473643,0.003678181064442117,0.0030915506357755973,0.004221449135698662
2018-11-25,77.63644045458707,99.75266044402318,81.75659045546838,52.7213263789488,0.001287036467675362,0.002897147681817627,0.0024368383295727547,0.0032941104093875966,0.0029311238650886473,0.0036632601229849987,-0.002981066790933351,0.004193065451996246
2018-11-26,77.52270190153574,99.92037019596124,81.84384246205666,52.8889866681332,-0.0014650150417169217,0.0028374330587040484,0.001681255930333636,0.003122785976997987,0.0010672167968623913,0.0036625620135064068,0.0031801227453818193,0.003621423289115457
2018-11-27,77.67572157060748,100.06566189750968,81.99267667384113,52.95503714252378,0.001973869141791429,0.0028474217977019715,0.001454074892471846,0.003086739526051579,0.0018185144698390499,0.003621830426367028,0.001248851198549783,0.0032920708877244723
2018-11-28,76.98428448453292,100.09938520118794,82.08731146006274,52.82802833178822,-0.008901585618950936,0.003146439810002795,0.0003370117484737811,0.0029793921231865738,0.001154185837816346,0.0035056719505867596,-0.0023984273751659346,0.0032971101617327294
2018-11-29,77.2275590001065,100.08509068646238,82.5385937527971,52.96943028342113,0.0031600542526630804,0.0031928529072346805,-0.00014280322198612083,0.002944669633404118,0.005497588905124751,0.003638146091066958,0.002676646395826765,0.0031500962909213766
2018-11-30,76.80055698083879,101.04229747810663,82.58701822033787,53.114744415846445,-0.005529140436344893,0.0033438329353822297,0.009563929902835389,0.003332075403687497,0.0005866887881056382,0.003632214474118319,0.0027433584172567027,0.003180598139433837
2018-12-01,76.69656514654648,101.5123453576083,82.45530850854546,53.40571052237835,-0.0013540505222932042,0.003337734547374718,0.004651991207974104,0.00330454248783893,-0.0015947992145813883,0.003650081500114163,0.005478066584560182,0.003239047488197584
2018-12-02,76.4193249339539,101.79246977036526,82.17206577243911,53.65072782720989,-0.0036147669985330255,0.0032877295784764743,0.0027595107941811303,0.003076716122996679,-0.003435106134822008,0.0037134620926858935,0.004587848423603935,0.003312800551786444
2018-12-03,76.1051263811913,101.82174841792254,82.22733296565005,53.78090988852008,-0.004111506520558139,0.003292211810638119,0.0002876307807770928,0.0030316687703494777,0.0006725788464900795,0.003337280660507341,0.0024264733505472424,0.003167295102909972
2018-12-04,76.35528464121172,102.21542983282563,81.50797042667908,53.51892252626773,0.0032870093240164877,0.0032497237872973644,0.003866378460594122,0.003055447798813449,-0.008748460068277786,0.003594570470758883,-0.004871382109291389,0.003322715237792352
2018-12-05,76.23135854302107,102.40663442445496,81.44451758762082,54.12088583801295,-0.0016230192680568578,0.0032607273865587687,0.0018706039972833377,0.0030562456974641684,-0.0007784863090822824,0.0033473841481860343,0.01124767247415659,0.003811725962349325
2018-12-06,76.29482570694891,102.39481330085208,81.37553537875851,53.78818401723554,0.0008325597908900306,0.0032165254668306918,-0.00011543318134921154,0.003029216344370125,-0.0008469840684868224,0.0033457258658359467,-0.006147383133624507,0.004011273311761919
2018-12-07,76.26785631711567,102.24807293159805,80.97722578361457,54.02882694157433,-0.0003534891073325719,0.0030764439379432316,-0.0014330840061487216,0.0030635288380275387,-0.004894709365536376,0.0034534451742729384,0.004473899402546833,0.003980679347083422
2018-12-08,76.36102995433136,102.19412903194852,80.70776791916177,54.14331311395585,0.0012216632499577607,0.0030791900620353377,-0.000527578643810811,0.003061668319510655,-0.0033275758936573974,0.003494573380537313,0.0021189831218308974,0.0038862109986473065
2018-12-09,76.3619661617677,100.8778712588587,80.93235234698541,53.866271081080704,1.2260277747699888e-05,0.003019880687285256,-0.012879974471706856,0.003987803796835716,0.0027826866436027053,0.003517161379123089,-0.005116828227560655,0.0036797776844765913
2018-12-10,76.05142461120843,100.9561525859475,80.99179739667844,53.84662161057849,-0.0040667044887424675,0.0030945815162502555,0.0007760009813047031,0.003978733397969192,0.0007345029270637848,0.003414813827351497,-0.0003647824530611521,0.0036681170504615414
2018-12-11,76.26457378665205,100.75142446688608,81.01430594277416,53.83812482104313,0.00280269799722066,0.003151257909104624,-0.002027891454036257,0.00391570499264592,0.0002779114283077977,0.003277953717129117,-0.00015779614915878426,0.0036704163455280967
2018-12-12,76.1358303448893,101.3879124272552,81.09468855866295,54.1650632331669,-0.0016881159281491032,0.0031175495000366643,0.006317409046443068,0.004058182032130904,0.0009922027344846374,0.003264401017846296,0.0060726188590427554,0.0037924703297951465
2018-12-13,75.76557066093041,101.38392787373172,81.113886073628,54.000128387564914,-0.004863146330468138,0.0031890891187095873,-3.930008447838862e-05,0.004033836452697799,0.0002367296219549786,0.0032534894403895677,-0.0030450411345774864,0.0038635463999561973
2018-12-14,75.65645695397338,100.88999671028124,81.45952996358258,53.94627157510412,-0.0014401489489909158,0.0030855177647711135,-0.00487188821551332,0.004076887499161488,0.00426121724264128,0.00331603748601248,-0.0009973460076661,0.003854915842256243
2018-12-15,75.98616465185833,100.86316817729234,81.48471895923605,53.38925118751752,0.004357958476505663,0.003097788668251441,-0.00026591866254033203,0.003902690500826241,0.00030922097960450756,0.002993033645804057,-0.010325465900106079,0.004351474845596521
2018-12-16,76.16655160935385,100.43470586092032,81.05867928452706,53.81898324841386,0.0023739447611546005,0.0030379967526337186,-0.004247956157979238,0.003993038252359501,-0.005228460994289308,0.003050999783783379,0.008049037050304353,0.004556161983180598
2018-12-17,76.07209408963809,100.62284491774231,81.51454751803713,53.57047836119408,-0.0012401443641589793,0.003025332984822346,0.0018732474517575426,0.003985040349553888,0.005623928708607728,0.0032547910258952963,-0.004617420698431851,0.004642190134396268
2018-12-18,75.97837752048228,100.73602918813228,81.60989206039288,53.6613173334825,-0.0012319441219190708,0.0030147723101547077,0.0011248367155838324,0.00397144530154156,0.001169662903847346,0.0032167703712214476,0.001695690892956847,0.004610509692522166
2018-12-19,75.89182802013562,101.11694543098196,81.43052448733391,53.64839719040467,-0.0011391333057004793,0.0029962915210015677,0.003781330730619592,0.004009150482000319,-0.0021978655838220673,0.003217030000569805,-0.0002407720070966013,0.0045747756374056175
2018-12-20,76.35213031900452,100.78817347003476,81.0637726568876,53.63637490704448,0.006065241948668865,0.0032395263188012224,-0.00325140320987638,0.0039561575889209164,-0.004503861822766075,0.0032909705481750638,-0.0002240939895655769,0.004538027359576782
2018-12-21,76.42354592713647,100.79636522163214,81.16964227696026,53.843547906788615,0.0009353453247942234,0.0032387269672186246,8.127691290904515e-05,0.0039331246296697795,0.0013060041076644602,0.0032735930186364166,0.00386254664121477,0.004531199470150118
2018-12-22,76.50555554125187,100.24043108880576,81.12907371531004,54.25912245677626,0.0010730935488596494,0.0032300688958164926,-0.005515418453869714,0.00402551075252604,-0.0004997996851063835,0.003267773230528329,0.00771818660068746,0.00471011373442909
2018-12-23,76.72483493889399,100.5217543193462,81.56915496011085,54.32899326945583,0.0028661892079704376,0.0032828701341399416,0.0028064846438180524,0.004053671441217569,0.005424457899582347,0.0033213155369440778,0.0012877247090612443,0.004677273309501904
2018-12-24,76.76092243302783,100.72763305402324,81.45992125931981,54.497245940921786,0.00047034958319014386,0.003221571736529406,0.002048101289826132,0.004034342871335703,-0.0013391544983450965,0.0033160498638431482,0.003096922312391781,0.004677355619189137
2018-12-25,76.68215176527626,100.92259059746088,81.21164743028355,54.58511255908082,-0.0010261818807648648,0.0032091909964173577,0.0019354921537080294,0.004026702860355203,-0.0030478034498205853,0.0033123420299491003,0.0016123130011795883,0.004616793634414912
2018-12-26,76.61853190247008,100.91648435843749,81.45883362966688,54.8417969194384,-0.0008296567237825458,0.0032040617197127237,-6.0504184318355136e-05,0.004020092688096705,0.0030437284207973647,0.003358119036146563,0.004702460951779841,0.004647921964059885
2018-12-27,76.58417019425754,101.0772408114059,81.7132128372027,54.73292676766933,-0.0004484777684892194,0.00317291110861162,0.0015929652523114513,0.004021501406862163,0.003122794621542191,0.0033927703447779356,-0.0019851674796322882,0.004684582975866082
2018-12-28,76.55802946449985,101.71760534573804,81.74996211450788,55.00375381988612,-0.00034133332895525115,0.0027441502607689974,0.006335397852093694,0.004167646968307406,0.0004497348229153264,0.0033861630888105806,0.0049481558581070395,0.004686770968207797
2018-12-29,76.70780815102817,101.58678341545448,81.93174253488502,55.28312449552679,0.0019564072844608926,0.002702087460558745,-0.0012861286877419165,0.004179346717950212,0.002223614735411328,0.003248438018183557,0.005079120173424823,0.0047304222228782495
2018-12-30,76.701284124508,101.62966874777072,81.90772564263709,55.55541629376092,-8.505035768091584e-05,0.0025092731929371986,0.00042215464329498076,0.0038133079773169385,-0.00029313293608645985,0.0032446786841280753,0.0049254053695202415,0.00476783033043206
2018-12-31,76.85148486048463,101.17426859584609,81.96180820724564,55.39186944637183,0.001958255819195953,0.0025223016748688546,-0.0044809764465026936,0.0038102141897294354,0.0006602864892686355,0.0032390498004669773,-0.0029438506323902214,0.004774050207113373
2019-01-01,76.81334631002642,100.81371064702194,82.28263979027759,55.3523033232436,-0.0004962630263741774,0.0024276782710095477,-0.0035637317059780127,0.0038212182071075632,0.003914403428249225,0.003263382691907565,-0.0007142947787045495,0.004743459178937325
2019-01-02,76.81228454525274,100.8476712055052,82.44671559594556,55.41456568396888,-1.3822660054341185e-05,0.0022895766555053234,0.00033686448267111757,0.003821496478324187,0.0019940513100475954,0.0032809476552802166,0.0011248377571875245,0.004736402979687046
2019-01-03,76.33269530147231,101.28718480168928,82.38052357898185,55.07500051931644,-0.006243652908121455,0.002512722204486068,0.004358192816257045,0.003841049979300673,-0.0008028460137587956,0.002832595175065867,-0.006127724010127511,0.00479537384249247
2019-01-04,76.52722629724447,101.17309768671284,82.75371456673894,55.474416416460016,0.0025484622939602186,0.0025355177691849503,-0.0011263726521751893,0.003821657310081273,0.004530087592843346,0.0029234500881021664,0.007252217764455393,0.0045491631488117695
2019-01-05,76.58998342856263,101.06855922923307,82.04890868872657,55.47330393016077,0.0008200627979695341,0.002535399768070745,-0.0010332633859198026,0.0038230008214233504,-0.008516909261444106,0.0033524530805881837,-2.005404240568165e-05,0.004358476110337199
2019-01-06,76.80205520954868,100.89609169333158,82.62435105310138,55.546142165637775,0.002768923186722727,0.0025785126684335254,-0.0017064410259407525,0.0038258052323697223,0.007013406681104062,0.0034228422748570713,0.001313032221205157,0.004310493207825984
2019-01-07,76.1158665364348,100.67407624009915,82.11235554471861,55.40347790094959,-0.00893450925553585,0.0030653771167006762,-0.0022004366027104094,0.0038393456728437266,-0.006196666017427632,0.0035752815735761116,-0.0025683919553362022,0.004350772616655486
2019-01-08,76.57930339868852,100.78893739010086,81.91784372731946,55.07501841283827,0.0060885710606986,0.0032673235892592568,0.001140920823825331,0.0030520523757018346,-0.0023688495611748905,0.003589596763853132,-0.005928499447246605,0.004391021343460208
2019-01-09,76.53020883426022,100.18024897721024,81.89349775187097,54.929467043863056,-0.0006410944243342431,0.0031752489423843146,-0.006039238319724527,0.003238338661373179,-0.00029719990591470236,0.003591319913408945,-0.0026427838459203157,0.004430471088707318
2019-01-10,76.76804203722138,100.69464077331996,81.83914902376448,54.988592009316136,0.0031077035667865793,0.003184298624119143,0.00513466278394592,0.0033644777319484674,-0.0006636513227358254,0.0035963117397329173,0.0010763797399648833,0.004428216408029393
2019-01-11,76.51011870528332,100.42256581549717,82.1155598900943,55.15985580345597,-0.003359774785098746,0.0032331683690438066,-0.0027019805198499336,0.0031770225518001627,0.003377489497716546,0.0036372717643525093,0.0031145331764599327,0.004336783762561479
2019-01-12,76.63441920513417,100.7112579450196,81.79740861939256,55.20371308445708,0.0016246282446594762,0.0030992059569665115,0.0028747734852028195,0.0032298193796295514,-0.0038744334341453968,0.003721032883850089,0.0007950941923666743,0.004281318706323547
2019-01-13,76.37495046445487,100.1954691970102,81.86064445201423,55.29330648744391,-0.0033857990100343294,0.003158502678066459,-0.0051214606840774834,0.003242519356464793,0.000773078679251471,0.0036462968364561537,0.0016229597246431027,0.004271286687575064
2019-01-14,76.21682826331865,100.46456581960184,81.68308166198756,55.21242226346532,-0.002070341128532882,0.003092474148911383,0.002685716477484057,0.0032857324997641263,-0.0021690861489706004,0.003671028345704742,-0.0014628212548105646,0.003747388481516582
2019-01-15,76.64055139362078,100.7329537022987,81.75708578751102,55.3391380589004,0.00555944323526858,0.003224896904207092,0.002671468099297636,0.0032288303736331962,0.000905990861482131,0.0035329596135456887,0.002295059521757903,0.0035213011871189225
2019-01-16,76.57950726022001,100.8834389179777,81.72761064706876,55.71113175219684,-0.0007964991416522516,0.003219020845734236,0.0014939025427938013,0.0032223986028487024,-0.00036052092804361724,0.003387479075507013,0.006722072412846503,0.0035133461729678177
2019-01-17,76.61278276335113,100.47633136860098,81.74354665172999,55.88850110721653,0.0004345222935171478,0.0032073404188980477,-0.004035424978996893,0.0033020639140988357,0.00019498923968352955,0.003381461164770202,0.003183732755755564,0.0035294045088883506
2019-01-18,76.79586207144882,100.57494245700562,81.57547937768797,56.09179200602376,0.002389670515731135,0.003218107164093509,0.0009814359965321096,0.0032278759271817813,-0.00205603109879815,0.0033782930121391405,0.0036374369464164946,0.0035396662460495457
2019-01-19,76.89176292062206,100.09634661280592,81.42055723748189,56.16455979110649,0.0012487762567729987,0.003040987707049289,-0.004758599234638394,0.003288582268947066,-0.0018991263231050715,0.003289121030950234,0.0012972982762775587,0.003525104117858004
2019-01-20,76.90744641227501,99.9973188390694,81.49445685370931,55.78279832654915,0.00020396842336856125,0.0030381452390659245,-0.0009893245566652276,0.0032909595218311356,0.0009076284753477548,0.003285101487686645,-0.006797194992308908,0.003808990538778826
2019-01-21,76.97255606922808,100.4122604155111,81.75510660115381,55.5208553978028,0.0008465975661711145,0.0030362198450147202,0.004149527019914334,0.0032312766628068233,0.003198373944775179,0.003329416861016944,-0.004695765300495536,0.003748843307756393
2019-01-22,77.50797882791123,100.73131349893194,81.57327604882163,55.63625130965269,0.006956021548792046,0.0032444009993172897,0.00317743154173189,0.00324282946366362,-0.0022240880098077787,0.0032111839958159694,0.002078424603207063,0.0037553583406684473
2019-01-23,77.47077091542694,100.7332972682057,81.31615473904313,55.63462524536028,-0.0004800526738918398,0.0032477596935666765,1.969367026855018e-05,0.003221335745404806,-0.0031520287308874906,0.003254153674031969,-2.922670478566758e-05,0.003732720564886285
2019-01-24,77.49404258098564,100.33638597552832,81.48383396379619,55.74586722067509,0.0003003928486022822,0.003237927900229914,-0.003940219405511924,0.0032781538587423904,0.002062065345947106,0.00322564081198425,0.001999509744591732,0.0037366672676417785
2019-01-25,77.71469159547816,100.59538351115474,81.46631560586212,56.166918713569935,0.0028473029299243002,0.0032610014638583327,0.0025812922511438963,0.003316976623011325,-0.00021499182208151169,0.003178189216539047,0.007553053058230841,0.0038754029116983783
2019-01-26,77.94709146189115,100.60049476004352,81.69506096863807,56.34857711215906,0.0029904238393261284,0.003287616340526484,5.080997467654669e-05,0.0033017353058451054,0.002807852068364536,0.003168049552733482,0.003234259645175097,0.0038630360692974088
2019-01-27,78.19747842277661,99.6640806957318,81.42616402634442,56.66491660716073,0.0032122681704920275,0.0033166665692962644,-0.009308245118926028,0.0034726791374676065,-0.0032914712236628008,0.0032227932100792516,0.005613974854626891,0.0038884645081705025
2019-01-28,78.31812934537598,99.98274875624216,80.91140877958992,56.68437955266796,0.0015429004238098898,0.003312172223844454,0.003197421360692898,0.003541218112285234,-0.006321742561616439,0.0033815749888530646,0.00034347435190218434,0.0038125244478043187
2019-01-29,78.01943975196434,99.9765845487178,80.7570977671604,56.4736863426685,-0.003813798872729035,0.0034110584636095876,-6.165271110314396e-05,0.0035378592555062004,-0.0019071601243512148,0.003392439060139322,-0.0037169536239467504,0.003819823943102679
2019-01-30,78.37411227261,100.46106541997196,80.53841853670953,56.455402628065855,0.004545950621706929,0.0034793105518371673,0.0048459434120604605,0.003589076401889285,-0.0027078639091435708,0.00340957362377484,-0.00032375635073134124,0.003766682636682592
2019-01-31,78.07407452340554,100.01972505443813,80.51595344872214,56.24748537966078,-0.003828276206317205,0.0035695082040596913,-0.004393148367368371,0.0036187179810213514,-0.0002789362939520368,0.0033033458641833695,-0.0036828583045427354,0.003841758768670373
2019-02-01,78.11695603297966,98.75202463583136,80.33645893781738,56.63962591765709,0.0005492413433765275,0.0035679269414819457,-0.012674504133227571,0.00426676017761362,-0.002229303674818661,0.003273642805089813,0.006971699007509935,0.004016669966796347
2019-02-02,77.91188265372278,98.87799864059576,80.54627754915326,56.83656034576319,-0.0026252095533561004,0.003386262476503373,0.0012756599697976156,0.004177151692745836,0.0026117483158958343,0.0033344483982418465,0.0034769726126440137,0.0038290390558047534
2019-02-03,77.87029964017931,99.00784772188317,80.46486670128037,56.96403796889462,-0.0005337185051513815,0.003374617223393907,0.0013132252176684123,0.004194163215725035,-0.0010107338333942284,0.0031821675822576636,0.002242880680251025,0.0036548256492273975
2019-02-04,77.92089300695244,98.35157840786314,80.50776886843191,57.27447068341604,0.0006497132668925598,0.003374352425693821,-0.006628457532614096,0.00433109493423091,0.0005331788755806866,0.0028496941883286667,0.005449626213136938,0.00374321556355722
2019-02-05,77.96943846710178,97.9863105890744,80.55241314966213,56.74563486454728,0.0006230095456556395,0.003348999065795168,-0.0037138988992527766,0.004359417541249395,0.0005545338277002099,0.00247134962255038,-0.009233360213696251,0.004188581861577363
2019-02-06,78.04120284940065,99.08941503800504,80.60729159388741,56.8907024206709,0.0009204168159957504,0.002834649708568624,0.011257740415972384,0.004888350515848747,0.0006812762284764684,0.0022682782299738922,0.002556453134587411,0.004154170012969798
2019-02-07,78.39154410007116,98.980848702849,80.60000297247345,56.549214539405405,0.004489183122235785,0.0027461306992220447,-0.00109564008541585,0.004879237714583796,-9.042136598114148e-05,0.0022455238566033795,-0.006002525311436746,0.004158380691202492
2019-02-08,78.4679123031155,99.28390215682607,80.74366818656233,56.54338623709632,0.0009741892945347441,0.002733038133068111,0.0030617382852198283,0.004811311836711493,0.001782446759188705,0.0022849684945898483,-0.00010306601703591323,0.004109560621133874
2019-02-09,78.37956142503968,99.03620878692202,80.5173250984889,56.46012827270428,-0.0011259491361834684,0.0027210461207145243,-0.0024947989001561366,0.004715463125531203,-0.002803230187046424,0.0023243151774624193,-0.0014724615898121796,0.004133646042829854
2019-02-10,78.57615214452883,98.22130335910693,80.91208099489721,56.62478962103612,0.0025081885623610134,0.00262876672299247,-0.008228358474104858,0.004906791677373055,0.004902744793439773,0.0024273587393746766,0.0029164182471659306,0.004130124643892596
2019-02-11,78.82486536136118,98.17548843013851,80.8423356370259,56.67852854400831,0.0031652506523209833,0.0026584550762748555,-0.0004664459480944183,0.004859918493124706,-0.0008619894212794632,0.0023433439668518454,0.0009490352782206557,0.004130108130799197
2019-02-12,78.50087274838882,98.09272587153283,80.46908891245376,57.01689374749651,-0.004110284381547147,0.0027020693263938105,-0.0008430063341581251,0.004792196559842725,-0.004616971066347952,0.0024551567082775837,0.005969900986852128,0.004231801709134544
2019-02-13,78.61059418241253,97.95818371160156,80.52297240636202,56.85579565476354,0.0013977097347106504,0.0026433097552459824,-0.0013715814168266949,0.004750549955079305,0.0006696172982258997,0.0024460248288856777,-0.0028254449189464292,0.004266675634248904
2019-02-14,78.74412424513793,97.936933230093,80.28361186957119,57.03149552742371,0.0016986268086913725,0.002505829287713477,-0.00021693421318547124,0.004706182605951975,-0.0029725745292025207,0.0024729338495756525,0.003090271987873372,0.004277538904117323
2019-02-15,78.64094080041475,98.06435609835056,80.47306104591513,57.06638436478143,-0.0013103637345937003,0.0025195868127629614,0.0013010706385729875,0.004702892434522218,0.0023597490438238555,0.002531318121189569,0.000611746843302452,0.0041395962164654165
2019-02-16,78.93351158330714,98.0281733747794,81.09643255506897,56.63949941282661,0.0037203367598934722,0.0025700662449129608,-0.0003689691648499638,0.004667007940022594,0.007746337731556752,0.0029456302545005494,-0.007480497611800141,0.0043796305541947125
2019-02-17,78.86360519862895,97.5556124507368,80.86919740757685,56.40089295638093,-0.0008856363194282846,0.0025784815906572346,-0.004820664384267426,0.004710173109131459,-0.0028020362959593204,0.002964398004654632,-0.00421272184463628,0.004417240853414336
2019-02-18,78.85956908869471,97.77292722778652,80.96119240037675,56.35974945439437,-5.117835944812299e-05,0.002583149916560543,0.0022275989211739677,0.004690842772223733,0.001137577665526246,0.002959242757926609,-0.0007294831664877988,0.00441526191118906
2019-02-19,78.78495623501823,97.0360991682264,80.46096479974354,56.6389812111584,-0.0009461483817210237,0.0026014752275827476,-0.007536115369068397,0.004850861841476022,-0.00617860960050387,0.0031459955940844964,0.004954453479073528,0.004299732102761211
2019-02-20,78.75563536723148,96.27280040379613,80.59009949738319,56.75271359706976,-0.00037216328075739824,0.0026103458809195266,-0.007866131995959424,0.004907580629914997,0.0016049359830703214,0.003095840881700182,0.002008023157890948,0.004192349587795391
2019-02-21,78.46390697878202,96.597104291433,80.3405877841243,56.44943830840125,-0.003704222397408752,0.002460038571170266,0.003368593063426406,0.004913836497171335,-0.0030960591290373207,0.0031168635313354727,-0.00534380242717003,0.0043274858668164015
2019-02-22,78.09467107449426,96.82968743364464,80.16725731538382,56.41042671705158,-0.00470580574566104,0.002628094212375341,0.00240776515939789,0.004956521954658974,-0.002157445862933094,0.0030929098460949623,-0.0006910890970523997,0.004331924131443448
2019-02-23,78.44104881130966,96.84199329313712,79.86205179600698,56.91949805656892,0.004435356882225516,0.0027359211947802155,0.00012708767133973176,0.004937535727310901,-0.0038071094059778376,0.0031128114137005856,0.009024419227863456,0.0045990404877903285
2019-02-24,78.21175708135777,96.33588618036106,80.07296971984957,56.94192110583987,-0.0029231089260859378,0.002761280970979792,-0.005226112098334235,0.004938800533011374,0.0026410281115909484,0.0031702003528297587,0.00039394320112706716,0.004413442936351417
2019-02-25,77.95108499444436,96.1022612756297,80.35991579015108,56.85185526757506,-0.003332901556504564,0.002783466424956347,-0.0024251077557324585,0.004933898130668916,0.0035835572391713644,0.0032017078770382305,-0.0015817140784097905,0.00439684718522674
2019-02-26,77.42162123536593,96.04259665585828,80.36889445113867,56.97199125936152,-0.006792256440255606,0.002978495949966885,-0.0006208451183089547,0.004710413394420042,0.00011173059228974935,0.003161042546168279,0.002113141096645732,0.004296417194619993
2019-02-27,77.25164564540808,95.47140980416852,80.12811534868347,57.16134468511876,-0.0021954537666051266,0.0029757221172090676,-0.005947224164882248,0.004710427208266584,-0.0029959240337888993,0.0030016142764284397,0.0033236230921827037,0.004334394265970994
2019-02-28,76.92485039245211,95.23632092232172,80.5782400792368,57.0365452614477,-0.004230269144763321,0.0029928653668294205,-0.002462400862509595,0.0047050622568064,0.005617562931495179,0.0031738538548095495,-0.0021832835521721217,0.004294383275284633
2019-03-01,77.28626614328805,95.53410464922064,80.36739658611428,57.158808546543845,0.004698296441163929,0.0030017796173447122,0.003126787385474561,0.004633684809750734,-0.002616630655065122,0.0031712808759399606,0.002143595558526723,0.00430485601539551
2019-03-02,77.50005014592047,96.12614406394098,79.76177690222187,57.06677344102983,0.0027661318536991164,0.002988148650263127,0.0061971524922348475,0.004818356535987614,-0.007535638948357515,0.003452378057696013,-0.0016101648696731363,0.00425302832473954
2019-03-03,77.31803526026418,96.00610475916746,79.89713124694866,57.24459754192862,-0.0023485776501251943,0.0030084693926701904,-0.0012487685420282668,0.004314422604485326,0.0016969825646275805,0.003451448106764519,0.0031160707041295588,0.004106153409491931
2019-03-04,77.8199803491125,96.33897435978194,79.59455755091855,57.28037475230972,0.00649195349000653,0.0032223684381216286,0.003467171191347651,0.004371244625159615,-0.003787040802440078,0.0034708273453408376,0.0006249884166780184,0.004064359152309891
2019-03-05,78.02467173959666,95.6407031062588,79.87876135337979,57.39646499244323,0.0026303192260634933,0.0032570523311037003,-0.007248066093328176,0.004502142790120338,0.003570643662155204,0.003542632867710482,0.0020267018265069936,0.0040609259259232365
2019-03-06,77.92250862786777,95.93872428606498,79.7788087019451,57.19155770358608,-0.0013093693244855542,0.0032646827671913973,0.003116049653828723,0.004443869919022564,-0.0012513044736949253,0.003544225796955841,-0.0035700332569981175,0.003996849061407331
2019-03-07,77.31297501402274,95.67325150216402,79.9548210202888,56.97257407849757,-0.007822304807407643,0.003560356468686134,-0.0027671077125164256,0.004425920796325352,0.002206254031710264,0.0035706419739032972,-0.003828950178686452,0.0036772367273623504
2019-03-08,77.82403423714423,95.83636091242008,80.3531153720066,57.20864164284941,0.006610264616369932,0.003771555557900006,0.0017048590666155494,0.003833497381920217,0.00498149263090375,0.00369319614456167,0.004143529903117615,0.003724320773462368
2019-03-09,77.4752412957067,95.78541424170037,80.01611367625907,57.18049251285304,-0.004481815224005259,0.003751884405225326,-0.0005316006392006578,0.0038349274942657114,-0.004194009083373196,0.0037681130070554673,-0.0004920433205196639,0.0035395529124049832
2019-03-10,77.07129750700868,96.3358358444671,79.86332307636837,57.24629392342396,-0.005213843570441412,0.0038435611879768113,0.005746403114965215,0.00396420158066303,-0.001909497885749345,0.0037602167598511558,0.0011507667681618372,0.003541101226296845
2019-03-11,77.28948862734778,96.03837059939046,79.8491311512666,57.15944018894639,0.00283102954532799,0.0038921695925752844,-0.003087794302806368,0.0039733970351488405,-0.0001777026619365074,0.00373180193387985,-0.001517194014231782,0.003541934012608683
2019-03-12,77.83525502320309,96.3217186911114,80.28595220010048,57.38319632683103,0.00706132755628297,0.004095347813265721,0.0029503633803085183,0.0037938541988156143,0.005470579861493574,0.003760279672482838,0.003914596384166691,0.0035707988469967627
2019-03-13,78.13421115851467,96.2536979214691,80.10464352510816,57.21752303391796,0.0038408833532113107,0.0041169054064833675,-0.0007061830972974192,0.0037937202311650498,-0.002258286412801569,0.0037766947369097005,-0.0028871395028164937,0.0036206424607808925
2019-03-14,78.23972889822444,96.23306789486682,79.94315304372195,57.17486292338173,0.0013504678443057028,0.004062306192136842,-0.0002143297041855563,0.0037943638620368627,-0.0020159940083323002,0.0037032838129308606,-0.0007455777229459226,0.0034635963376107356
2019-03-15,78.35184822417735,96.20282983021124,80.0834528736066,57.36959574067812,0.0014330229351733337,0.004062761155252369,-0.00031421698712352786,0.0037921561046449555,0.00175499495007303,0.003717467680673822,0.0034059166448259237,0.00346907340017787
2019-03-16,78.52409425190514,95.91824005510612,79.92711054316156,57.66378045722109,0.002198365853923079,0.004071413517471575,-0.002958226650997653,0.00381567175538558,-0.0019522426273476112,0.003695600387431584,0.005127885472171245,0.003544596299202557
2019-03-17,78.67315273507334,95.95629775159117,79.9765149045645,57.51750190047292,0.0018982515441696712,0.004080255521782071,0.0003967722558626541,0.0038029757805827322,0.0006181176958255374,0.0036685299248861232,-0.002536749335341981,0.003583699053106612
2019-03-18,78.70861114972026,95.9753942865727,79.54860381310522,58.01522548311834,0.00045070539840086354,0.004021296070163519,0.0001990128363535959,0.003806181192960754,-0.005350459343844927,0.003463883226283392,0.008653428368754046,0.0035912761246399342
2019-03-19,78.70205942894114,96.11099796338644,80.1749259664811,58.08453748165217,-8.324020311645253e-05,0.004018470448047592,0.0014129004399694445,0.0037429931391356405,0.0078734524976376,0.003768672223782332,0.001194720833309404,0.0034641218164336695
2019-03-20,78.65622362289403,96.18525745668748,79.80165300906685,57.79905662400327,-0.0005823965265927544,0.004019598001730739,0.000772643036432985,0.0037158892545054367,-0.0046557318627309385,0.003841231681642238,-0.004914920046304561,0.0036165539164436135
2019-03-21,78.44767796231618,96.53339211634214,79.7196989646364,57.88388220486131,-0.0026513561288893372,0.004044274700861139,0.00361941807777999,0.0035458051913845948,-0.0010269717648724308,0.0036895534060460596,0.001467594556254559,0.0035351181795010168
2019-03-22,78.35275142181038,96.927914847096,79.71924132876896,57.77245205218968,-0.0012100618268318097,0.004048859079788441,0.004086904252555312,0.0033148920539074287,-5.7405619110495465e-06,0.003672528806491732,-0.0019250635656616888,0.003558976396064671
2019-03-23,77.92675979923496,96.55485554825682,80.26156991309972,57.87430137415854,-0.005436843184767115,0.004112963381528974,-0.0038488323970208294,0.0033411574696195377,0.006802982257371859,0.0038578401265120243,0.0017629392271052424,0.003381820154027839
2019-03-24,77.8792384043625,96.92816560533625,79.89380864320842,57.85153640822136,-0.0006098212603076192,0.004026011028792191,0.00386630019753742,0.0033878255062967126,-0.004582034344574715,0.0039287854526602805,-0.0003933518918873835,0.0033776159412799585
2019-03-25,77.62416424483649,96.50253240122724,80.45588167629997,57.85940794541708,-0.0032752523618889695,0.0039733082626993085,-0.004391223143973,0.003482894258086039,0.00703525144985484,0.004072681713722157,0.00013606444503366788,0.0030048080853132416
2019-03-26,77.34516992848411,96.7677554075586,80.6720492121668,57.610550617027,-0.003594168376130913,0.003990197618296989,0.0027483528124281342,0.003381902285540664,0.002686783506226975,0.004073614538119216,-0.004301069389179513,0.0031327810485471817
2019-03-27,77.36719417140674,97.04350533298329,80.79107811618958,57.85719965808472,0.00028475266061200877,0.003951849047255608,0.002849605473055572,0.0033802721907963606,0.001475466474264664,0.004032215896505065,0.004281317196520806,0.003187679990758937
2019-03-28,77.6704306989008,96.33489862082212,80.5130030623567,57.54470474878264,0.003919445841893188,0.0038214712088359623,-0.007301948849948725,0.003654103856917406,-0.003441902996181856,0.004086314776712367,-0.005401141277987964,0.003354668014630387
2019-03-29,77.862170747298,96.410650580827,80.67658146923311,57.2479636507652,0.0024686363481167817,0.0038191491044123503,0.0007863397490357471,0.0034715993617476923,0.0020317017208975052,0.0040593408947493205,-0.005156705544200779,0.0034504176103582057
2019-03-30,77.47158154577723,96.26922642304818,80.47365819021903,57.33472793662869,-0.005016418085599272,0.003853630079242679,-0.001466893511523959,0.003448647652912878,-0.0025152686853926465,0.003957805216757482,0.00151558728608725,0.003433678830333138
2019-03-31,77.22102523717298,96.01761868438756,80.83346606912141,57.73989202019494,-0.003234170564288763,0.0038092966795982585,-0.0026135842990464564,0.0034494006485575393,0.004471126167172601,0.004009637243459127,0.0070666435186379495,0.0036420975228565818
2019-04-01,77.42046044543801,96.57934961842255,80.55893127545025,57.63750268849594,0.002582654240247395,0.003804811989476413,0.005850290204357345,0.003429036802157665,-0.0033963011487891936,0.003799982996979554,-0.0017732858188093115,0.0036452353649594075
2019-04-02,77.17221221707877,96.36457980244536,80.52947890293564,57.80915020457893,-0.003206493825158807,0.0038260257847601868,-0.0022237653993916195,0.003447444727504254,-0.0003656003381413697,0.0037932097841875713,0.0029780526233182947,0.003641693912487165
2019-04-03,77.10217572793117,96.09352202429564,80.37571018074259,58.07718801418999,-0.0009075350716990505,0.0036224505621066986,-0.0028128361967167947,0.0034284317022719927,-0.001909471218339731,0.003739069983216433,0.004636598335428177,0.0037254515444660446
2019-04-04,77.21197659129761,96.16490033402448,80.10191965188884,58.2773161293705,0.0014240955242805775,0.0035953681957231454,0.0007428004325911175,0.0031515026187234657,-0.0034063839465688917,0.0037476777214259134,0.0034458988464043383,0.0037548307072943154
2019-04-05,76.96941493336861,96.47027055196688,80.31599441871421,58.181707756527885,-0.0031415030237205155,0.003627768559373776,0.0031754852017908952,0.003153425538735445,0.0026725297939889092,0.003767318553391685,-0.0016405761142186392,0.0036985564599133014
2019-04-06,76.97745702304441,96.45447240930017,80.47110014781741,57.88264021749082,0.00010448422510100919,0.003346587304873733,-0.00016376177423693683,0.0031047164157468176,0.0019311935340622366,0.0037626762994286364,-0.005140233083026247,0.003759688032134616
2019-04-07,76.65307773045889,96.94350988951372,80.81500932768732,57.296027151562186,-0.004213951787059078,0.0031727559291105864,0.0050701379417466,0.003216899273781815,0.004273698001371784,0.0037339089100067876,-0.01013452502727008,0.004168644839452827
2019-04-08,76.50107704552393,97.1839199090886,80.3122424638149,57.22013129830688,-0.001982969104899479,0.003096510938307352,0.002479898033905359,0.003234155806992051,-0.00622120653149727,0.003833153504655149,-0.001324626802736928,0.004175208151690283
2019-04-09,76.56199109680985,96.36945573173467,80.61612916781917,57.51579877787437,0.0007962508978751615,0.002967188441366361,-0.008380647519834805,0.0034625695591443493,0.003783815451812167,0.0038694496412024874,0.00516719330869897,0.004275524437073047
2019-04-10,76.1831932721519,96.20524407743392,81.32542900749613,57.21542491088408,-0.004947596310275859,0.003030860895185501,-0.0017039803022015354,0.0034288293330715734,0.008798485451967153,0.0041653646393383864,-0.005222458409216091,0.00437809397439385
2019-04-11,76.27394726957176,96.03045682135308,81.19354562877352,57.38806246246368,0.001191260086665924,0.0026987679524218024,-0.0018168163051501818,0.003400780302962345,-0.0016216745528688792,0.004080934872423093,0.0030173253427461244,0.004353722313837257
2019-04-12,76.258876931594,96.25763780223568,81.72989904328311,57.13403340102967,-0.00019758172373718352,0.002563234617058067,0.0023657180065821404,0.0034278929690151655,0.006605862699504028,0.0042022109395736095,-0.0044265139914797524,0.004397916523309878
2019-04-13,76.37485751480921,95.28798949533544,81.64806516120684,57.15414212480258,0.0015208797700920762,0.0025683627490760224,-0.010073468755720016,0.003891151892410311,-0.0010012722765377902,0.004183820159948909,0.00035195701363788245,0.004396403584894053
2019-04-14,76.4148875214273,96.30938588661247,81.25004116732447,57.32890445594963,0.0005241254507131199,0.0025463725731591936,0.010719046510337282,0.00438228647868196,-0.004874873557585424,0.004300311707726138,0.0030577369312172475,0.004387545501463424
2019-04-15,76.71606706058171,96.55451405638448,81.16060391171494,57.15046962180538,0.00394137253777882,0.0026361760583660646,0.0025452157909158224,0.0043673460933453,-0.001100765665156267,0.0042864166770085884,-0.0031124759113678735,0.004311806483805275
2019-04-16,76.7310326776564,96.65032984971953,81.45661209167996,57.187064966097424,0.00019507800188556246,0.002594681760693031,0.0009923491850323263,0.004369485166970552,0.003647190455692062,0.004324328084704055,0.0006403332209554691,0.004293674320907576
2019-04-17,76.61825820219605,97.14457785455426,81.21353277435705,57.07278443584292,-0.0014697374911415428,0.002585680301299844,0.005113774630704615,0.004458750348910787,-0.002984156977328234,0.004232262437792193,-0.0019983632718737487,0.003965637168055089
2019-04-18,76.63336887721195,98.08813716979849,81.04080525806208,57.2470961273116,0.00019722028887714238,0.002589215838600583,0.009712938550795247,0.004769589999059368,-0.002126831703958443,0.004037048841813187,0.003054199881637576,0.004007962128593096
2019-04-19,76.74519857296693,98.45373091775168,81.20852725410153,57.29991127493256,0.0014592819993879402,0.00262402174325676,0.0037271963613736414,0.004801750876091564,0.002069599327219951,0.003933989696311014,0.0009225821254497113,0.003925897550899051
2019-04-20,76.74253983945084,98.8478555935098,81.2074499810169,57.30636972025832,-3.46436463195543e-05,0.002604333209012185,0.00400314616911146,0.004810055927137778,-1.326551682512278e-05,0.003923961306853685,0.0001127130074385363,0.003912852622700386
2019-04-21,76.73804182793552,98.9162073820292,81.37172429572473,57.70008812304597,-5.861171033350043e-05,0.00260548319154536,0.0006914847885064468,0.004769857895534583,0.0020228970956019943,0.00393021014853742,0.0068704125686132045,0.004113343949710276
2019-04-22,76.56266924648767,98.87624818920328,81.43627466864241,57.8615848228574,-0.0022853408462137903,0.002467394235694861,-0.0004039701266708162,0.0046977919763975876,0.0007932776830816834,0.0037573252230445964,0.0027988986683527006,0.004133246453096587
2019-04-23,76.39806256419608,98.7045189726366,81.56931652679803,57.67040106697124,-0.002149960077301505,0.002483884209665753,-0.0017368095949399365,0.004683159529709642,0.0016336928315663357,0.003637383762831273,-0.0033041569198539733,0.004176757660185503
2019-04-24,76.06557504282972,98.39649577888544,81.44118995974968,57.637829540698434,-0.004352041271818541,0.002530663726021654,-0.0031206594891218797,0.004641877208732601,-0.0015707691630131304,0.0034551901515741685,-0.0005647875802871072,0.004177374379502201
2019-04-25,76.45642466781477,98.1472355887503,81.50363425112863,57.60805197700924,0.005138324725277865,0.0026808125999303665,-0.0025332222266865045,0.004660003479887881,0.0007667409011313797,0.0034292783791915597,-0.0005166322869283313,0.004103226867177162
2019-04-26,76.15973482585123,97.64057793766426,81.2350160090463,57.61896197418728,-0.003880508972955332,0.0027520224965464335,-0.005162220291247022,0.004748402052653359,-0.0032957823850487955,0.0034853473217441484,0.00018938319911243617,0.004023467934539636
2019-04-27,75.9923818300214,97.6393502932549,81.59951651839063,58.263556882472976,-0.002197394675972908,0.0026358698320726316,-1.2573096506485193e-05,0.004532042934921744,0.0044869875978572615,0.0035011458544825505,0.011187200987315071,0.004396598266287566
2019-04-28,75.82089784828302,97.00983117969876,81.41360371478909,58.34695174811576,-0.0022565943797095978,0.0025790543010275357,-0.006447391463230923,0.0047031922213655415,-0.0022783566806996447,0.003522489569388037,0.0014313383889521525,0.004271016441176995
2019-04-29,76.01811711316438,97.11830177451094,81.73207315726378,57.79806207319335,0.002601120146004998,0.0025325303681050454,0.0011181402286046804,0.004694946361737512,0.003911747274943922,0.003540184428071448,-0.00940734106028307,0.00464339895353968
2019-04-30,75.94303761103718,97.13758442058528,81.65948647161561,57.64585487750281,-0.0009876527461923912,0.002485590624198041,0.00019854801537944056,0.004662660659508973,-0.0008881052791663846,0.0034686017339508415,-0.0026334307800456314,0.004489613965173295
2019-05-01,76.2201159095924,97.22791525891292,81.71210451711377,57.13446501197488,0.0036485016569174356,0.002539001736747644,0.0009299267514879528,0.004549390613531595,0.0006443592504890017,0.003396015435979861,-0.008871233961481373,0.004762585218023384
2019-05-02,76.05682703516092,97.05726758610211,81.56504805484663,57.04256664648152,-0.0021423330636909377,0.0025073769296581117,-0.0017551304309711968,0.0045414611971073045,-0.001799690059828829,0.003418340623081784,-0.0016084576179037358,0.004727841772222955
2019-05-03,76.11250225888561,98.28583259833268,81.27076074690694,56.52587413440393,0.0007320213831554234,0.0025156395556021355,0.012658145472111748,0.005033552324657737,-0.003608007534572799,0.0034720973467543617,-0.00905801653841709,0.0048800493263112185
2019-05-04,75.91339206062473,98.84297119364146,80.7726789768216,56.30058725285485,-0.002615998585667856,0.0025212341717853787,0.005668554465887876,0.0051125399925175345,-0.006128671191309221,0.0036072740472657488,-0.003985553253248342,0.004840792390366222
2019-05-05,76.3951363345227,98.36797639101154,80.47662681401336,55.91301067672505,0.0063459721772576305,0.0027693564135763647,-0.004805549619703031,0.005198518354751496,-0.0036652512527558523,0.003647940395900094,-0.006884059208638993,0.0049529168241682735
2019-05-06,76.11248397951333,98.4812801267028,80.3901057883347,56.00955686058989,-0.0036998736905408114,0.002838986188340528,0.0011518355856063867,0.005196855754212245,-0.001075107507657047,0.0036364096766017596,0.0017267212531810738,0.004928562958213608
2019-05-07,76.17498908370938,98.26238102532966,80.45517254851403,56.00904314573836,0.000821220132729783,0.0027515556357383644,-0.0022227483344195997,0.005156106512262204,0.0008093876670676181,0.003549079640835726,-9.171914229000322e-06,0.004624746808898579
2019-05-08,76.31114497024735,97.88637910220642,80.74466767158397,56.084758289038405,0.0017874093344254494,0.0027536458813477026,-0.0038265093843626863,0.005199431098862766,0.0035982164216399326,0.0034195905126188173,0.0013518378291703659,0.004639006216491286
2019-05-09,76.39618852127799,97.38803610111373,80.6214006950165,56.05730534962888,0.0011144315953297568,0.002757743751953233,-0.005091035194716431,0.005043417030520124,-0.0015266268364473312,0.003363848843076775,-0.0004894901974623611,0.004507183450317011
2019-05-10,76.34341695038466,97.58750603590556,80.37627723216943,55.704674156543405,-0.000690761828760933,0.002603232255507982,0.0020481975279256215,0.005036916511591405,-0.0030404267444367195,0.0029681567096575576,-0.006290548410882613,0.00454698878910083
2019-05-11,76.30383192720868,97.35076911065391,79.97616665481696,55.83446358885761,-0.0005185125942386293,0.0025966205587014306,-0.0024258937938689273,0.0050477423618265765,-0.004977968514226272,0.0030775372277033557,0.0023299558659919395,0.00452835833120377
2019-05-12,76.30435946315258,97.7591408199384,80.11951209044965,56.31777767170133,6.913623216364684e-06,0.002596308085713532,0.0041948483100355816,0.005082388480003706,0.001792351917182744,0.002808030415941972,0.008656196402326843,0.004799324314353092
2019-05-13,76.26124686282287,98.17540699151586,80.51526726561649,56.419113977109134,-0.0005650083512007686,0.002582709596799364,0.0042580792761279795,0.004711504519980358,0.0049395604746076405,0.002986868061841683,0.0017993661965594043,0.004815105081432326
2019-05-14,76.47268250158427,98.7386613630791,80.8769052158563,56.30803435467926,0.002772517464102453,0.002631988638521071,0.005737224716694245,0.004437172377217767,0.0044915450512854616,0.002999117914641452,-0.0019688296146399553,0.00477721696267042
2019-05-15,76.9691337314794,98.4203218019248,81.07979099002216,55.94387294642878,0.0064918767546156,0.002798652098689145,-0.0032240619506043178,0.004485486488220424,0.002508574896929794,0.003031840671612535,-0.006467308127942384,0.00487658833157232
2019-05-16,76.825875583391,98.62887691326628,81.26132931269498,55.7150157401854,-0.0018612415281713535,0.0028216736100385342,0.002119024887575538,0.004493180122876825,0.0022390082714343063,0.00298348171702968,-0.004090835943062698,0.0049081627358437425
2019-05-17,76.49680899321595,98.8978148973644,81.74306443305382,55.82962624777005,-0.004283278097076293,0.002918840246999896,0.0027267671752424505,0.004432786613006067,0.0059282210177131756,0.003124287705847112,0.0020570847205556575,0.0049314428991966185
2019-05-18,76.46580962183667,98.72707644233505,81.83308270361691,56.09962007647096,-0.00040523744437537257,0.0029191619532969782,-0.0017264128151520675,0.00410204887494153,0.001101234351653435,0.003096086265860529,0.004836031455820455,0.0049888882508360745
2019-05-19,77.04713389322191,98.44082017454365,82.01245969453001,56.1643564495243,0.007602407850779258,0.003229063733665891,-0.00289947072380492,0.00408531749384638,0.0021919862357229203,0.0030985385449853746,0.0011539538586018416,0.004991601523759464
2019-05-20,76.84640260287102,99.09590138223427,81.91326038508682,56.36503901663232,-0.0026053050932313138,0.003267624323156556,0.006654568770649405,0.004201842915489393,-0.00120956388593485,0.003110822775759558,0.00357313035872453,0.005049597985225993
2019-05-21,77.21093990926228,99.2010624348534,81.5165161889002,56.54192245842363,0.004743713356045065,0.003377878523502494,0.0010612048647047345,0.004204203195415993,-0.004843467276500313,0.0032295031055293707,0.0031381765164593123,0.004904635751722092
2019-05-22,77.58337327494158,99.46739939502804,81.31846959144215,56.66718520474824,0.004823582851303021,0.0034454430096038245,0.002684819634361846,0.004229072765866702,-0.002429527250638497,0.0032578953967966067,0.002215395955394328,0.0048915690525567134
2019-05-23,77.43542516065905,99.15171516024604,81.31458882084628,56.49493899737558,-0.0019069564526180693,0.0034394067992188342,-0.003173745736814504,0.004259876289199732,-4.772311401535223e-05,0.0032424802091882855,-0.003039611139150633,0.0048869179838902455
2019-05-24,77.54972941313528,98.68265142310348,81.33069361114423,56.53581057646948,0.0014761235214899582,0.0033210636849372132,-0.00473076775711323,0.004312445921043655,0.0001980553616698355,0.0032308593366027942,0.0007234555841506563,0.0048935720240786355
2019-05-25,77.90983196383584,98.47696922136664,81.87774675347448,56.3163989188498,0.004643504928072195,0.0032991585663678107,-0.0020842792402787635,0.0043037426399996515,0.006726281530879508,0.0034574530995388083,-0.0038809323751166636,0.004929262687845471
2019-05-26,77.79962794406497,98.44922293185824,81.89532023740604,56.31849356881119,-0.001414507219345995,0.0032124006557908195,-0.00028175409669672913,0.004187840450661872,0.00021463077122119145,0.003395362987952429,3.7194316426569785e-05,0.004928347354566023
2019-05-27,77.731454193755,98.05153428618743,82.22740087594146,56.40001433892557,-0.0008762734747135292,0.0031799859687093647,-0.004039530570455363,0.0042615439766424835,0.0040549403503491455,0.0033777542297010106,0.00144749557292001,0.004408302119368072
2019-05-28,77.57574358932987,98.0729078010124,82.09366580742987,56.82329869460703,-0.0020031865612213373,0.003172025012108922,0.00021798246177962,0.004075456122990964,-0.0016264051531112989,0.003362917521359025,0.007505039859348361,0.004659618066952061
2019-05-29,77.32080861460854,97.43557580862829,81.99675079186022,56.48317974487154,-0.0032862717510115935,0.0032361645044147102,-0.006498553032375121,0.00426038386711497,-0.0011805419409213203,0.003301383172897893,-0.005985554474115196,0.004481953468739829
2019-05-30,77.15350420747124,97.03017118520104,81.6088301816491,56.6023078976478,-0.0021637694966589738,0.0032627200058762806,-0.0041607453957422935,0.004331275233702163,-0.004730926609467945,0.0034141909266890316,0.0021090907649736756,0.00449710135917893
2019-05-31,76.85488496256758,97.3255187155458,81.393532140417,56.97565747858943,-0.0038704560210337524,0.0033036307839769048,0.003043873124587426,0.004364462789206514,-0.002638170903232928,0.003444791448130829,0.0065960133925413444,0.0044016336962134466
2019-06-01,76.84981625290587,97.5927842090632,81.54219960624282,57.164132032711706,-6.595169147916025e-05,0.0032726994507844753,0.002746098834556898,0.004377879145607922,0.001826526775731363,0.0034476016763685504,0.0033079838384155735,0.004434298304261386
2019-06-02,76.6594558982913,97.46951930310556,81.5417324306573,57.37121659232778,-0.002477043718466576,0.0033120234554981564,-0.0012630534824540351,0.003695664144673785,-5.729249244801338e-06,0.0033798002064663432,0.0036226310494413827,0.004126875560459054
2019-06-03,76.70191304383081,97.10361543398892,81.8082700903546,57.514549987317686,0.0005538409455430049,0.0032679053364521237,-0.0037540337916182054,0.0035717611441112287,0.003268726966574542,0.003212365491813481,0.0024983502791724455,0.004052810006893515
2019-06-04,76.33229586386788,96.73891785064568,81.85545397629896,57.84134479642343,-0.004818878242993985,0.003196441506807411,-0.003755756999502924,0.003533932707308699,0.0005767618101721883,0.0031178707305042543,0.005681950205257635,0.0038858112230652554
2019-06-05,76.3993906016335,96.63226293795412,81.74942263690802,57.54711564391313,0.0008789823102566263,0.0031232754194341988,-0.001102502643829606,0.0035204293742554993,-0.0012953484983619923,0.0031221370055011517,-0.0050868311161480495,0.004046040855812299
2019-06-06,76.58128152394812,96.92018390358436,82.35996547594532,57.17879273532475,0.0023807902246635315,0.003148055903373925,0.002979553172785643,0.0035668659041909042,0.007468466679563468,0.0033672900555155724,-0.00640037132125737,0.004258829873982493
2019-06-07,76.1127096498414,97.31619136719029,82.32375145666538,57.16991186557523,-0.00611862148010911,0.0033344400626275465,0.0040859132500188355,0.0036011252750068165,-0.0004397041580902483,0.0033315055526646044,-0.00015531754562614353,0.004259740387076176
2019-06-08,76.19127193627374,97.1553711225571,82.65005548322347,56.606725336927006,0.0010321835445585847,0.003333456587828043,-0.00165255382864693,0.0034927962020399124,0.003963668088301953,0.0033584383977316224,-0.009851100172630245,0.004669149299099666
2019-06-09,76.4644737064683,96.74109370348356,82.52251711053454,56.91627407369836,0.0035857357837925097,0.003397446371172969,-0.004264071191194874,0.0035502116076101767,-0.0015431129712286662,0.0033096431451989767,0.0054684091851082695,0.004586546790105244
2019-06-10,76.17750687778685,96.88262052359195,82.71710984585734,57.223213391171285,-0.0037529432267205953,0.003466993799647527,0.0014629441811169208,0.003540299754872352,0.0023580562267890848,0.003127594113143767,0.005392821692359551,0.004656991497794405
2019-06-11,76.55252606823869,96.60006434112896,82.97383385609461,57.10412541805295,0.00492296487273447,0.003583954847249914,-0.002916479559862739,0.003476533855136682,0.0031036385424452195,0.0031462970309070974,-0.002081112996997536,0.004442416263784603
2019-06-12,76.6386762923388,96.4390464041406,83.02031730723142,57.0020495515732,0.001125374021274217,0.003586191518076291,-0.0016668512395576762,0.003369939379607381,0.0005602181914050597,0.003066052518160392,-0.0017875392667774381,0.0044537103776041516
2019-06-13,76.4658742869166,96.99102578327138,82.32176299460694,56.97728942804421,-0.0022547623965091246,0.003577873467807451,0.005723608846334383,0.0033690587661613395,-0.008414257320161211,0.0034450614687073053,-0.00043437251333555693,0.004434905772931124
2019-06-14,76.44376168186379,97.34756592263206,82.31853243454385,56.984571990786186,-0.00028918266166477746,0.003361466019474481,0.003676011635936005,0.0034181780434666387,-3.92430864643023e-05,0.00342765118309823,0.00012781518417392945,0.004241836654537494
2019-06-15,76.56269959570992,97.4414125324577,82.66463177126279,57.011088721809394,0.001555887769378872,0.003361928453544748,0.0009640365317427069,0.0033957287774621105,0.00420439148370555,0.003480192616934209,0.00046533175729557286,0.004147754927901151
2019-06-16,76.57017216225097,96.9771355771254,82.8059832704155,57.14805769421079,9.760061466623782e-05,0.0032681955052440946,-0.004764678007696754,0.0034332533975791404,0.0017099392584707385,0.0033388678000960824,0.0024024970487714903,0.00415191347462576
2019-06-17,76.68393065699885,97.09498755871896,82.92279288617573,57.09662399664778,0.0014856763611139634,0.003277590769262396,0.0012152553371700403,0.003443378868517933,0.001410642216260749,0.003341469987277169,-0.0009000077979591792,0.004090628340607376
2019-06-18,76.46128522565648,97.54247470474482,82.40960120797163,57.33222631521371,-0.002903417044938017,0.002997664213567904,0.004608756407278314,0.0035382588576150713,-0.006188789117468896,0.0035352184780160834,0.004126379145985348,0.004140318552762533
2019-06-19,76.49106857454211,97.42650521206912,82.1928162854643,57.439166349151385,0.0003895219495426705,0.0029662271628589057,-0.0011889127585366088,0.0032875965813319963,-0.0026305784681598388,0.003563704771370722,0.0018652691655425269,0.004111011352419211
2019-06-20,76.15740603157772,97.98475115531971,82.30402558569479,57.27354222344489,-0.004362111148169312,0.002913595333268907,0.005729918588739835,0.0034723411336207767,0.0013530294404835441,0.0034436737222667815,-0.002883470221342055,0.004131663332236974
2019-06-21,76.12536597211255,98.5178726808766,82.41423752613329,57.60988051726629,-0.00042070838720387194,0.0027380849709300746,0.005440862167540805,0.003591335873161955,0.0013390832301847233,0.0034082343325924896,0.005872489822773996,0.004238515583297747
2019-06-22,75.91259725494635,99.19486223806422,82.7557323961525,57.248018321077794,-0.002794977921605546,0.0027571158705062618,0.006871743560486365,0.0037788662014205123,0.004143639257851772,0.0034723520827187556,-0.006281252329277787,0.004372614202823234
2019-06-23,75.7404277308403,99.33079185004527,82.7020824637049,57.21666926612551,-0.0022679967532639456,0.002741872364983622,0.0013703291573190501,0.003677099593862339,-0.0006482926426265578,0.0034790913096041155,-0.0005476007008043959,0.004376037275238619
2019-06-24,76.01799070372664,99.57768587018,82.80836086358038,57.45820736294325,0.003664660752547233,0.0026802014592770384,0.00248557386421977,0.003672799265236102,0.0012850752569879553,0.003283032990176254,0.004221463778226964,0.004352147833766731
2019-06-25,76.2614859435735,100.15208085041166,82.8010702432818,57.26241322437388,0.00320312649141008,0.0027755185172762178,0.005768310191306414,0.003799297278146773,-8.804207959856036e-05,0.003284030025135914,-0.0034075921883989224,0.004414644740164373
2019-06-26,76.39363429962378,100.3367553447993,82.50312404866877,57.334499257459946,0.0017328321683642844,0.002809235251335955,0.0018439406632346778,0.0037033222271491716,-0.0035983374820834912,0.0032853208414772668,0.0012588717280148654,0.004413476673711959
2019-06-27,76.13510570312654,100.13921278329724,81.84236246973283,57.466583381976,-0.0033841641239801268,0.002844542347248956,-0.0019687955906410037,0.003736038416616239,-0.008008927983698566,0.0035942368892516036,0.002303746020749786,0.004229462191408622
2019-06-28,76.05668447951416,99.96516753945922,81.96197808736413,57.23517735408849,-0.0010300271193970367,0.002801132553690901,-0.0017380328744410756,0.0035141682117625075,0.0014615367154819925,0.003599110528516122,-0.004026792864113227,0.0041419563595854955
2019-06-29,76.32797142119878,100.0679323500892,82.00709335502661,57.20899858644813,0.003566904651986169,0.002881227412758833,0.0010280061861489553,0.003383773974624227,0.0005504414207084807,0.0034875590399778664,-0.0004573894735819817,0.0041329862228295456
2019-06-30,76.35286997175903,99.55773675523764,81.82455269796132,57.16135298877328,0.0003262047987997452,0.0028055183442310594,-0.005098492422793588,0.0035399193227236806,-0.002225913022853132,0.003476915929251647,-0.0008328339745862223,0.003965872450054985
2019-07-01,76.87643107064976,99.512137374213,81.3572881036396,57.01235806998314,0.006857124022769279,0.003088615603949932,-0.00045801946198065213,0.0035263092089120366,-0.005710567047601645,0.0036232127533792693,-0.0026065673921226162,0.0039486998701383285
2019-07-02,76.9554065366491,99.96053985987534,81.53691998172819,57.59666315475563,0.0010273040111181686,0.003057178636225648,0.004506007985499716,0.0035750474046748297,0.002207938370066609,0.0036470155782517806,0.010248744387230113,0.004329923356345208
2019-07-03,76.98743318329774,99.09190348375068,81.4599288740385,57.389249137087496,0.0004161714958050844,0.0030566283688009026,-0.008689792765648408,0.0038935132001607204,-0.0009442484178571187,0.0035977676106008377,-0.003601146425980195,0.004358466350340875
2019-07-04,76.90352021384177,99.7162080472363,81.61827210451708,57.64037387485105,-0.0010899567109372565,0.002921335627173643,0.0063002580588027435,0.0039308691643210256,0.0019438174408845654,0.0036157187105897402,0.004375815009596717,0.004305293645861507
2019-07-05,76.92251368322559,100.1738694890046,82.14909093510084,57.528607273742814,0.00024697789296257433,0.002918941162303519,0.004589639445089055,0.0039622172659422045,0.006503676405989367,0.0038016855049309134,-0.0019390332434502389,0.004217200955847258
2019-07-06,76.87540768372348,99.995115363344,81.52738674185481,57.2380843704034,-0.0006123824774642017,0.0028939949352905225,-0.0017844386622224429,0.003984179226607642,-0.007567998454629188,0.0037974187051562657,-0.005050059737358059,0.004153278941139818
2019-07-07,77.02720854374265,100.21973458099067,81.32692411958958,57.25706306631535,0.0019746348616933584,0.0026589171128106404,0.0022463019001528473,0.00394984045681766,-0.0024588378246437337,0.0038172415979178653,0.0003315746171574929,0.004153429040312045
2019-07-08,77.23562929580066,100.22605954360137,81.26817205168152,57.41669507123768,0.0027058068960095216,0.002689979516905794,6.31109495263793e-05,0.003922616489491139,-0.0007224184185505855,0.0037273866669904556,0.002787988003112307,0.003733297457379369
2019-07-09,77.03925467209824,100.72419231985911,81.68335066346731,57.64598593182689,-0.0025425393111039307,0.002676880245150027,0.0049700923943940545,0.0038533225516967453,0.005108748004345021,0.003862006199503377,0.003993452780671536,0.003674594130596826
2019-07-10,76.71892074192509,101.12016869139283,81.21354992800053,58.04134969990845,-0.004158061127883195,0.002698719066261761,0.003931293589093832,0.003881997037986901,-0.005751487073569539,0.003949932018820643,0.0068584787247654155,0.0037517678140757803
2019-07-11,76.28619735190655,100.5499443611688,81.76572102589675,58.79834894069635,-0.005640373793502351,0.002755123818581672,-0.005639076136871313,0.004016726999873426,0.006799002117082065,0.004123346696988745,0.01304241277471685,0.004362160168691284
2019-07-12,76.39574889669309,100.78799858843637,81.80205379025551,58.84776739969505,0.0014360598455469553,0.0027605159146424467,0.002367522217739726,0.003979795164210012,0.0004443520328922812,0.004122392372703939,0.0008404735828304588,0.0043308539603382195
2019-07-13,76.13536178595892,100.70458635025496,81.77177113988746,58.65500319048152,-0.00340839790819103,0.0027992991339367192,-0.0008276008984167138,0.003918116884340973,-0.00037019425509410286,0.0038408121017807512,-0.003275641842183541,0.0043955122711698555
2019-07-14,75.63817046800567,100.73830480336414,81.71258572258057,58.75856088331636,-0.006530359957453324,0.003032893359225596,0.00033482539704698944,0.003894507792242766,-0.0007237878852549562,0.0038417573436644857,0.0017655389515287556,0.004394770469666646
2019-07-15,75.72472609821092,100.44492252688946,81.58584984328404,58.671559758953215,0.0011443379667923637,0.0030249020456805413,-0.002912320959215564,0.003964540393509926,-0.0015509958248880462,0.0037549330704295895,-0.0014806544451609893,0.004417719641616474
2019-07-16,76.28883868280916,101.15029664616732,81.88425759442221,58.89996266401317,0.007449516342477258,0.0033443878145251794,0.007022496523794164,0.0039555495862336285,0.0036575919931136625,0.0038096631747251567,0.0038929066484396646,0.004442730884492754
2019-07-17,76.28094011767485,101.56702590403316,81.57474368884016,58.53867232861205,-0.00010353500290061213,0.0033306801447499966,0.004119901489993527,0.003985975515439851,-0.0037798951187307805,0.0038439040258343837,-0.006133965440046962,0.00461982638888711
2019-07-18,76.4664180711733,101.25817479801891,81.67266711298366,59.14729676744516,0.002431511111587348,0.0033221297465762293,-0.003040859996295109,0.004025377013391828,0.001200413506869502,0.0037035791538833555,0.010396963487940836,0.004906504886232319
2019-07-19,76.47739484602059,100.7124854534552,81.56139795856228,59.35613801459757,0.0001435502685254164,0.0033214580419222393,-0.005389089282442638,0.004183248893829942,-0.0013623793412728125,0.0036831559022686674,0.003530867149745376,0.004925422809049606
2019-07-20,76.4468701753096,100.55753676979788,81.34334366668861,58.886025746259136,-0.00039913324417562013,0.003219248115042461,-0.0015385250692570018,0.004116690949054279,-0.002673498705655475,0.0036960507541304918,-0.007920196361542509,0.005146979716877145
2019-07-21,76.65009568118161,100.734308299887,82.08090587838491,58.6807642533942,0.0026583888314324344,0.003249973910668038,0.0017579142823853644,0.004029756207176287,0.009067271868224758,0.004070669703086266,-0.0034857419950432567,0.00512116915615744
2019-07-22,76.57425688072072,100.83134498372894,82.19662887998778,58.880151751267,-0.000989415600683996,0.003208397205013947,0.0009632932957961415,0.003861088576490811,0.0014098650637985877,0.004001785196381313,0.003397834033173286,0.004973724777082769
2019-07-23,76.6272263613214,101.3360604076384,82.3674852223716,59.17450151731805,0.0006917400541437413,0.003172191694211429,0.00500554092570038,0.003943787149968094,0.0020786295583152814,0.00402259502267269,0.004999133957644952,0.005019046583624936
2019-07-24,76.69235419978011,101.65045151687151,82.68854694294028,58.81656303648148,0.0008499307824558766,0.0031131636828431427,0.003102460347959468,0.003955150426572888,0.003897918210103102,0.004082075592211082,-0.006048863474275468,0.005149774216977897
2019-07-25,76.52935414292162,102.03569268270395,82.26761704616173,58.98834687489022,-0.002125375580907085,0.003093711151099024,0.00378986182632457,0.0038834777637253345,-0.005090546542908858,0.004184974466421692,0.00292067114330008,0.005101201807859181
2019-07-26,76.74913833853483,102.1561689375888,82.7661487603642,58.45343477197567,0.0028718940343173127,0.003121037727249111,0.0011807265841716763,0.0038782047494309467,0.0060598778973108836,0.004285375259027083,-0.009068097874467496,0.005421699224065074
2019-07-27,76.69921152713505,101.57431863973888,82.02921866014972,58.41523349347136,-0.0006505195039396838,0.0030531782298167344,-0.005695694189603029,0.004020619293521914,-0.008903762120769154,0.004346548090833357,-0.0006535335118172947,0.0054176399071219575
2019-07-28,76.51610659201322,101.48667371644764,81.80455568578805,58.69308928549162,-0.002387311831192118,0.003082722630287189,-0.0008628649885616957,0.0040071064644593285,-0.002738816461149818,0.0043682798252419495,0.0047565639201170296,0.005398509933570288
2019-07-29,76.63151850381811,101.90980169547092,81.67107571380373,58.5312608104081,0.0015083348715099199,0.003027737720553024,0.004169295962989983,0.004061741012937727,-0.001631693624704833,0.004376014091835805,-0.002757198114012427,0.005433969848883372
2019-07-30,76.41637025902178,101.87726962731467,81.83645000216178,58.11918377737738,-0.002807568595755039,0.0030746705177262597,-0.00031922413364571245,0.003921167583497903,0.0020248819660164674,0.004374547919240372,-0.007040289707161862,0.005612599366789658
2019-07-31,76.41594728265996,102.07111412003802,81.89687899034269,58.1447614516372,-5.535153794755665e-06,0.0027916588052933036,0.0019027256367634138,0.003919248287844828,0.0007384116512789696,0.004239916965943757,0.00044009004596134993,0.005580625818421204
2019-08-01,76.40702020983424,101.92782973451264,81.8463967868098,57.97372200238074,-0.00011682211819863397,0.0027821628817564646,-0.0014037701729880947,0.0038776653938329604,-0.0006164118114786454,0.004225794974227381,-0.0029416140850233585,0.005313197963612343
2019-08-02,76.64920643209686,101.49632310965583,81.84075611771686,58.12618086326835,0.003169685476511308,0.002848989453219105,-0.004233452492618861,0.0035812886037069865,-6.89177448780498e-05,0.004221106096461692,0.0026297925270581946,0.005279906109411884
2019-08-03,76.74980438073051,101.43906017142002,81.55849892263258,57.88191257313758,0.0013124460554301276,0.0028552062790390973,-0.0005641873171498002,0.0034344032736814815,-0.003448858594100712,0.004257370923206546,-0.004202379831308112,0.005291611501851862
2019-08-04,76.73474467884138,101.5578806502194,81.13135416924729,57.66943994130302,-0.00019621811430847735,0.0028546949740813074,0.0011713483799888902,0.003352406233514129,-0.005237280712957815,0.004176285822181983,-0.0036707949407527307,0.00532456235069578
2019-08-05,76.91386189945914,101.28375247627623,81.34141320660068,57.1350093407648,0.0023342388297167282,0.0028861758733656675,-0.0026992309428680583,0.003377618434231019,0.0025891227812515627,0.003982972537930705,-0.009267136998073244,0.005517260521687864
2019-08-06,77.22414949763115,101.18331253372637,81.54101548132233,57.171897006939226,0.004034222057106129,0.0029578617488965706,-0.0009916688520540395,0.0033693819573411186,0.0024538825532165465,0.0039822962289816615,0.0006456228256552787,0.005518298238850285
2019-08-07,77.34049329839604,100.79918127135038,81.99375290589393,57.12348188681999,0.0015065727692924469,0.0029292471217489163,-0.0037963894713166635,0.0034523662521566147,0.005552266204917444,0.00410087977022999,-0.0008468342429386322,0.005494030973634234
2019-08-08,77.3291348051548,101.25046925236724,81.76390697401335,56.81126798946335,-0.00014686347030945512,0.0028885227778250285,0.004477099668121376,0.003429958033267017,-0.002803212729442617,0.004035143005892535,-0.005465596407012274,0.005519048412669027
2019-08-09,77.01117882474114,101.12668159753636,81.96098005778899,56.85589354344388,-0.0041117229775660125,0.002886162567127012,-0.0012225884555886468,0.0033639945534926483,0.0024102698986518956,0.0039041690374188916,0.0007855053330054762,0.0053497038791390315
2019-08-10,76.75402398421751,101.71108044361767,81.87683242147885,57.113497365220425,-0.0033391884717003384,0.0027550960022357115,0.005778878895750905,0.0033489783120894834,-0.0010266792350556164,0.0037125848088531044,0.004530820038554317,0.004794030748264764
2019-08-11,76.67471904704,102.3238542679436,82.21596269858253,57.05142885377904,-0.0010332349114857697,0.0027540114533303986,0.006024651607801967,0.0034872178581878237,0.004141956486029219,0.003786700367498253,-0.0010867573219072169,0.004782003936136781
2019-08-12,76.52615444025838,102.27519337517604,82.50526716229193,57.11397500095434,-0.0019375957111819053,0.002701529442150721,-0.0004755576606813028,0.003483151053151537,0.0035188356885151872,0.0038336636457372256,0.0010963116688207375,0.004777564138152992
2019-08-13,76.47606460148792,101.8476770052516,82.5591310049138,57.17755779175064,-0.0006545453529820389,0.0023942059749802003,-0.004180059267707148,0.003587485073554635,0.0006528533810563619,0.0038291633467328707,0.0011132615230375897,0.00476659952525104
2019-08-14,76.48232787757684,100.98738385107168,82.45349358430755,56.86065538129927,8.189851454254438e-05,0.0023902124337401133,-0.008446860836458292,0.00389158603155438,-0.001279536488822286,0.003824832797745995,-0.005542426481480289,0.0048408347438076895
2019-08-15,76.59712570067951,100.39103871361088,82.72420739993296,57.3816945451628,0.0015009718753125068,0.001993435474629146,-0.005905144927214279,0.003823723291473118,0.0032832303866980883,0.0038142985873086434,0.009163439295054143,0.0051137252863545715
2019-08-16,76.57334142727676,99.843660786835,82.90269705203612,57.25189313939592,-0.0003105113042451979,0.0019946521702606922,-0.005452458045955733,0.0038463330515724403,0.002157647171404653,0.0037461986506683886,-0.0022620699300667235,0.005024036351632176
2019-08-17,76.67774455242166,100.40395754478956,82.69383829167731,57.413475871588055,0.0013634395887509587,0.0019614010054534808,0.005611740931162235,0.003976345232725186,-0.0025193240725053245,0.0037851199100559655,0.002822312474431543,0.004619704055546672
2019-08-18,76.68445299545023,100.45469914156232,82.30107504306065,57.60381045239863,8.74887891881837e-05,0.0019613787352447186,0.0005053744694287765,0.003858808964309832,-0.00474960718634565,0.003889244664708798,0.003315155160371841,0.004612601902229813
2019-08-19,76.22185910937282,100.61499103157632,82.21282230843732,57.55810355707676,-0.006032433798606629,0.0022573462336105453,0.0015956634322116248,0.0038603366981425262,-0.0010723156966923053,0.003857773336936791,-0.0007934699972607095,0.0044228938663196885
2019-08-20,76.00255283757107,99.7235196215727,82.64451427832415,57.70602278915711,-0.0028772096923935786,0.002250686851957699,-0.00886022451389823,0.004170406147150773,0.005250908042875091,0.0036161594184675786,0.0025699114970607617,0.004431935261506246
2019-08-21,75.9669103497112,99.25671226265644,82.96823949427487,57.75973460759354,-0.00046896435092180777,0.0022470354064270835,-0.004681015679026346,0.004236944230486508,0.003917080507733317,0.0036727903176086334,0.000930783579258021,0.004378751109867442
2019-08-22,75.68874607721894,99.62456689443884,82.6346608542165,57.3808250945665,-0.003661650463494426,0.002322556549655251,0.003706093254519427,0.004184874236435121,-0.00402055825327452,0.0037401635134083665,-0.006560097888282712,0.004374826463264053
2019-08-23,75.82465336356745,99.75092357293607,82.2891967184353,57.28683529932713,0.0017956075822667117,0.0023465133388988714,0.0012683285100865138,0.0041427217237476645,-0.004180620241071242,0.0037491967630959703,-0.0016380000650820792,0.004272787877759834
2019-08-24,76.17155527458506,99.70304499027144,82.65152062374177,57.12128792466996,0.004575054360674402,0.0024888792458964207,-0.00047998134703619577,0.004058472243132092,0.004403055562034686,0.0037187386739653775,-0.002889797870526012,0.004226513427507034
2019-08-25,76.44615132643366,99.9396642881722,82.31523547186717,56.99593173744736,0.0036049684276333593,0.0025229689808300006,0.002373240435373347,0.004083922729695039,-0.004068711009026615,0.003623361011937794,-0.002194561638524606,0.003955186269590019
2019-08-26,76.3912221564186,100.60262840963192,82.4570450122612,56.65554448035187,-0.0007185341454339911,0.0025234845057777516,0.006633643670726164,0.004185345576448124,0.00172276176556041,0.003239812863030213,-0.0059721325140097425,0.0040645178757930805
2019-08-27,76.72734635999308,100.5161332430248,82.27319737345752,56.93876143159867,0.004400036994907985,0.0026167592565073928,-0.0008597704451113186,0.0041853315669651515,-0.002229617114903215,0.003225303498336616,0.004998927357321881,0.004076600012703354
2019-08-28,76.75349655389331,100.54737079366576,82.73435996159614,57.34363451612813,0.00034081973560695644,0.002603667256541787,0.0003107715113297438,0.004101321228200192,0.0056052590984800865,0.003352078823374439,0.007110676002600291,0.004320957541324082
2019-08-29,76.66764896775139,100.6278890875318,82.5030002543609,57.588049731021016,-0.0011184843687432888,0.0025574549830113895,0.0008007995955585656,0.004107555352466944,-0.002796416233142307,0.0033886848002060745,0.004262290260380164,0.0042386953327400445
2019-08-30,76.51904571307782,101.59301539888057,82.82687047217841,57.90790942176919,-0.0019382784873980263,0.002584731865284335,0.009591042007343065,0.004479391538913655,0.003925556850284284,0.003453031209672386,0.005554271975560132,0.00437017655024937
2019-08-31,76.44328818255302,100.73241173595864,82.87151371820215,57.80680816782176,-0.0009900480307721837,0.0025915618237958233,-0.008471090847564477,0.0047267857433665374,0.0005389947219933688,0.003447948535703761,-0.0017458971487136488,0.004349021037424642
2019-09-01,76.34857323051763,101.00897559541576,82.93539042281056,57.63061123063002,-0.0012390224738789701,0.0025310354807365205,0.0027455300105596603,0.004702390948490916,0.0007707920579997918,0.0034472447857717583,-0.0030480308942194556,0.004350260062091076
2019-09-02,76.38268572295806,100.96109895161428,82.35370044750582,57.419058360495896,0.0004467993440746554,0.002518954332493757,-0.00047398405457799164,0.004702145635255003,-0.0070137726770108655,0.0036421644362789264,-0.0036708420337155934,0.004334772908910072
2019-09-03,76.41434119577093,101.1890027699516,81.7138833963111,57.57709296328274,0.00041443257085371776,0.0025210907214334747,0.002257342884575353,0.004716800313877872,-0.007769135420970463,0.003801463687718822,0.0027523022372579753,0.0043190175439832175
2019-09-04,76.409699356249,100.9196597803833,81.65126173210803,57.62661188199974,-6.0745659116956396e-05,0.0024777044812893203,-0.002661781242974004,0.004716096479900619,-0.000766352810566695,0.003779429908798743,0.0008600454828204818,0.003953627699146441
2019-09-05,76.50459761818549,100.89937760551284,81.72284101094306,57.59698415468956,0.0012419661736140508,0.0023622877743627187,-0.00020097347647218822,0.0047132036492093625,0.0008766463287472881,0.003756944208001356,-0.0005141327303929133,0.003955732067542055
2019-09-06,76.77191783053793,101.18621441240212,81.40148307936524,57.92324522693147,0.0034941718625405294,0.0024415160536928934,0.0028428005573108983,0.0046886329752578995,-0.003932290258176319,0.003678918853312849,0.005664551313410149,0.00407019849142303
2019-09-07,76.98263637150225,102.44298349473776,81.09445263624974,58.01743120221818,0.002744734623270073,0.002501777911353113,0.012420358737935011,0.005144244765695382,-0.003771804044603755,0.003706381818066175,0.0016260479694758523,0.003916523859833699
2019-09-08,76.63012346130895,102.7580396332238,81.25948512667554,57.786550198352,-0.004579122342500019,0.0025286333052112367,0.003075429158134746,0.005157239905967075,0.0020350651007665643,0.0036976576172857794,-0.00397951096906457,0.004008805015256384
2019-09-09,76.03621170108359,102.39014116572731,81.42395296663918,57.59894627229498,-0.007750369350836728,0.002830034115443277,-0.0035802402304445646,0.005112687480971369,0.002023983288932385,0.0037183018054590656,-0.0032464981109457947,0.003993880910263972
2019-09-10,76.24716019222554,102.20113067047762,81.38780375006901,57.76629292483302,0.0027743161636095692,0.0028813604066824173,-0.001845983344663571,0.0050061499594456875,-0.00044396292802162396,0.0036277346872338172,0.002905376979414065,0.004012893028104045
2019-09-11,75.93074947414101,102.00230280367263,81.61349511591683,58.02667595886864,-0.004149803314468792,0.0029551913409592433,-0.0019454566255833194,0.005017861868700737,0.0027730366891443037,0.0036029131456786017,0.0045075254244622,0.004080392701545808
2019-09-12,75.87826225601187,101.258272840924,81.27974802730517,58.15876239755655,-0.0006912511530920984,0.002955369589259558,-0.0072942467208872985,0.005136482520245625,-0.0040893615466123245,0.0036606952140579682,0.002276305449265159,0.004091569850982783
2019-09-13,75.61105892043756,101.12082603334328,81.18290596677204,58.64244499361224,-0.003521474103779121,0.003013755055391681,-0.001357388425898276,0.004900738788718428,-0.0011914660525350618,0.003660095372500443,0.008316590245668776,0.004158840877782503
2019-09-14,75.20353158399458,101.41491337800292,81.65637660367592,59.05820878575663,-0.005389784804783693,0.0031261485232352733,0.002908276723952774,0.00479409767959802,0.005832146943565597,0.003778868785151263,0.007089809986430051,0.0040344999841801085
2019-09-15,75.33001404434627,100.89271445630406,81.67735744815131,59.15715595634572,0.0016818686262149996,0.0031537090340167436,-0.0051491334391073895,0.0047817434918611575,0.00025694067442172397,0.003749878527812037,0.001675417738252749,0.003989584498280835
2019-09-16,75.50499578943419,101.3158775602324,81.71479785026652,58.915043695863936,0.002322868876473372,0.0031784520483609893,0.0041941889085717055,0.004734826552232672,0.0004583938962394729,0.0037336699962211683,-0.004092696083301317,0.004085229100459275
2019-09-17,75.37655765534785,101.50931841039522,82.37537652258914,58.55037368127528,-0.0017010547811235899,0.0031836526422220563,0.0019092846533144137,0.00474373054535574,0.008083954065860377,0.003946123216805892,-0.006189760572379188,0.004254064947836252
2019-09-18,74.79380374130916,101.20500883937564,81.96761598097513,58.43318437643192,-0.0077312354419696305,0.0032972725878297224,-0.002997848628923716,0.004776460321519811,-0.0049500294727296,0.004045977683499573,-0.002001512500693803,0.004272917581739215
2019-09-19,74.67877122127318,101.14465426500756,82.19520196882203,58.61683636374884,-0.0015379953188883189,0.0032747174826501667,-0.0005963595582889614,0.004463625749587159,0.0027765354051498825,0.003957566303790842,0.003142939911229492,0.00428370173311053
2019-09-20,74.77497424354826,101.78887744550224,82.67117855776036,59.08313805556824,0.0012882244940803922,0.0032924451923231966,0.006369325054063291,0.0044788451888179625,0.005790807462446201,0.004038320950574838,0.0079550811805289,0.0044931564633925915
2019-09-21,74.45097642389884,102.07857369384388,82.57055450949612,59.17572759153629,-0.004332971330677227,0.0033167134440600745,0.0028460501344731437,0.004462655070078508,-0.001217159958520897,0.003976715818091132,0.0015671059292918788,0.004276024801388221
2019-09-22,74.5021104055273,102.07023053132106,82.81324571016349,59.46797538525709,0.0006868141169475983,0.0032958536896979494,-8.173274979172973e-05,0.00446479594371854,0.002939197903042423,0.003931942095961089,0.004938643014887223,0.004302705765796169
2019-09-23,74.50853715216505,101.96137028835834,82.52089323492903,59.38152899532257,8.626261192823392e-05,0.0031524739523014758,-0.0010665229459760894,0.004471764668772466,-0.0035302622512545234,0.003907548979114078,-0.001453662906370834,0.0042628020936673686
2019-09-24,74.64786775777569,101.98194364611255,82.31731937462257,59.52768959840856,0.00186999518358677,0.0030853928524541734,0.00020177600297088816,0.004462257333715189,-0.002466937187978635,0.0038613484117201342,0.0024613816039917857,0.004215561631847622
2019-09-25,74.68351210936474,101.76232262690392,82.42473944275116,59.727075531060486,0.0004774999294649973,0.003094044047795288,-0.002153528471380506,0.004345121622781946,0.0013049509987044239,0.00385569991036121,0.003349465332806334,0.0039862937859435526
2019-09-26,74.4741412720487,100.89701044888848,82.65078062384441,59.17258739257162,-0.0028034412335811165,0.0029571831265096963,-0.008503266785566344,0.004635403600684656,0.0027423948516118735,0.0038636688788938403,-0.009283698114442407,0.004416886238092219
2019-09-27,74.75170553101542,101.72146186356623,82.96887621453833,59.04356188825559,0.0037269883777886204,0.0030720748102366093,0.008171217472250136,0.004862203305846166,0.0038486701310374016,0.0037909250224393695,-0.002180494549951506,0.004319561211314818
2019-09-28,74.72438377724806,101.77655462034554,83.4159015505023,59.27776345854748,-0.0003655000721825008,0.0030731006701554945,0.0005416040604409034,0.004861693985152214,0.005387867792834289,0.0038688877897486438,0.00396658946042483,0.0043121519366243
2019-09-29,74.72673598157023,101.92999572480068,83.38370194561497,59.331390877716046,3.1478403745399675e-05,0.003070106760563959,0.0015076272234555432,0.004548038550409104,-0.00038601278999339517,0.0038120764346433896,0.0009046802045098445,0.004224497145442672
2019-09-30,74.5260142988045,101.89618620042604,83.71986302553064,58.99201219842702,-0.0026860758753766145,0.0030895634156143936,-0.0003316935719874792,0.004250913598760579,0.004031496228542597,0.0038746409453647556,-0.005720052644450857,0.004367570478686196
2019-10-01,74.43692028328326,101.58673711742956,83.60456042899337,58.32910169448444,-0.0011954753834551024,0.0030893805359007973,-0.0030369054479409963,0.004271549291717395,-0.0013772430146250514,0.0038863653440756574,-0.01123729263061568,0.004839422787035696
2019-10-02,74.25004221375981,101.50455874123968,83.8545596971604,58.219360790402106,-0.002510556170409073,0.003094075044536093,-0.0008089478855384247,0.004273806101394301,0.002990258747659569,0.0036620958459146506,-0.001881409123307587,0.004798204482262888
2019-10-03,74.22362945405811,100.84941098596006,83.89939966369496,58.18754378298296,-0.0003557272011464052,0.0030856431266292933,-0.006454367797901095,0.004421742147372325,0.0005347349827666825,0.003303272537056554,-0.0005465021770626466,0.004781931732296632
2019-10-04,74.61712223241179,101.7688868731796,84.01388021234159,57.94322691260636,0.005301448895021155,0.0032884419247874025,0.009117315393617265,0.00470082596080429,0.0013644978284172993,0.0032894096437503066,-0.004198783012525853,0.004852463837940945
2019-10-05,74.3195373555609,101.2579273957802,84.12108525194125,57.96914140000252,-0.003988158052035229,0.003315758572281193,-0.005020782806007595,0.004799512888761528,0.001276039617843061,0.0032898834943896186,0.00044723928536538615,0.004850799889459941
2019-10-06,73.97151314755537,100.8367692853972,83.63042033528001,58.089691771606056,-0.004682809129186394,0.003272784715618558,-0.004159260624966632,0.0048331457224781976,-0.0058328410194865565,0.003403860677129661,0.0020795611025477,0.004755423975530854
2019-10-07,74.31228213088414,100.66029756585374,83.2874395590608,58.25274448789818,0.00460675966772528,0.003367113362752958,-0.001750073121085327,0.004220537258694541,-0.004101148539540689,0.003419962356208021,0.002806913091107477,0.004773288299559431
2019-10-08,74.2774870363364,101.18183438558589,83.3063504755566,57.62192176106184,-0.0004682280445440501,0.0033067234690877666,0.005181157142824411,0.004300123746935299,0.00022705604345518715,0.0034151151038204356,-0.010829064490985307,0.005128056381400191
2019-10-09,74.14056209547834,101.18537371942328,82.80329492264102,57.27166259512423,-0.0018434245196133903,0.0030596128872429824,3.497993349199646e-05,0.004261488871293993,-0.006038621906299779,0.003628892592908946,-0.006078574876242637,0.005213666962409777
2019-10-10,74.38506072463952,100.68271414616704,83.03737853314725,57.18575436717441,0.003297771452640319,0.003082324262943361,-0.004967709806064091,0.004335840788816236,0.002826984248935016,0.003646582395344733,-0.0015000128171088756,0.0051858290467785345
2019-10-11,74.26138307255239,101.19062784693536,83.28195415977933,57.3261004537458,-0.001662667891674574,0.0030225215053507858,0.005044696153412742,0.004441451223938846,0.0029453678686937046,0.003650134542770149,0.0024542141329511047,0.005133150440151545
2019-10-12,74.68059948404725,101.48416133913156,83.36658081094578,57.44459399728248,0.0056451468333855725,0.0032393928403079966,0.0029007972224484035,0.004271183061329365,0.001016146319094302,0.0035373164804445383,0.0020670086156007184,0.00512953972861204
2019-10-13,74.84187558922393,101.69742264923065,83.02804601919733,57.558166330328206,0.0021595448656130944,0.003224206641004055,0.002101424569952659,0.004277636461696216,-0.004060797365747271,0.0036319829871058573,0.0019770760857165115,0.004882754180227069
2019-10-14,74.74057536055943,101.9811115708009,83.42061062502182,57.44978306379192,-0.0013535233833594784,0.0030873450003155163,0.0027895389497603063,0.004275096825796082,0.004728096404120086,0.003584049321565258,-0.0018830215318930144,0.0046647649700695655
2019-10-15,75.23332776905522,102.94747684064548,84.00365194273773,57.35665134603669,0.006592836703740668,0.003312611213785973,0.009475924070249775,0.004473985730177556,0.006989175856512153,0.003760539276598918,-0.0016210978142739974,0.004640539740288432
2019-10-16,75.10205037091349,103.82690184180174,84.03019611741918,57.16078636788663,-0.0017449367459155818,0.0032958739844270476,0.008542462896079961,0.00465833203966022,0.0003159883417871434,0.0037612623903929224,-0.003414860762501526,0.004626689175890695
2019-10-17,75.27570081199505,103.51204913117247,84.1634700094588,57.35165401542061,0.0023121930789364864,0.0033131188591084305,-0.0030324771811933715,0.004705867930766514,0.001586023812837345,0.0035146093636315248,0.003339136139687726,0.004584783063404488
2019-10-18,75.34849172666185,104.15813540330709,84.20491991674038,57.10624808721819,0.0009669908600200561,0.0029806916643993894,0.006241652808127496,0.0047601082831720855,0.0004924928508402981,0.0033482616607829092,-0.0042789686263701165,0.004626103676090088
2019-10-19,75.64744659474087,104.28462716190324,84.34294354305416,57.31828303869606,0.003967629095530167,0.0030357514881606132,0.0012144203437050027,0.004751031769893246,0.001639139689821656,0.00333272445293519,0.003712990409631356,0.004643803471535633
2019-10-20,76.00432208800706,104.45833667752576,84.28821968864084,57.36425332354909,0.004717614530706404,0.0031320617917764138,0.001665725048360489,0.004645203999145126,-0.0006488255224977868,0.003209669303374891,0.0008020178277496903,0.00435694956933649
2019-10-21,76.01146474910223,103.71492036696934,84.25911603108439,57.34471713514312,9.397703839653104e-05,0.0029954536589001006,-0.007116869119325853,0.004850915744753031,-0.00034528736831740403,0.0031960900263991064,-0.000340563805403038,0.004332428954155478
2019-10-22,75.83949397235389,103.61589918477726,84.50761254411698,57.16746164903922,-0.0022624320859488956,0.0030437721669104027,-0.0009547438482497839,0.004857398303549184,0.002949194398632393,0.003196334203653443,-0.0030910517125085635,0.004196358134362055
2019-10-23,75.94532845879235,103.25175668524297,85.18068210080928,56.81199365104398,0.0013955062315820221,0.0030455716554218647,-0.0035143496548240005,0.004905161721757396,0.007964602672225762,0.0033590236575279596,-0.006218012620142543,0.0042912323023313725
2019-10-24,75.79134409889986,103.57037483736411,84.73671585319428,56.64173323455832,-0.0020275685551355282,0.003074348070188197,0.0030858375910487457,0.004928721606060532,-0.005212053210487011,0.0034932213654247975,-0.002996909728805619,0.004234375466523922
2019-10-25,76.25076916644474,103.98738084789908,84.68331765585009,56.553914641139954,0.00606170893268998,0.0032369732487072026,0.004026305892875115,0.004941948944648912,-0.0006301660007299592,0.0035047077386267333,-0.0015504220722678541,0.004128195287817625
2019-10-26,76.28018533126625,103.09335779119289,84.31134540193653,55.94781708648919,0.0003857818766037635,0.003169700186298842,-0.008597418738855112,0.0049480428864335044,-0.004392509223897445,0.003616207940135689,-0.01071716358622965,0.004224850265192549
2019-10-27,76.1945868205059,103.06263936129758,84.76232441131816,55.898359915104166,-0.0011221591870630432,0.003138988422226878,-0.0002979671101364101,0.004746334974979592,0.005348971804822744,0.003671637832169716,-0.0008839875076549486,0.004228062903564444
2019-10-28,76.23550159433913,103.50384367529684,84.56527648864602,56.13138450841948,0.0005369774355441503,0.0031333170463166654,0.004280933583047153,0.00479771038370195,-0.002324711173751548,0.003602869742065721,0.0041687196846065255,0.004237742808183102
2019-10-29,75.92583583593434,103.40063943987307,84.11720387802333,56.27386531436064,-0.0040619626280229415,0.003249173975657497,-0.000997105341783433,0.0048026626986577775,-0.0052985413071149345,0.003751344479953676,0.0025383447636107004,0.004284041317770138
2019-10-30,75.70535570483422,103.67738389810312,84.28810548990809,56.146615743103794,-0.00290388809912534,0.0032568560815917453,0.002676428886022153,0.0048163252753085015,0.00203170818816778,0.0037001470505429335,-0.00226125521227305,0.004219659962177407
2019-10-31,75.98053066379882,103.79530708389424,84.78427900343725,56.1576016509409,0.0036348149533498297,0.0032879326236083637,0.0011374051056980417,0.004768015713075454,0.0058866373926100835,0.00382670386563504,0.00019566464855813592,0.0038201640453772545
2019-11-01,75.83130065401316,103.9082192745507,84.95851990772108,56.01612196720416,-0.0019640559032940708,0.0032710614001902993,0.0010878352194207963,0.004759498539250947,0.0020551086396189966,0.0038092712795099967,-0.002519332727493162,0.003825532580406717
2019-11-02,75.5948122639645,103.76533368313032,84.99526187972042,56.05348663761229,-0.003118611813447081,0.0033402020272115867,-0.0013751134647284058,0.004579808492772399,0.00043246953971465274,0.003809232190364973,0.000667034223290397,0.0038399233236258677
2019-11-03,75.72001990851788,103.23180919116136,85.09254583830638,56.44162422912934,0.001656299431185504,0.0032282991610545777,-0.005141644834855907,0.0044419461153939795,0.0011445809617438574,0.0038076023264283815,0.0069244147830869185,0.004074015210958778
2019-11-04,75.99196866843735,102.74580969156594,85.4886845373284,56.68508040868439,0.0035915040731371306,0.0031613053582895275,-0.004707846383816272,0.004428918167388028,0.004655386616058799,0.0038826707738511194,0.004313415548899302,0.004176866005318382
2019-11-05,76.15646300134478,103.0195787361088,85.1984263404899,56.81400806274434,0.0021646278651514805,0.0029987761281021603,0.0026645275886645337,0.004356229749079766,-0.0033952820587823673,0.003768425118182595,0.0022744548147486388,0.00418154821089587
2019-11-06,76.38341175576758,103.00699149733742,85.13900566092144,56.68333929212849,0.002980032757282869,0.0029450707976818725,-0.00012218297653510124,0.0043344424636794655,-0.0006974386983509273,0.0036711717531919133,-0.0022999393120011202,0.004136240328803502
2019-11-07,76.20768260896726,102.92947225934532,84.97861549569433,56.87072803829911,-0.0023006192412851068,0.0029934783518999982,-0.0007525628781626104,0.004261334812060007,-0.0018838623258755627,0.0037014409483395717,0.0033058875590388226,0.003753785166030316
2019-11-08,75.88170258062193,102.7353391668866,84.60722908406008,56.43404812959869,-0.004277521861122291,0.0031003548474347145,-0.0018860787702240644,0.004284176299491544,-0.004370351405090456,0.0036085543857715683,-0.007678465245008703,0.003847001248928396
2019-11-09,76.22507337793336,102.59237089172322,84.48925169469744,56.36749057385733,0.004525080297804296,0.003142551341785392,-0.0013916172986117026,0.004174695626576599,-0.0013944126363649723,0.0036060645811393775,-0.001179386521918735,0.0038445253495689967
2019-11-10,76.15031746247918,103.00595412888862,84.79715649196652,56.51346075254061,-0.0009807260543197582,0.0031264017167477514,0.0040313254637802665,0.004141754002078621,0.003644307306468919,0.0036240583582352777,0.002589616411821982,0.003848158278546379
2019-11-11,76.09266110283009,102.8474884309722,84.9430233284764,56.69884008264412,-0.0007571387956130105,0.0030033449141936078,-0.00153841299036106,0.0041360573697656385,0.0017201854701778263,0.003629071735149029,0.0032802685879607107,0.0038819521977723308
2019-11-12,76.39598771904623,102.27713682613484,85.11105447242434,56.8657824757716,0.003986279515264091,0.0030535457752066605,-0.005545605571303458,0.004264616274976706,0.0019781629775310616,0.0035258699426256395,0.0029443705177063517,0.003906558077939015
2019-11-13,76.52132493653627,102.5686817852376,85.12973828205473,56.93629543722889,0.001640625656297301,0.0030333209209814083,0.0028505389195472297,0.004265908715519438,0.00021952271354419572,0.0034493459450924673,0.0012399892938663726,0.003907174704035605
2019-11-14,76.62291743462696,102.46893518237007,85.26060038752999,56.88081059658885,0.0013276364225911497,0.002831584114215657,-0.000972485958982916,0.0038927023462222822,0.001537207891344483,0.0032430393903128698,-0.0009745073896002543,0.0039013683659116748
2019-11-15,77.11678218066788,102.46717499086964,84.9955257950597,57.01349933507022,0.00644539209124062,0.0029868718092591756,-1.7177806105883597e-05,0.003530615162475757,-0.0031089927969714104,0.0033093580278301207,0.0023327504845602753,0.0038827018201553058
2019-11-16,76.9603133933767,103.11148565168251,84.87966679761112,56.76325398386594,-0.00202898490920711,0.00302042155976543,0.006287971351511157,0.0037000277820573996,-0.0013631187802513045,0.003316280391994606,-0.0043892298161455345,0.0039044361501208206
2019-11-17,77.16820692247678,103.08170996293006,84.91398801901757,56.54316450437534,0.0027013082449061088,0.0030413924356517347,-0.00028877179457031943,0.003499350646304073,0.0004043515096292527,0.003316131836651007,-0.0038773231632061034,0.0038911166138135456
2019-11-18,77.17350136234755,103.17999075267072,84.97349531930499,56.55580725252719,6.860908244354924e-05,0.0029841427838054116,0.0009534260711818732,0.0034956746665449983,0.0007007950241848526,0.0033073313064524113,0.0002235946336337502,0.003817776508909197
2019-11-19,77.22778430030327,102.67145916161728,85.04527933407313,56.59675189396026,0.0007033883003551011,0.0028847464703930805,-0.004928587290460418,0.003571132529148096,0.0008447812402960775,0.0033045192040706394,0.0007239688269367051,0.003816927986721574
2019-11-20,77.57362264775456,102.56463211615664,84.98007995064096,56.12842915430272,0.00447815964920717,0.0029713086812969427,-0.0010404746005652221,0.0033525654436713844,-0.000766643180464599,0.0033082646032708,-0.008274728212936844,0.004075768724496485
2019-11-21,77.68084871040334,102.79922137549082,84.84442228052927,56.24268341005192,0.0013822490040933388,0.0029208234099233335,0.0022872334692185525,0.003385035440037588,-0.0015963466990203123,0.0032862618415367834,0.002035586198842365,0.004079806131435713
2019-11-22,77.79453296748814,102.14176060810152,85.75997720454755,56.43690823039597,0.0014634785661085115,0.0029213243234346357,-0.0063955811979140575,0.003518834907623128,0.01079098542260204,0.0035484390063534013,0.003453334879632397,0.003996551043411754
2019-11-23,78.03221977994212,102.2127780952106,86.00195505673696,56.414836108225295,0.0030553151151806457,0.0028986050402874113,0.0006952835616527153,0.003464901360054162,0.0028215708548087193,0.003424393363782456,-0.0003910937516380386,0.003962129447310068
2019-11-24,77.93231804996738,102.24223674861312,86.09399596072913,57.01531846842042,-0.0012802625666228362,0.0027610702525897894,0.00028820910605809047,0.0033647402062251097,0.0010702187401605556,0.003419113437832835,0.010644050423955331,0.004411068356727387
2019-11-25,77.72248746517614,102.24709245200032,85.99062752304428,56.83433765390835,-0.0026924720070138353,0.0028306647430504693,4.7492147488226166e-05,0.0030033026837869093,-0.0012006462997954381,0.003307645742667082,-0.003174248945260416,0.003953877863766762
2019-11-26,77.46695797403898,102.659223460266,85.82270840964016,56.737277108713855,-0.0032877163285807143,0.002903521112546801,0.004030735724433132,0.0031042184901136317,-0.0019527606466079872,0.0032183746872414434,-0.0017077800006317645,0.003966888324065284
2019-11-27,77.0001239297026,102.7802468238247,85.75285559432939,56.63226051268117,-0.006026234365532068,0.0031424546775653756,0.0011788844633675577,0.0030023525830601854,-0.00081391995900848,0.00318560714110611,-0.001850927668443858,0.00392718557443154
2019-11-28,77.4689554618323,103.37036567870278,85.81085482232015,56.60930099790208,0.006088711396850632,0.0031983967352813506,0.005741559036043231,0.0031892043866960868,0.0006763533131204369,0.0029935157173545356,-0.0004054140620777247,0.0039061431408623356
2019-11-29,77.20278398025748,102.93581163662893,85.2157319158583,56.52215208866349,-0.003435847043348317,0.003220326583711591,-0.004203855130246348,0.0032367728467135484,-0.0069352870064528505,0.003286132103012969,-0.0015394803981385596,0.0038926251844121043
2019-11-30,77.14389412366269,102.97265236157662,84.72262861737613,56.16142227775632,-0.0007627944687830235,0.0031799922306477236,0.0003578999802105187,0.003228500800669604,-0.005786528935397217,0.003301470421037218,-0.0063820961795882925,0.004075553270109104
2019-12-01,77.07268928244449,102.98795699736588,84.51312155157892,56.02243466603969,-0.0009230133120330386,0.00315764776789168,0.00014862815940208662,0.003219519673040736,-0.002472858423024027,0.0033068773654139714,-0.002474787960839775,0.004074607889767742
2019-12-02,77.1372252020885,102.52785376288568,84.55561083052308,55.99774782683761,0.0008373383651829602,0.0030809957461402217,-0.004467544049756911,0.003303813905413745,0.0005027536335671101,0.0033073437161469836,-0.00044065987758734604,0.004073484034222142
2019-12-03,77.31899502491578,102.90524932230193,84.4656982515549,56.30740033281423,0.0023564475174089328,0.0030912956698618847,0.0036809076320767353,0.00325904785098416,-0.0010633543780836918,0.0033016992180332806,0.005529731426595186,0.003998708086932334
2019-12-04,77.51020880906086,103.84342872812792,84.88440334563735,56.86373668591408,0.00247305056258762,0.0030618428553646285,0.009116924666180859,0.0035495608693392766,0.004957102146192716,0.003317550242384478,0.00988034165689644,0.0043250691563707705
2019-12-05,77.36478784504177,103.80777227784392,84.42212318643737,57.20061457528173,-0.0018761523966128735,0.0030823691085045263,-0.0003433674207479198,0.00352462525873345,-0.005445996449048973,0.003404970481545095,0.005924300951736461,0.004437803805187901
2019-12-06,77.31734992908481,103.98928538404454,84.18232181946648,56.99422504002136,-0.0006131719258634094,0.0030535387453743583,0.00174855025031051,0.0035341644771762744,-0.00284050386225565,0.003435947198062742,-0.0036081698910549465,0.004469889723714881
2019-12-07,77.37466126461248,103.9943425769179,84.61452155997273,56.81016712414095,0.0007412480585564651,0.00301064002694752,4.8631864856929496e-05,0.0035287839431253154,0.005134091471522106,0.0035658366937457962,-0.0032294134318198164,0.004472149029432923
2019-12-08,77.30829507515404,103.66737988561836,84.63398738453212,56.76490147201523,-0.0008577251050119195,0.0028852045926301218,-0.003144043062320523,0.003563563599413703,0.00023005300036582632,0.00347527399042313,-0.0007967878712062948,0.004236364638006223
2019-12-09,77.67300413296911,102.88574796832646,84.87660956424392,57.21648257817528,0.004717592820544514,0.002894377357367469,-0.007539805849769876,0.0038313604823923455,0.0028667227813508056,0.0035025966650480116,0.007955287412639622,0.004456118110287739
2019-12-10,77.77650972125682,102.57694132359327,85.46441919534644,57.16700526496742,0.0013325812416178362,0.0028807273611531742,-0.0030014521042142084,0.0037976739814167856,0.006925460785018656,0.0036627668519461113,-0.0008647388126360456,0.004445091548910459
2019-12-11,77.9363023682678,101.99070716396636,85.23021122053926,56.81890899956582,0.002054510386023667,0.002877131623419739,-0.0057150676561660285,0.003925414424864301,-0.0027404149821910195,0.0036921934487633705,-0.0060891114339151065,0.004562815294673819
2019-12-12,78.07838903629771,102.67690482041044,85.17603089139273,56.68619365921244,0.0018231127691754612,0.002821146384446088,0.006728040970839677,0.003995731020134022,-0.0006356939443261655,0.003677622437280487,-0.002335760096245254,0.004550358409132523
2019-12-13,78.33926869327424,102.613534430807,85.07078867187367,56.87550376052472,0.0033412530688261555,0.002856929967732841,-0.0006171825077342374,0.0039645847509638225,-0.0012355849223973925,0.0036846523228529432,0.0033396156822660394,0.004587600956412046
2019-12-14,78.36577708854253,102.45614162207104,84.46576036505236,57.04719492606631,0.0003383794067837176,0.002856182470148976,-0.0015338406342692013,0.003970761046713393,-0.007112057102878877,0.0038914662976572176,0.003018719029979966,0.004616952168212747
2019-12-15,78.04469206572111,102.80679106992604,84.35626886878019,56.98991376851017,-0.004097260752721654,0.0027793069066610306,0.0034224346369438052,0.0040195041390576666,-0.0012962826096510893,0.003860373288191069,-0.0010041012118190418,0.004601667407745985
2019-12-16,78.12468620873173,102.32812196771616,84.59966690139197,57.15963104556791,0.0010249786486857815,0.002742867305149726,-0.004656006643416255,0.003935990405744185,0.002885357968954283,0.0038956845796340837,0.0029780230541693875,0.004555904562790566
2019-12-17,77.9578443708712,102.00186429458766,84.74094401921516,56.56839843006844,-0.0021355841022486777,0.002751417330387036,-0.0031883480987897617,0.003972491255312614,0.001669948866203752,0.003908198546090981,-0.010343534496017659,0.004897651383405067
2019-12-18,77.82140971735622,102.02065979791293,84.90459012138135,56.59171311554283,-0.0017501080823363324,0.002777585399173309,0.00018426627253576022,0.003966310525994709,0.0019311338109364584,0.003922891878038945,0.00041215035464037264,0.004898034067312758
2019-12-19,77.94662815429018,102.43133549477643,84.77165344540845,56.80765163445997,0.0016090486845297125,0.0027872231641724735,0.004025416985902641,0.00394822192178102,-0.0015657183643764672,0.003929257751584071,0.0038157268446046277,0.004945377285391124
2019-12-20,78.22356123736269,102.62352300565269,84.55685066883277,56.59026119130121,0.0035528551988719403,0.002744327514117213,0.0018762570061976458,0.0039594093953301,-0.002533898630560638,0.003952774699716703,-0.0038267810216413567,0.004747237009265311
2019-12-21,78.21375971613291,102.7101210465538,84.9142641718387,56.37405099445402,-0.0001253013935281766,0.0027372755078500974,0.0008438420194982754,0.0039397140135910575,0.004226901784761816,0.0040221229651737946,-0.0038206255333634864,0.004792915078248717
2019-12-22,78.27155454327422,102.72599961645108,84.74517783921635,55.89856729344147,0.0007389342661836551,0.0027292156209647533,0.00015459596128875042,0.0037512744198166885,-0.001991259469435791,0.0034845527328507425,-0.008434442666880981,0.004992426485788761
2019-12-23,78.65617092628814,102.87410215146052,84.81264612543302,56.29917598537265,0.004913871779578249,0.002815811696276241,0.001441723960462049,0.003757164692957614,0.0007961312718545166,0.0034394952971463152,0.007166707687303875,0.005175394762635931
2019-12-24,78.69483798889618,102.93920348399745,84.84083391792439,56.11516093877381,0.0004915960458369284,0.0028007298411805255,0.0006328252803711187,0.0037579014278455902,0.0003323536498280877,0.0034308149679648796,-0.003268521135134317,0.004792769303489586
2019-12-25,79.29064371688915,102.49657085915878,85.25438699997561,56.17550286963981,0.007571090343651665,0.00303597960157536,-0.004299942197507622,0.0038480566312700157,0.00487445800510744,0.0035637093804750737,0.0010753231365019378,0.004774356674164868
2019-12-26,79.40193293759995,102.50156966054384,85.5201778972261,56.32730458281616,0.0014035605652056304,0.002944510231228539,4.877042561668432e-05,0.0037753720628354117,0.0031176213518557816,0.0036016947650960402,0.002702275999711512,0.0047998121568809705
2019-12-27,78.95840847949387,102.04743055189552,85.10611303869737,56.708856170268994,-0.005585814371227404,0.0029100602245378097,-0.004430557601725504,0.0038508544585731685,-0.004841721202057503,0.003702447168905569,0.006773830032854589,0.004955193190877043
2019-12-28,79.11643760810621,102.0713284775194,84.729709069379,56.665694166108366,0.0020014224153641624,0.002747042571118224,0.00023418449141376918,0.003683952349399588,-0.004422760667582404,0.0037749920632002957,-0.0007611157599622942,0.0049567629162938585
2019-12-29,79.18524050553663,101.86566660482312,84.88206029986002,56.52450373927345,0.0008696409938377947,0.0026333453863335316,-0.0020148838637049638,0.00362756547227336,0.001798085136303973,0.0035869454069041,-0.002491638528613671,0.004970288680022143
2019-12-30,79.4694454409397,102.89308819577089,84.8423413392761,56.56569733500676,0.003589115011694677,0.0026612225285696533,0.010086043955649382,0.004096744637431728,-0.00046793115581311717,0.0034252415847013957,0.0007287741246402302,0.0048221267714813176
2019-12-31,79.60546149026042,102.85876729512768,84.68697008749041,56.88949447324263,0.001711551509715914,0.0026391617690936526,-0.00033355885458419277,0.004097015591523311,-0.0018312937777658078,0.003410902073975944,0.005724266710939618,0.004894158367853601
2020-01-01,79.5468407527509,102.26349644177851,84.9692001828514,56.84101350099553,-0.000736390900977324,0.0026597470039107173,-0.005787264119558988,0.004152967088162817,0.003332627145231637,0.003461913556439002,-0.0008521955186278074,0.004897530040577818
2020-01-02,79.22964896744138,102.19730575590086,85.00373160964327,56.592139285438,-0.003987484384143203,0.0027991277983074442,-0.0006472562368854407,0.0040926321606663384,0.0004063993390259757,0.0034542716337995247,-0.004378426777227884,0.004881398929599331
2020-01-03,79.15759997535417,102.39901891777062,84.99786840697004,56.19656116526564,-0.0009093690686022837,0.0027982775896946365,0.0019737620319615345,0.003721533336541286,-6.897582685139181e-05,0.00333633814961126,-0.006989983505962805,0.004693456357794227
2020-01-04,78.93389390424424,103.07176561322883,85.2084926864589,55.88676083776972,-0.002826084560163311,0.002833644074437814,0.006569854892833016,0.003936820695318824,0.0024779948419457742,0.003196987052463327,-0.005512798667250185,0.004627531377267747
2020-01-05,78.77656667627676,102.80909321877527,85.07345730485136,56.104933612055085,-0.0019931517398387166,0.002866262619193509,-0.0025484417860777153,0.003940532348703598,-0.0015847643509482312,0.0031622929519997886,0.0039038364545529447,0.004671352387434946
2020-01-06,78.89713088292093,102.14146808841932,85.51856351177904,56.02355354136744,0.001530457745634095,0.002870961434699883,-0.006493833467972165,0.004094434417015365,0.0052320220786687965,0.0031674417934086222,-0.0014504975845860413,0.0046469152054021265
2020-01-07,79.27291403753111,102.4652802760434,85.25688639561781,55.87042221067647,0.004762950824762191,0.0029512039202450467,0.003170232361882297,0.004120876268204211,-0.0030598867124934648,0.0032284318003724423,-0.002733338408780095,0.004665252467701762
2020-01-08,79.34427906504189,101.88618254371576,85.42947057840802,55.691302834629454,0.0009002447857158202,0.002859158484845634,-0.005651648351202909,0.004020968943154508,0.0020242843726354653,0.003208484071819675,-0.0032059785653953954,0.004403884785086654
2020-01-09,79.03658319711921,101.70118554576072,85.83327638880708,55.7145009002144,-0.0038779842926097707,0.0029761444255950132,-0.0018157221454014882,0.003999447859405601,0.0047267741174685796,0.0030722878926382107,0.00041654736743779175,0.004410354660518341
2020-01-10,79.12153279835105,101.59105951062398,85.39106586794418,55.65622511389789,0.0010748136849485501,0.002964305977870421,-0.0010828392466201153,0.0038696124940205833,-0.005151970651333104,0.0031801276669729647,-0.001045971611966512,0.004298391094476644
2020-01-11,79.38445178299743,101.55858743816944,85.26397804213403,55.58990317256858,0.0033229763801019274,0.002999697326647958,-0.0003196351392628083,0.003646823879070483,-0.0014883035422779134,0.0031904241069611685,-0.0011916356381264093,0.004288257434943533
2020-01-12,79.21599896931355,101.83473001924716,85.5815342803261,55.92989680160473,-0.002121987491257915,0.0029906896971987917,0.0027190470844806747,0.0036892862699194214,0.003724389190886024,0.0032500379470876304,0.00611610399789142,0.0044055073960203
2020-01-13,79.1623480489124,101.54964178253891,85.9021097480451,56.31756231653401,-0.0006772737969500398,0.0029968651304861592,-0.0027995187560704293,0.003711674358012497,0.0037458485690260446,0.003002272809705856,0.006931275348216914,0.004569631478574133
2020-01-14,79.1445189924186,101.434774267066,85.82168694421189,55.90793050781807,-0.00022522142070358075,0.00288021524890481,-0.0011311464369209157,0.003647189024288938,-0.0009362145361633267,0.002995280353149544,-0.007273606879743655,0.00473759306190456
2020-01-15,78.9370315973088,101.42649914580716,85.5729154896212,55.99104749969591,-0.0026216268384885444,0.002932485545213469,-8.15807135042812e-05,0.003559475053214473,-0.0028987015222901036,0.0030276575739552006,0.0014866762393612731,0.004706171815149445
2020-01-16,79.0711637175536,101.48481567217766,85.83338958544718,55.79554764235746,0.0016992293418007787,0.0029038871066288884,0.000574963415494345,0.003519859818075271,0.0030438847891955945,0.003057991753525329,-0.003491627073765824,0.004375546712664175
2020-01-17,79.02203692865977,101.52158280968838,86.16084987381167,55.73454790245492,-0.0006212984175787417,0.0028812614505295815,0.00036229200661397343,0.0035206161556426002,0.0038150688204909855,0.003108770172669122,-0.0010932725366106233,0.0043739599937865125
2020-01-18,79.10150364146504,101.69534441684124,85.77865448904161,55.81378934883124,0.0010056272388550003,0.002875457177619547,0.0017115730699213128,0.0034504659063123466,-0.00443583582717455,0.0032166461065060797,0.0014217653028245625,0.0043139465795763235
2020-01-19,78.87030401867212,102.03356027348364,85.38969912505546,55.76159809314136,-0.0029228220975527908,0.0028809981348817742,0.0033257752218831538,0.003490955004020504,-0.0045344073802865426,0.003299214165260184,-0.0009350960810722286,0.004270972152929521
2020-01-20,78.7481316066235,102.18532248460608,85.4330061568051,55.820955603546864,-0.0015490293028372903,0.002899545887492788,0.0014873754352553448,0.003499469923103262,0.0005071692744369471,0.003216653983547864,0.0010644872535101602,0.004232274326031263
2020-01-21,78.9011611272002,102.3606978624893,85.59684849625225,55.99120410834964,0.001943278112821023,0.0029151154898137102,0.0017162482205763663,0.003515961258167601,0.0019177873613205332,0.003203640254398337,0.0030499030867892074,0.0039851735622172604
2020-01-22,78.79408458480403,101.7010567924844,85.4815053795229,56.065681538149136,-0.001357097168995347,0.002793003079326039,-0.006444280703234995,0.0036863967119868685,-0.001347515927930476,0.0032169559881672113,0.0013301630315962765,0.003762668909395016
2020-01-23,79.18439681074815,101.71648791848531,85.66006543187487,55.90232920966694,0.004953572695219899,0.0029320049985868592,0.00015173024241432742,0.0036829032032160798,0.0020888735119859447,0.003234127752542221,-0.0029135885625691804,0.0037530111489426973
2020-01-24,79.06841641946029,101.90644853534192,85.42095358026512,55.74480577759948,-0.0014646874379186103,0.002594533811691978,0.0018675499001581386,0.0036289597616946403,-0.002791404027118305,0.00316440380277052,-0.002817833072333187,0.0037774883471638336
2020-01-25,79.10166030305943,102.19652848169711,84.76467657879827,55.38529073410514,0.00042044453530953874,0.002581189223312026,0.002846531799747698,0.0036709101173801758,-0.007682857354784578,0.003410523727022579,-0.006449301212541059,0.0038984688074419883
2020-01-26,79.30269002709596,101.9034900848914,84.62067234056039,55.17608597494675,0.0025414096653133544,0.002408817790371088,-0.002867400695104716,0.0036179284200028483,-0.001698870851043921,0.0033127584637377624,-0.003777262092253819,0.0036845947855089897
2020-01-27,78.9433701887456,101.62788114305953,84.62245621192322,55.66801733397294,-0.0045309918015087325,0.0025277971010706076,-0.002704607483043797,0.0036498727800746544,2.1080798739747664e-05,0.003214650692660948,0.008915662471048691,0.0040981113623655965
2020-01-28,78.50745927771797,101.39037182381844,84.52384862541521,55.471687411810514,-0.005521817854816868,0.002708746284807111,-0.002337048815440168,0.0036560520808892275,-0.001165265000829807,0.0032018141962217067,-0.0035267992568258633,0.004119033293077941
2020-01-29,78.13280613195589,101.60623230992223,84.16508792371091,55.17694971077395,-0.004772198071482103,0.002726699914194963,0.0021290037921832816,0.0031401223868466562,-0.004244490845349724,0.00328838560651131,-0.005313299717178088,0.004197855959922055
2020-01-30,78.4164719489188,102.02256686844989,83.61736763884483,55.2611557617541,0.003630559697086033,0.002803300782670937,0.004097529738704697,0.0032464808338991927,-0.006507689807946915,0.0034711073140598373,0.001526109207224069,0.004039159397089214
2020-01-31,78.272141536555,101.8481873475112,83.4587561771304,55.23802492996999,-0.0018405624325692482,0.002813771753507855,-0.0017092249910114488,0.003088920735723905,-0.0018968722191721188,0.0034069893765106643,-0.00041857307298875934,0.004040332926456459
2020-02-01,78.85954375382957,102.21180024818938,83.7141967148962,55.19384925753917,0.007504614103349239,0.0030956259706865536,0.0035701460197570256,0.0031597729507493624,0.0030606799030610254,0.0034677359413393823,-0.000799733018818527,0.003987963413642436
2020-02-02,78.70806280547376,102.2522861467201,84.07338224086602,55.54850374301664,-0.0019208955713549969,0.0031096431024510256,0.0003960980868393804,0.0031390154979262556,0.004290616646458245,0.003576227609098704,0.006425616083100438,0.004024929182464434
2020-02-03,78.73491960443346,102.19106059919808,84.41098637804843,55.688517576532,0.00034122042904383143,0.003070407553724565,-0.0005987694733217142,0.002880461653770526,0.0040155888603981005,0.0036289078761642655,0.002520568945711066,0.003937870022599366
2020-02-04,79.08228089742653,102.0949195197643,84.15519856755806,55.55768210736349,0.004411781897260214,0.0031542950685956926,-0.0009407973541918357,0.0028516527757305177,-0.0030302668108246333,0.0036559538371435454,-0.0023494155503188674,0.0038831487622348845
2020-02-05,79.53855131868028,102.39110122098192,83.80289193186807,55.45426424223187,0.005769565774734753,0.0033101146129785913,0.0029010425064321943,0.0026484959105472442,-0.004186391829462122,0.003562824079515591,-0.0018614503198993715,0.0038879983075415917
2020-02-06,80.00709240339658,102.51269408583669,83.93912334428246,55.33212339170297,0.005890741998041182,0.0033687245686523314,0.001187533520050188,0.0025930034242322556,0.0016256170792428026,0.0035571026929201678,-0.0022025510967987882,0.0038778935926910593
2020-02-07,80.26991946639063,103.43291036100052,84.11516112732392,55.55387715236325,0.0032850470514398378,0.0034109374949538736,0.00897660805200684,0.0028523765063724143,0.002097207786164512,0.003558920797134,0.0040076857179409675,0.00391593922169093
2020-02-08,80.48716393749244,103.057720874977,84.22097232607338,55.47957788778442,0.0027064244307952734,0.003337740659830819,-0.003627370483089476,0.0029215694856036703,0.0012579325454693535,0.0034371624111757667,-0.0013374271677754068,0.0039214377929647735
2020-02-09,80.59909457537186,103.25267487911984,83.6144231000217,55.035049514801145,0.0013906644538543844,0.0033397490908162095,0.0018916972206222127,0.00291837147946793,-0.0072018786924394895,0.0035487999486043193,-0.008012468549822072,0.004175385823167908
2020-02-10,80.75525894573052,103.01346262846648,83.35308510043227,55.02865398053545,0.0019375449709626569,0.0033105687151241845,-0.0023167656521576596,0.0029612393143662,-0.003125513397094326,0.0035739275246478935,-0.000116208385784633,0.004172665287738056
2020-02-11,80.58840722304164,102.63716011926311,83.3390309904292,54.65365064350674,-0.0020661406435585894,0.0033090145544482545,-0.0036529449608014852,0.0030228683646239475,-0.00016860935604412486,0.0034752107893615066,-0.0068146921631294655,0.004151667707503697
2020-02-12,80.35873640550305,102.6185425661794,83.47591997099394,55.19846654390608,-0.0028499237725710946,0.0033608052898023524,-0.00018139193506605533,0.002968618267356319,0.0016425554621635197,0.0033990759800785943,0.009968518003546478,0.0043766496558770365
2020-02-13,80.32804642266596,102.6609847396498,83.69377238941324,54.96329613849582,-0.00038191221278316423,0.0033621016986799665,0.000413591661010404,0.002955348806638898,0.0026097636120092638,0.0034606308423706022,-0.00426045178670309,0.004252443610510142
2020-02-14,80.25746196666371,103.84496105647932,83.72790897754041,54.92923178609359,-0.0008787025098413448,0.003321102165351801,0.011532875121275099,0.003583432297301146,0.00040787488904592273,0.003445118399085357,-0.000619765457959387,0.004234853228230541
2020-02-15,80.11940282820717,103.7416813631751,83.8164849154041,54.99921161901487,-0.001720203144648269,0.003339228869019328,-0.0009945566183807708,0.003598137183938115,0.0010579021851297998,0.003388911322909435,0.001273999847545726,0.004213109642401685
2020-02-16,80.25905258654362,103.24702889599784,83.8323191345396,54.93355262272484,0.001743020459549438,0.0033411078753297304,-0.004768116929256272,0.0037359717279157882,0.0001889153327234716,0.003282103246483136,-0.0011938170449580232,0.0042136620971213404
2020-02-17,80.46021226812152,103.33936782264152,84.02434172060828,54.86799650811727,0.0025063799670572706,0.0033597618510435817,0.0008943494803776986,0.0037303259091716065,0.0022905555763106378,0.0032624593673326757,-0.0011933711088703003,0.0042001228684856425
2020-02-18,80.45105108702454,102.4604412785674,84.10561848720589,54.97864326690909,-0.00011385976793665264,0.003297534331860557,-0.008505244057449568,0.00403847098788218,0.0009673002481573878,0.003192400212886118,0.0020165992169123292,0.004225553059753892
2020-02-19,80.77727986864697,102.4106070805928,84.1135925040097,55.36213792429659,0.004054997134463223,0.0033262788746401643,-0.00048637500827386493,0.004031954578194571,9.480956144480857e-05,0.0031887998459597605,0.006975338687892352,0.004431977321197535
2020-02-20,80.46752225376562,102.4055664352356,84.02318927663077,55.557171173500464,-0.0038347121292652275,0.0034267783367984994,-4.9219953878743006e-05,0.00402013465934194,-0.0010747754873817739,0.0031567592373476345,0.0035228633957482547,0.004444999899868766
2020-02-21,80.39034776804031,102.71952427672556,84.03652044457365,55.92956737934267,-0.0009590762032155586,0.0034194576079958267,0.0030658278882575996,0.0038645722597638035,0.00015866057998570327,0.0031566600860372536,0.0067029367762307945,0.004615808884439398
2020-02-22,80.18774189278577,103.10480086211471,84.16841259199752,55.66684684053928,-0.0025202761386124983,0.0033688269801204376,0.0037507629450388436,0.003914090310358568,0.0015694622614801368,0.0031430067053660124,-0.004697346164355021,0.004664919357270972
2020-02-23,79.71073811451801,102.87835294153402,84.23549078027986,55.7485044739076,-0.005948587240497849,0.0035501573862208712,-0.0021962888118423063,0.003933946442771267,0.0007969520419435216,0.003124194325043423,0.0014668988455954768,0.004645346417744879
2020-02-24,79.66699701684286,102.80000302783488,84.33552529322871,55.78915982824295,-0.0005487478689798486,0.0035532044233602227,-0.0007615782276730876,0.003909241310874777,0.0011875577861804043,0.0028223054237890097,0.0007292635868711983,0.004483061440044417
2020-02-25,79.61433689067594,102.46944682962554,84.71881114065222,55.87878827952628,-0.0006610030268340283,0.003529816616643144,-0.003215527125226214,0.003919175837614411,0.004544773345406261,0.0029333433334403423,0.0016065567497209887,0.004423573086504576
2020-02-26,79.95273173344442,101.99501380036511,84.78112834413433,56.2258392564197,0.004250425940658831,0.003493305733255494,-0.004629995027193412,0.003983483692935373,0.0007355769355479325,0.0029360602211864146,0.006210782079907329,0.004269565508531807
2020-02-27,80.07819703645089,102.1142991096236,84.57174961600919,56.169025129597216,0.0015692434803198374,0.0033119292604180403,0.001169520987486461,0.003960039751681937,-0.002469638376069505,0.0029644525431120955,-0.0010104629397060805,0.004215328952710141
2020-02-28,79.80531237213839,101.58574676866628,84.81836109408933,56.06590214811876,-0.003407727376632641,0.0032433326841334806,-0.005176085480348869,0.004063426978284211,0.0029160030293786665,0.002896479988949426,-0.0018359403824531606,0.004098279793123029
2020-02-29,80.2246869313478,101.41435614447596,84.3957628473997,56.20057837536928,0.005254970461788799,0.003306690237727657,-0.0016871522791540583,0.003999083673767127,-0.0049823910912502045,0.0027847876295078993,0.0024021057735721385,0.0041086482066505815
2020-03-01,80.49058584738826,101.0095142861339,84.0630073216421,55.75006708738865,0.0033144275934413603,0.0033005314036834888,-0.003991958079044622,0.004050344283730992,-0.00394279895732752,0.002864669543288191,-0.008016132591583292,0.004395813371809013
2020-03-02,80.60098680944402,101.2345834905692,84.15139737259683,55.69236865080095,0.0013716009256670159,0.0030609726327441794,0.0022281980665477263,0.004013743094571113,0.0010514738143561075,0.002819692216410408,-0.001034948289788673,0.004398082986025882
2020-03-03,80.51517792064749,101.96478066250366,84.29236296991674,55.66078112516736,-0.0010646133774937505,0.0030392891275747144,0.007212922173009062,0.004241719821726598,0.0016751426799932467,0.0027270447221082682,-0.0005671787068646239,0.004245391578868994
2020-03-04,80.25315522720511,101.42722983352094,83.91275766253781,55.43247791116657,-0.003254326702235133,0.0031260848529937667,-0.005271926497463553,0.00434576330636025,-0.0045034365392556674,0.0027476762360374293,-0.004101689005897913,0.004285873807252348
2020-03-05,80.13551567005943,100.67426957471608,83.79132978078901,55.699638938023305,-0.0014658558509336173,0.0030652386468689435,-0.007423650039942387,0.004538663946096549,-0.001447072949707251,0.0027062071536616745,0.004819575759988037,0.0043579621811966375
2020-03-06,80.37026028164516,100.63041744862264,83.60566684336003,55.43540362723396,0.002929345492106661,0.002936281359998826,-0.00043558424887202296,0.0044942003921358015,-0.002215777430847665,0.002627393858434548,-0.004743932201847101,0.004433685437427435
2020-03-07,80.79573684619287,100.64363858119552,83.4569574525727,55.40498063113761,0.005293955289639385,0.002899244010496296,0.00013138306396909272,0.004484097504228643,-0.001778699894421587,0.0026249177958012414,-0.0005488008403604638,0.004415623947306927
2020-03-08,81.13733722220553,100.7384600224132,83.72758460971016,55.4817128066976,0.004227950500197197,0.002937233645779341,0.0009421503689095445,0.004117105340958037,0.0032427153516980667,0.00266730552234043,0.001384932810839512,0.004360247567718308
2020-03-09,80.9830207259882,100.5644839274592,83.92739333179368,55.82284984238503,-0.0019019171875793717,0.0029309213562872137,-0.0017270076881787944,0.00408775293531409,0.0023864145014442784,0.0026956594895832125,0.006148639225973085,0.004495212775904146
2020-03-10,80.67704918922348,100.49140956601585,83.9129009037157,55.82154049839509,-0.003778218372465947,0.003009918357935223,-0.0007266418380474926,0.004055953742009096,-0.00017267816266730573,0.002340302112970164,-2.3455341202405222e-05,0.004219139707077596
2020-03-11,80.67982940277525,100.64752375567092,83.74385139375794,56.058052225969966,3.446102181126065e-05,0.0029884510061950293,0.0015535078105608502,0.0040707035444514155,-0.0020145830752739124,0.002295514128229864,0.00423692584373736,0.004272387995464073
2020-03-12,80.22050117167282,101.07324483520192,83.34104344634959,56.23482108578196,-0.005693222636965922,0.0031431644842535348,0.0042298216950122924,0.00413189421344533,-0.00481000026514633,0.002468230927416512,0.003153317905150166,0.004055822354344972
2020-03-13,80.27088787906862,100.28543693910764,83.75152197262456,56.26510780258306,0.0006281026253871502,0.0031039568582387823,-0.007794425689793383,0.004339977208094462,0.00492528662110181,0.002611970913449696,0.0005385758541829322,0.0036816581853298634
2020-03-14,80.20758017662408,100.14794919527912,83.91790066023775,55.98812778453175,-0.0007886757468027472,0.003106426387231212,-0.0013709642000363509,0.004335604047787437,0.001986575093734677,0.0025938461580792085,-0.00492276703748884,0.0037139309084394524
2020-03-15,80.06825355231878,100.24549538900833,83.7017937442189,55.62712655706857,-0.0017370755232670732,0.00311829717607447,0.000974020881236326,0.0036770714960839305,-0.0025752183302798493,0.0026381364481269996,-0.006447817452522764,0.0039274497658061324
2020-03-16,79.6592191656138,99.88835778404666,83.90593550767504,55.65623211435751,-0.005108571357032243,0.0032390076199668655,-0.00356262995734391,0.0037026818337226497,0.002438917427265208,0.0026692254274209284,0.0005232259706795528,0.003924266393196786
2020-03-17,79.75941555136906,100.5945594959803,83.87696340042442,55.52259929127603,0.0012578128031477398,0.0032302379335622717,0.007069910123664425,0.003938576388837417,-0.00034529270277872115,0.002669972630148462,-0.0024010397039975206,0.003947331027773549
2020-03-18,79.60862730759565,100.34641437364888,83.78462231811282,55.75530502885013,-0.0018905384741226827,0.0032026953836839906,-0.0024667847205129823,0.003934764787327417,-0.0011009111270606775,0.002642227224582237,0.004191189543438112,0.0039962319612668815
2020-03-19,79.307186339525,100.33986596127936,83.90502346439223,55.94418468355188,-0.0037865364378903976,0.003262997326090266,-6.525806039403559e-05,0.0036703929920166357,0.0014370315572023173,0.0026501002318658202,0.003387653508558852,0.0040214305355002955
2020-03-20,78.60429806621134,100.57314604453596,83.67907497047256,55.89840650025844,-0.00886285727379732,0.0034894706416897527,0.0023248992912410227,0.003711438683316717,-0.0026929078211337387,0.0026924337817645365,-0.0008182831433219961,0.0038423451548529946
2020-03-21,78.58403739007053,100.3430937344228,83.5721639102976,55.60814793785349,-0.00025775532177318983,0.003446679291566883,-0.0022874128846610553,0.003722533963139858,-0.001277631955332592,0.0026950401767732875,-0.005192608887761518,0.003921171332276348
2020-03-22,78.9882847941959,99.61206245623283,83.60240914890606,55.73852069681537,0.005144141451002282,0.003612106619100034,-0.0072853173146602,0.003842003795122878,0.0003619056536685594,0.0026961653831905088,0.0023444902194473816,0.003742382232752672
2020-03-23,79.36516244768204,99.45863032233336,83.45077721805303,55.48504562603696,0.0047713107642239905,0.003720732964044773,-0.0015402967282891478,0.003735594288877551,-0.0018137268099888137,0.0026916892225034342,-0.0045475744172898125,0.003736142564457692
2020-03-24,79.23652166106918,99.8870652994578,83.64203795039035,55.29892176535257,-0.0016208722145268917,0.003576771007514737,0.004307670191474822,0.0038619351053927435,0.002291898754130939,0.002725970261781401,-0.0033544869357924334,0.00376986103440024
2020-03-25,79.07465853489398,99.7671735856828,84.18347729955636,55.05947176052198,-0.0020427843471922946,0.0035922670529247055,-0.0012002726620866655,0.0038619262560732398,0.0064732921678349875,0.002979883863794439,-0.004330102598503416,0.0038365180458623275
2020-03-26,79.16851478657081,99.44530504807858,83.95095891249643,55.03073147306743,0.0011869321147357503,0.00360067701057181,-0.0032261968144039477,0.003862138717117459,-0.0027620430340806745,0.0028880819004411897,-0.0005219862547819476,0.003817157893179094
2020-03-27,78.91332605221156,99.83261064595796,83.45345702505088,55.326249967794354,-0.0032233613962218133,0.0035415730198023842,0.003894659458202998,0.003898584543663497,-0.005926101308313947,0.0030569229775648144,0.005370062996010727,0.0037689532990173727
2020-03-28,78.9688226926756,99.71584481238077,82.86478316496525,55.32912786488589,0.0007032606942372066,0.003528219801837775,-0.0011696161486879353,0.0038831270639761006,-0.007053918208672072,0.003265153091810136,5.2016847214675366e-05,0.0037692807396106465
2020-03-29,79.13395813823655,99.52885368543134,82.82210666044396,55.22289505287916,0.0020911473658864477,0.003512543136388041,-0.0018752398608391507,0.00380028679088837,-0.0005150137717288006,0.003194382590366728,-0.0019200160224132068,0.003770343081663844
2020-03-30,79.40758467861392,99.60670219281636,82.63123493849531,54.84847715954229,0.0034577638578292547,0.003429305643280434,0.0007821702401100694,0.0038043399583717412,-0.0023045987314859184,0.003109440297346198,-0.006780120690491498,0.0038973600267062183
2020-03-31,79.36388751875921,99.93140064298132,82.69433720816907,54.99147833052435,-0.0005502894973012928,0.0033593425137112528,0.0032598052441934477,0.003811260981169159,0.0007636612198853587,0.003058467196900475,0.002607204035329991,0.003696943316319242
2020-04-01,79.29595936407534,100.89788039522358,82.73523088526801,54.80431910577923,-0.0008559076024068357,0.0033419363104006308,0.009671432062632102,0.004206685375011266,0.000494516051274374,0.0030501369381792385,-0.0034034223197312308,0.003734960715905107
2020-04-02,79.06826338797407,101.23660646206096,82.27320929455774,54.84027066981988,-0.002871470096677209,0.0033679241337424997,0.003357117766107365,0.004030692014940386,-0.0055843391716760005,0.003152845275849866,0.0006559987356336006,0.0037411997936985567
2020-04-03,78.8551884447809,101.707751906718,81.7566662886166,54.759636038813326,-0.002694822600917135,0.0033542332077119807,0.004653903969347395,0.004009968569993977,-0.006278386492640564,0.0032401254386916897,-0.0014703543586069845,0.0036839677290938133
2020-04-04,78.78644726064212,101.4986212549834,81.8516440308121,54.97339276879544,-0.0008717395201827127,0.003350575440160862,-0.0020561918616233132,0.0037756061742545747,0.0011617125123497551,0.0032588414438118963,0.003903545484316373,0.0036427760326348565
2020-04-05,78.8587132622986,101.08099065851532,81.90002115818085,54.94056615928415,0.0009172389943843395,0.0032980384399369485,-0.004114643049376254,0.0038584494449854013,0.0005910342784385403,0.0032563490306848006,-0.0005971363210081071,0.0035509951978497396
2020-04-06,79.05974312360593,101.10930963092612,81.78719713128444,54.93224797234748,0.002549240952469889,0.0031634336134231922,0.00028016120762486274,0.0038585121681853104,-0.0013775823901009954,0.003252510669679447,-0.0001514033712822771,0.003550748267490211
2020-04-07,78.85256061828989,101.15550919918468,81.32302578737078,55.05862039578454,-0.0026205815644014807,0.0030387928022571013,0.00045692694794574606,0.003856141418783117,-0.005675354581091474,0.0032900521682789293,0.0023005143263146177,0.0035694332903448223
2020-04-08,79.1907048776082,100.72153383038996,81.47115726309148,55.58626372000723,0.004288310445049515,0.003178675107189414,-0.0042901802603769745,0.003926795193959686,0.0018215194809403368,0.0032717719028709956,0.009583300860605881,0.003827467466688729
2020-04-09,79.10863406294922,100.6577099683056,81.84666355292791,55.81124200818448,-0.0010363692908885724,0.003127334614182594,-0.0006336665026551724,0.003926190017842023,0.004609070282674654,0.0034255449893219984,0.0040473720146128045,0.003902956096513832
2020-04-10,79.08661638263197,100.82595004837152,81.93615426479121,55.79049086604681,-0.0002783220893401994,0.003125496749929035,0.0016714077850459308,0.0039277925503489975,0.0010933947454734305,0.0034353125056670363,-0.0003718093593871874,0.0038203121136009513
2020-04-11,78.89261040573813,100.97710128765968,81.70230302984328,55.79291436653954,-0.0024530822757067305,0.0029989899087043154,0.0014991303252351873,0.0038590228660684237,-0.0028540665234567664,0.0033730372992327564,4.343931116412847e-05,0.003769372321438306
2020-04-12,78.30374048125182,101.18509759744516,81.72615967392318,55.66274913756333,-0.007464196221392494,0.003243184969088947,0.002059836409771254,0.0035844783980197915,0.00029199475651475737,0.003210833730846076,-0.002333006448114072,0.0037849254274860337
2020-04-13,78.50107522078649,101.3051018746531,81.34636694718243,55.42712605424089,0.0025201189409580493,0.003300106690454546,0.0011859876608051323,0.003573662353686458,-0.0046471378106602845,0.003239843388866206,-0.004233047899594999,0.0037582031618372445
2020-04-14,78.66273658032685,101.10070232400068,81.6616401019749,55.292891069157655,0.002059352169198725,0.0033320517985237275,-0.002017662949545529,0.0035984350888317025,0.00387568820371742,0.0033462034692141487,-0.0024218283472224877,0.0036007508808454038
2020-04-15,78.58322765851116,100.89601915097496,81.6966189280905,55.105136232282256,-0.001010757129387363,0.003222397619153517,-0.0020245474889952764,0.0035523208056951563,0.00042833852065582434,0.0032985433680493776,-0.003395641523619486,0.0036446286403776116
2020-04-16,78.58658471716605,100.41736451307636,81.20238879713699,55.27254658087031,4.2719785823486234e-05,0.003207818492502012,-0.004744038882072976,0.003433461476931368,-0.006049578763945296,0.003428289662979432,0.003038017143853544,0.0036729797144576665
2020-04-17,78.69580441401318,101.1442833751901,81.13228012755803,55.01059874248154,0.0013898007813957225,0.0032142878611033272,0.007238975705432749,0.003648707858714155,-0.0008633818612664435,0.0034284995091360465,-0.004739203358497535,0.0036714059333251654
2020-04-18,78.3136571776114,101.15249917320344,81.27978912052012,55.34654136889183,-0.0048560052120609765,0.003258998966772706,8.122849595815218e-05,0.0036483411028983477,0.0018181295130639263,0.0034387842207472524,0.0061068709319620496,0.0038005005002116374
2020-04-19,78.17921300938238,101.06423720556734,81.19987008629843,55.53793485558688,-0.0017167397498001336,0.002856553722518865,-0.000872563390499792,0.003633073893561225,-0.0009832583854663124,0.003424813624168047,0.003458092989395478,0.0038620672745332805
2020-04-20,78.35646310528242,100.69239661877576,81.13696861719401,55.54610214302498,0.0022672279379272187,0.0028910756213355536,-0.0036792499213668117,0.0036741752598068414,-0.0007746498736705965,0.0034246202046600534,0.00014705781659563044,0.0037457343512647197
2020-04-21,78.05121859378005,101.88217570635126,80.80531740669265,55.54918340625085,-0.0038955881800359915,0.0027959709571406303,0.01181597744743379,0.003987880193589592,-0.004087547466384955,0.003460679442290069,5.547217729029441e-05,0.00371890644667657
2020-04-22,78.11202435949733,101.44013942660956,80.98426108867457,55.41286679483135,0.0007790495371218231,0.002631840192908308,-0.004338700824526476,0.0040752896877007715,0.0022145037941165846,0.003510933802029696,-0.002453980473890338,0.0036517360494184416
2020-04-23,77.78575988141112,101.26603432770956,80.81781079472485,55.48395330468312,-0.004176879049819893,0.0027087219655354284,-0.0017163333950852566,0.004037894479562198,-0.002055341268934585,0.0034599970707251994,0.0012828520515815178,0.0036043036043207654
2020-04-24,77.88885354623619,101.4361672944938,80.22654543621533,55.75897809271144,0.0013253539591595587,0.0027171716336399036,0.0016800595373733795,0.004031171342854283,-0.007316027898990218,0.003327314836192541,0.004956834753970352,0.0036079408967202397
2020-04-25,77.8740080396766,101.67969464986196,80.14566437205771,55.58438375331804,-0.00019059860151593444,0.0026992623147790353,0.002400794133527784,0.003979458016889992,-0.0010081583809679051,0.0033215629553017285,-0.0031312327694221764,0.003662646420752795
2020-04-26,77.49032172337894,102.06684630301017,80.44492343299166,55.20364303457745,-0.004927013851684259,0.0027744101891027896,0.0038075611308765467,0.003977114667161575,0.003733939487290394,0.0033497852049722164,-0.006849778535466089,0.0037621231010702386
2020-04-27,77.7577826289801,102.79844054899588,80.35774699690951,55.3832258513506,0.003451539491033717,0.0028629773362366007,0.007167795150776035,0.004127135703651989,-0.0010836785263990123,0.003163253976408243,0.0032530972033977257,0.0038106998955367744
2020-04-28,77.5810680999296,102.99263458420666,80.86904924535713,55.46798205723945,-0.0022726281932921033,0.002836945379239144,0.0018890756919431873,0.004093046465924806,0.006362824588241445,0.0034382999780290793,0.0015303587789621265,0.0038015744444921226
2020-04-29,77.3885609107505,102.54164485798464,81.00901090163306,55.19182898359452,-0.002481368121036054,0.0027456963522182504,-0.004378854158287315,0.004215624167475868,0.0017307196953841864,0.0034558689859521784,-0.0049786032122092205,0.0037011569202215354
2020-04-30,77.43274348738834,102.42503766683171,81.12255104434391,55.01464669102265,0.0005709187006177618,0.0027575847236564637,-0.0011371691112856963,0.004209952703120644,0.0014015742378179485,0.0034668434799748657,-0.003210299347472967,0.003723810602729857
2020-05-01,77.69688795456923,102.54117178093772,81.10273748466629,54.80788877190151,0.003411276099547278,0.0028635322080077462,0.0011338449733722111,0.0038662411383077982,-0.0002442423151459705,0.00346117278240012,-0.003758234062327892,0.003735605729522837
2020-05-02,77.45541032714331,103.37832299472524,81.10020028320085,54.63623434862114,-0.0031079446523922805,0.002870105261264239,0.008164049612929603,0.004080441829132401,-3.128379564154571e-05,0.003334826349874197,-0.003131929127844324,0.0037767693397076853
2020-05-03,77.46697281788171,102.78042947948862,81.04234128269215,54.56461248768655,0.00014927931682962026,0.0028482409940255066,-0.00578354821316962,0.004176077731439541,-0.0007134261112383689,0.0031504563296265243,-0.0013108857480473857,0.003774911159299875
2020-05-04,77.56381460745027,103.26123760799952,80.97402134089356,54.50750740587859,0.0012501042192034628,0.00286723249235643,0.0046780124479519625,0.004222555257024296,-0.0008430154005580892,0.0031398967085648115,-0.001046558918032181,0.003700793437249821
2020-05-05,77.72156843581689,103.31694977874405,81.1424780343687,54.35652695927344,0.0020338585610444326,0.0028936220378907042,0.0005395264673857536,0.004128473112219472,0.0020803794931456565,0.0031670189051359703,-0.0027699018683959853,0.003728431354527817
2020-05-06,77.75799359879679,103.6440371170812,80.8934253502881,54.18052517552388,0.00046866222225006027,0.002843005832566899,0.003165863288043358,0.004150998760740371,-0.003069325587704008,0.003201650473327444,-0.003237914443677048,0.0037651814410226757
2020-05-07,77.66741974441797,103.57916599520718,80.6075435800031,54.13511910484858,-0.0011648172771296927,0.0028187545615676584,-0.0006259030782517216,0.0041590903605023535,-0.003534054455563762,0.003101393090717839,-0.0008380515051894522,0.0037294877247830197
2020-05-08,77.47038714399376,103.20825684841536,80.31167878273575,54.186584587170856,-0.002536875836387842,0.002691447880399341,-0.003580924245026096,0.004131092086039744,-0.003670435596064281,0.003134377831810097,0.0009506856763832339,0.003218090688972627
2020-05-09,77.48778706536095,103.50029820191648,80.91005776587181,54.11980763736081,0.0002246009347397493,0.002696313247585021,0.0028296316827640666,0.004137410397429328,0.007450709438596492,0.0033300802911641588,-0.0012323520723588333,0.0030828534661004915
2020-05-10,77.23584199265547,103.75024147706483,81.0789871034427,54.41268870747023,-0.0032514165424929464,0.0027351592766098375,0.002414903913230626,0.004144182605804096,0.0020878657392597866,0.0033501238187275506,0.005411716761299701,0.003298148479032423
2020-05-11,76.55822991934933,104.13003549523692,81.18285579782454,54.54626515918246,-0.008773285249749407,0.003088607649677325,0.0036606567152526193,0.004172540685385773,0.0012810803155363093,0.003328331025275912,0.002454876884146584,0.0033491091413737537
2020-05-12,76.66302114175423,104.09686740111972,80.89906118315493,54.16424347948565,0.0013687780205380307,0.0028635680848336275,-0.00031852571603818713,0.004174967698014157,-0.003495745645809345,0.0033801792369885287,-0.00700362671178234,0.003529076714601481
2020-05-13,76.87468737584045,103.8198619848942,81.09453096504896,54.302373776484,0.002760995209083239,0.0028732345237495083,-0.0026610350833914387,0.004226377464409285,0.0024162181740463584,0.003314716224028733,0.0025502118764137993,0.003525679284563146
2020-05-14,76.33193655088158,103.148256379324,81.07892500302152,54.46010191447762,-0.007060202044209429,0.0030489752127226175,-0.006468951053584804,0.0044040647178626964,-0.0001924416090914871,0.003228641814044282,0.0029046269439867434,0.0035686436920338346
2020-05-15,76.10708170533731,103.46916029411288,81.15735223802504,54.36249056712637,-0.0029457505692179753,0.003069659996215737,0.0031110939346252753,0.004395199715060128,0.0009672949536589925,0.0032339474204140404,-0.0017923460280065973,0.003535629997893147
2020-05-16,76.25655304658035,103.62408588620836,80.89702175332906,54.0061655580477,0.001963961012481752,0.0031132361211086887,0.001497311775364718,0.004267172301873903,-0.0032077252093249964,0.0030958415276975547,-0.006554611559576817,0.003641838024895737
2020-05-17,76.73427051256938,103.2016492569216,80.96157797353897,54.01943841689335,0.006264608704477093,0.0033596349225344215,-0.004076625870076622,0.0042015050404802514,0.0007980049056286465,0.0030969622176716676,0.0002457656215453241,0.003567257507207089
2020-05-18,76.7425043201585,102.96167415293128,80.86019593110085,54.0288110112971,0.0001073028717692992,0.0032759897347049405,-0.002325302993878453,0.004236161265696057,-0.0012522241410765078,0.003083267747772032,0.00017350410664063176,0.003339834823910548
2020-05-19,76.57832606808542,102.75432965932497,80.66308120058518,53.76730631626441,-0.0021393392557031987,0.0032815492192595666,-0.00201380266309914,0.004254921451317732,-0.0024377226427155785,0.0031078675739100127,-0.004840097165529245,0.003318794476482258
2020-05-20,76.54103007002888,102.13187194941632,80.89148557259801,53.42873520222756,-0.000487030730123017,0.0032343172931292657,-0.006057727318862005,0.004357589363790925,0.002831585015266924,0.0031549164716553925,-0.006296969984796119,0.0034432358505311184
2020-05-21,76.86178204193345,101.79136122117772,80.47553993861413,53.42197314185936,0.00419058865044164,0.0033016156702308135,-0.003334030031362234,0.0038467815989628447,-0.00514201996711483,0.003206372117429598,-0.00012656223926321708,0.0034409446578762405
2020-05-22,76.71548047122782,101.32675211959469,80.6573224187159,53.38026728490282,-0.0019034371415668216,0.0033019241152828878,-0.004564327424343095,0.003855721263635185,0.0022588538112380263,0.0032075010156674233,-0.0007806873184147411,0.003435066576276373
2020-05-23,76.53535871654663,101.16136479527148,80.87189066268189,53.294575493839616,-0.0023479192670734506,0.003250002711346665,-0.0016322177595113896,0.0038544831450723527,0.0026602450655639487,0.0032253832121332,-0.0016053083924411071,0.0034022609487691464
2020-05-24,76.42974065333352,100.86594229072873,80.6426122914603,53.28954777654694,-0.0013799904382008066,0.00323409922987651,-0.002920309597845283,0.0038756677860890603,-0.0028350811306974144,0.002966996883800856,-9.433825574345356e-05,0.0031990450077320483
2020-05-25,76.21721914657108,100.21598700566727,80.43262174484258,53.04010336069494,-0.0027806126901095407,0.0032565919881204263,-0.006443753662540241,0.0040067121205810755,-0.0026039650831096717,0.0030030578476267743,-0.004680925739846131,0.0032384977865506054
2020-05-26,76.25298083234219,101.03974897454962,80.39306326512344,52.95258054666644,0.00046920743332723447,0.0031634145677447065,0.008219865846711416,0.004243347561739713,-0.0004918213389167869,0.0029259859673619296,-0.0016501252539670164,0.0030806771145939164
2020-05-27,76.63212795424522,101.55076104407354,80.49600144472224,53.09636467662872,0.004972226892174358,0.003240679364348425,0.005057535026661952,0.004130796698341066,0.00128043609010553,0.0029281120736222442,0.00271533754309794,0.0030542270637125613
2020-05-28,76.711065622908,101.23396700510555,80.47576539587328,53.02872979726877,0.00103008582392361,0.0032338037020822395,-0.0031195634154872476,0.00413635568213643,-0.000251391975822024,0.0026753894357938,-0.0012738137492437351,0.003003945605159608
2020-05-29,76.65709669808726,101.34715899515656,80.62091773698124,52.64607417003405,-0.0007035350686697139,0.0032099946745875185,0.001118122636103891,0.004083023453041281,0.0018036776710843583,0.0026771990039222383,-0.007216005902793254,0.003119023332517627
2020-05-30,76.5945490854075,101.51815410936824,81.14033473400036,52.55231549478333,-0.0008159402765552937,0.0032068328356456457,0.001687221584769416,0.004097557433063942,0.006442707570182726,0.002925101190840437,-0.0017809243467594715,0.0031039542916036743
2020-05-31,76.24043311157166,102.00187273452714,81.01407334271555,52.31792737515456,-0.004623252934630728,0.003216694943966644,0.004764848508157282,0.004193515721202079,-0.0015560866454240596,0.002938828575952543,-0.004460091195259253,0.003123982520221157
2020-06-01,76.45021869806563,101.66301807570208,80.54670341675673,52.40065400733106,0.002751631620284245,0.003238589942813785,-0.0033220435050930197,0.003922199550537296,-0.0057689967517334795,0.003119886771162808,0.001581229156562225,0.0031596757005161007
2020-06-02,76.43862757118576,102.1057536651343,80.80221267369205,52.495272117800944,-0.0001516166608449554,0.003237198894521488,0.004354932578359394,0.00389239123308475,0.0031721876389316783,0.0031789440833344127,0.001805666594478783,0.0032130408414914233
2020-06-03,76.40363285928483,101.876102921955,81.29899196139826,52.12239850312587,-0.0004578144978903964,0.0032214256773893443,-0.0022491459583410256,0.003796578552606251,0.00614809014837725,0.00337249899899416,-0.007102994224667203,0.0033834283398352333
2020-06-04,77.14222820058826,101.32823708873278,81.4276139124231,52.32121378579051,0.009667018617605994,0.0036948846149554636,-0.005377765908869958,0.003896172340983332,0.0015820854345391933,0.0033638238197816832,0.0038143924373073013,0.0035084376143156262
2020-06-05,77.21247902850611,101.62383789187238,81.1334972541244,52.079184709095465,0.0009106663050382213,0.0036986985897839043,0.0029172599033846502,0.0038880537003987067,-0.0036120014349803053,0.003382983968783034,-0.004625830694332644,0.003544313468650041
2020-06-06,77.03895020111258,102.14765091741498,81.11658029386118,52.46559069865977,-0.0022474194531361125,0.0037134055527698407,0.005154430657302367,0.004029858445227959,-0.00020850771673563973,0.0033134227857125292,0.0074195859962611355,0.0038864876250878444
2020-06-07,76.94240537324292,103.19884166008492,80.81746777230997,52.47320802141961,-0.001253195008727781,0.003693657097361479,0.010290894927381444,0.0044344565310603205,-0.0036874399841266836,0.0033141117814386905,0.00014518701988119886,0.0038750524505135058
2020-06-08,77.21027578642202,102.68650918132263,81.02014849768557,52.19799668977007,0.003481440590265894,0.00375457472217808,-0.004964517726369522,0.004491305723688885,0.0025078826516393704,0.0030546753789133926,-0.005244797145568025,0.003949620363757944
2020-06-09,77.2372761313021,102.9618670293718,80.65626180547802,51.95019257447763,0.000349698852970981,0.003708046477233938,0.0026815386971910105,0.00449702817626104,-0.00449131109921308,0.0031383379749843005,-0.004747387467094244,0.003795990543006079
2020-06-10,76.9046093787714,102.77852927527108,80.59373127904162,52.05320015377822,-0.004307075148082262,0.003421983911373373,-0.001780637428111298,0.004443505697837149,-0.0007752718144464765,0.0031280032984316096,0.001982814195595317,0.0037798226379931843
2020-06-11,77.11988718025293,103.08795221261418,80.333158412395,51.982683175494806,0.0027992834658485677,0.003449321568402766,0.0030105795395687363,0.004487628900152465,-0.0032331654399327947,0.003118927501048362,-0.0013547097599204694,0.0036368415042908643
2020-06-12,76.96689735155545,102.46576359604484,80.39361277702987,51.98155535759795,-0.001983792174642285,0.0034367828922086765,-0.006035512426186385,0.004589595675891293,0.0007525455967327677,0.003084872263398879,-2.169603083113092e-05,0.003571135294032318
2020-06-13,77.40225318631511,101.938867109033,80.31490765942905,52.3803019967116,0.005656403593497172,0.003312096904547712,-0.005142171087399006,0.0045354435238042735,-0.0009789971476852344,0.0030874024004254276,0.007670925511376936,0.00386539209570987
2020-06-14,77.65254808449819,101.61861002582042,80.38962634924724,52.23505124282109,0.0032336900785123746,0.0032844092209960507,-0.0031416582535691573,0.00451294640110395,0.0009303215554330446,0.00308688188916589,-0.0027730033687020095,0.0038739251696014807
2020-06-15,77.54594060217896,101.65010837089854,80.42041511208647,52.269422323131614,-0.0013728780954261888,0.0032957534479414806,0.0003099663050902812,0.00449918100158741,0.00038299422745757816,0.003039995425664142,0.0006580079753486512,0.003760161660894161
2020-06-16,77.84242731847246,101.38855030140738,80.16700771183919,52.62350026777624,0.0038233686249873333,0.00317819666677876,-0.0025731214032432836,0.004467741852341531,-0.003151033228243061,0.0030808515598302116,0.006774093320865537,0.0040196154284049285
2020-06-17,77.8544779956456,101.65761728632572,80.36921045347206,52.70594819432886,0.00015480859973493466,0.0031780148902954323,0.002653820220512637,0.004493121245916867,0.002522268791167681,0.003118484149236834,0.00156675109282145,0.004040018824898521
2020-06-18,78.04980937084844,102.07426286004149,80.38029207953248,52.3428852978668,0.002508929225802037,0.003158934045455042,0.004098517994399309,0.00455626460975758,0.00013788397320180223,0.003090029726108454,-0.006888461528543832,0.0041267164777339755
2020-06-19,78.15797428665606,102.31391572390676,80.12694859274362,52.48169144524975,0.0013858447147985231,0.0031544073388005455,0.0023478285039773006,0.00444134246939531,-0.003151810975483782,0.003086552046410603,0.0026518627430078823,0.004044744210821332
2020-06-20,77.9533825807603,102.9688216744114,80.78216290172827,52.22611997925896,-0.0026176689936382447,0.0031396327974154868,0.006400946986252487,0.004538708332324167,0.008177202807445827,0.003317136659775154,-0.004869726164550392,0.004118120085717295
2020-06-21,77.79839425026736,103.1257313028556,80.9385999007163,52.57708122069703,-0.001988218155028365,0.003141884781384615,0.0015238557253800522,0.004444523323934798,0.0019365289733370705,0.003310525957214423,0.006720032841372348,0.0043377892349844415
2020-06-22,78.0355536171222,102.60778384141555,80.91573901276325,52.40102443177396,0.003048383827716661,0.0031293145906761944,-0.005022485221646167,0.004545104733807108,-0.00028244728696924515,0.0032761217292579022,-0.0033485462645607145,0.0043647518903482015
2020-06-23,77.95213600146845,103.15680174856212,81.33731418359334,53.12074262693524,-0.0010689693580319126,0.0031228590845556368,0.005350645795011877,0.004582226819709822,0.005210051542180016,0.0033622222941220494,0.013734811541677994,0.005085719082678876
2020-06-24,77.85339591802651,102.89084869855505,81.87915228148835,53.48745073104128,-0.0012666757898729397,0.00307720173537117,-0.0025781436172799266,0.004424329028186285,0.006661617774493811,0.003509426112835035,0.006903294004781069,0.005164547546748429
2020-06-25,77.62679170309887,103.25209785139047,81.85073541046648,53.30980445504525,-0.00291065292985071,0.0031474969829075787,0.0035109940038866583,0.0042347064249858395,-0.00034705868624740344,0.003507971937169598,-0.003321270196430026,0.00519514910620769
2020-06-26,77.72372766448147,103.88486546074536,81.96376981433494,53.32960202314069,0.0012487436264705387,0.0030407515072443437,0.006128375331081681,0.004276738002301683,0.0013809821414749734,0.003508687365222744,0.0003713682370027893,0.005174177098296108
2020-06-27,78.20222592752897,104.05078591346812,81.69299123856707,53.52536329938769,0.006156398791281381,0.0032121666878171928,0.0015971571218471592,0.004215202875515157,-0.0033036374044438377,0.0035780474594255584,0.0036707807450364616,0.005205618914620765
2020-06-28,77.94564025330469,103.40248928805352,81.66577608844011,53.72802812759347,-0.003281053335515871,0.0032832186866855505,-0.006230578844005574,0.004412434407363745,-0.00033313935154466456,0.0035726031365856397,0.003786332604081455,0.005041072661930336
2020-06-29,77.94723295902803,103.00400512770436,81.62401407358955,53.8478503491484,2.0433544687836758e-05,0.0032746631766634423,-0.0038537192198446757,0.0044841556738606176,-0.0005113771870034478,0.0033903468553828173,0.002230162277133685,0.005026432203871813
2020-06-30,78.2734303410283,103.53449626270084,81.69233317178369,54.16353001556091,0.00418484877034353,0.003184865534462605,0.0051501991047704365,0.004497343559157788,0.000836997530316852,0.003375635448661217,0.005862437671432463,0.005005486540102656
2020-07-01,78.24816480423796,103.44441346061907,81.8024967239594,54.14418545115956,-0.00032278560783993715,0.0031720850780438473,-0.0008700752438414172,0.004447359380501291,0.0013485176380512165,0.003180035650631075,-0.00035715110141076867,0.0050124793065028945
2020-07-02,78.34803698305917,103.458271008073,81.97696706356201,54.06556642766712,0.0012763517083254072,0.0031683350367837084,0.00013396129370679688,0.004390506797494356,0.002132824138502354,0.0031557212464136406,-0.0014520307737080351,0.005031998247562803
2020-07-03,78.09126223841973,103.75310871027614,82.05798586667625,53.99231990191933,-0.003277360282746611,0.0032485832224006693,0.002849822438847127,0.0043811782552329,0.0009883117906936967,0.0029717339565968385,-0.001354772188427611,0.004817889419189332
2020-07-04,78.18661090961156,104.01981394353334,81.72248739152184,54.21240205047384,0.001220990267780886,0.002779850841795849,0.0025705758272935864,0.0042442830524520225,-0.004088553619869595,0.0030671121534577885,0.004076175073682853,0.004823046921630951
2020-07-05,78.13701499327638,104.11073313597868,81.46902881612905,54.31187406216865,-0.000634327485974695,0.0027853680360335107,0.0008740564801883455,0.004226871185702675,-0.003101454489246036,0.003047012284608579,0.001834857116314259,0.00469673804669716
2020-07-06,78.36281737761989,103.99780788860218,81.3302613590422,54.39293056125968,0.002889826087711933,0.002774854223467885,-0.0010846647984795732,0.004158934845318396,-0.0017033154697356778,0.003065110988800275,0.0014924268493894388,0.004557872973383727
2020-07-07,78.63495461136606,103.84294171647312,81.26810314788975,54.59702121027412,0.0034727852169322837,0.0028016929949084444,-0.0014891291967898956,0.003748990437041083,-0.0007642691676355007,0.0029862622644664287,0.003752153945531189,0.004576262859921531
2020-07-08,79.2367223992055,104.17616020434768,81.58570569728337,54.10147189561136,0.007652675464919323,0.0030366349872129276,0.0032088698795182946,0.003655486375317944,0.003908083701863463,0.0030342995928875527,-0.009076489956369782,0.004813515315100541
2020-07-09,79.36059146213574,104.38018652936702,81.26988024578898,54.187935008953495,0.0015632784797201538,0.003037570044324513,0.0019584742288363266,0.0036428775878634715,-0.0038710880637133904,0.003002927885487719,0.0015981656378769582,0.004680477617488943
2020-07-10,79.42328253623492,104.2439533557543,81.18701855083275,54.25175889936433,0.0007899522035328399,0.002873903772540304,-0.0013051631554078513,0.003633804563954349,-0.001019586773176373,0.003006153505506853,0.0011778247390363816,0.004679431239098096
2020-07-11,79.454259065987,104.66784604646874,81.47732467796844,54.66936581922055,0.00039001825110851485,0.002857784365816963,0.00406635279139711,0.003664159280000887,0.0035757702686658455,0.002991194383571282,0.007697573835916849,0.004786932661281694
2020-07-12,79.3545312593671,104.58197876294317,81.40906462212934,54.30130901419945,-0.0012551599850307849,0.002834566883247288,-0.0008203788151659452,0.003460804536304009,-0.0008377797885349425,0.003000199940442503,-0.006732414022108557,0.005020863232364279
2020-07-13,79.42042205682064,104.1948099034342,81.55809670528039,54.69175891373191,0.0008303344044484628,0.0026960895016888615,-0.0037020609486321243,0.0033863422556429422,0.0018306571122368442,0.002998784393060942,0.007190432544275538,0.005001123087412352
2020-07-14,79.33485931999127,103.85176570627296,81.53497391965244,54.71819931143964,-0.0010773392360992062,0.002680153805512621,-0.0032923347859569185,0.0033923973050866718,-0.00028351306077556426,0.003001195986985325,0.0004834439087877396,0.004941228012343777
2020-07-15,79.3605142616047,103.42214470766103,81.62519422147616,54.84634751740916,0.00032337539680971084,0.0026522664624590293,-0.004136867540866174,0.003506629075255299,0.0011065227286712886,0.003003329026414912,0.0023419667968263003,0.004940180248455383
2020-07-16,79.65960743610255,103.29097039007488,81.57619383007075,55.26704032452248,0.003768790780663389,0.002650121042584832,-0.0012683387871809115,0.0034740848069570434,-0.0006003096454810786,0.0029316502935137715,0.007670388752501589,0.004975030091047888
2020-07-17,79.4020705030904,103.78362278810734,81.7833613392935,55.41129646047887,-0.003232967639449247,0.002747747515507802,0.004769559199337303,0.0035375709885212326,0.0025395584115421865,0.002932045905024933,0.0026101657535726464,0.0049780954677671515
2020-07-18,79.65874727450782,103.42715297537592,81.35620684630183,55.51513871820116,0.003232620633078165,0.0027676444274298967,-0.0034347405029329092,0.003555060544978359,-0.00522299995985176,0.003117762279376214,0.001874026856533595,0.004707619452394777
2020-07-19,79.95660994479061,103.4866684365776,81.27130398444622,55.57911163184306,0.0037392336745687427,0.0028210579986429805,0.0005754336215351152,0.0035370312238495586,-0.001043594153990135,0.00305796620396253,0.0011523507842903236,0.004708133948804106
2020-07-20,79.9089932109284,103.19577414070218,81.37493119473855,55.46128650902407,-0.0005955321754522735,0.002761027858267368,-0.0028109349761674673,0.0033938059948074796,0.0012750774899854544,0.002697021095606962,-0.0021199533306589524,0.004596761453355582
2020-07-21,79.38146932411341,103.07234364070312,81.54543028836137,55.4579219416923,-0.006601558418118603,0.0030379815865663384,-0.0011960809541557982,0.0033902041627637274,0.0020952287285478377,0.0027006020058449494,-6.066515119917959e-05,0.00452358988981199
2020-07-22,79.22221929333179,102.43510679086242,81.9887246690367,55.28312522880556,-0.0020061360936947104,0.0030420401766972707,-0.006182423212011456,0.0034553109276833117,0.005436164590802317,0.0028587313318361985,-0.0031518799617216153,0.0045160231558335
2020-07-23,79.51730698503108,102.33672358454707,81.89021518347485,55.2767627619049,0.003724809710350163,0.0030820079542332813,-0.0009604442207125086,0.003303945457408463,-0.001201500400933142,0.0027266838435948486,-0.00011508877029520193,0.0039223792221841644
2020-07-24,79.49633702391839,102.25045054106108,82.3287952647234,54.70047296507269,-0.00026371568539973467,0.0030657006057248,-0.0008430311276744762,0.003277056958990118,0.005355708008165649,0.002629135161962318,-0.01042553449293826,0.004328906811785176
2020-07-25,79.24271588515164,102.46536185162356,82.14994957421153,54.81394996037201,-0.003190349999276587,0.003077465302485511,0.002101812847036477,0.0032317735814034144,-0.002172334599781278,0.002662798618427134,0.0020745157975465833,0.004265249252569638
2020-07-26,79.10952197443318,102.54861874605308,82.54451420169666,54.79118723553952,-0.0016808347521998224,0.003105527800444979,0.0008125369678593231,0.003007984400758592,0.004802980762985021,0.0027887682976797563,-0.00041527247806338874,0.004271258463923646
2020-07-27,79.29695147223414,102.04795203409805,82.79008262610508,54.71568277371495,0.0023692406820703393,0.002944411966403187,-0.004882237499413411,0.0030891507284290932,0.002974981763274709,0.0027490390659399206,-0.0013780402585543694,0.004258194427277076
2020-07-28,79.41347117059858,102.48659842307484,82.5328347901061,54.77758774157285,0.0014694095573806187,0.0028624531886110045,0.004298434022764308,0.00302999486550524,-0.0031072300913234097,0.002821924907282316,0.001131393500359179,0.004220165727989313
2020-07-29,79.34210480824898,102.56440952238654,82.63111670643498,54.43168420632626,-0.0008986682145689651,0.0028740534227108933,0.0007592319435805184,0.002959239836170387,0.0011908220113707735,0.0028209971326582798,-0.006314690907501808,0.0043948389880043995
2020-07-30,79.24097240070905,102.63662062224304,82.62513553774856,54.913551969234334,-0.0012746373162689784,0.0028110901226539213,0.0007040561164712855,0.002791848601887499,-7.238397500630711e-05,0.0028211663798296273,0.00885270720416309,0.004554731492042814
2020-07-31,79.1348882250337,102.62294684811847,82.8149808828324,54.894903710632654,-0.0013387540872025205,0.0028263433949508184,-0.00013322510076496652,0.002789778204540975,0.002297670604087587,0.0028376490121979976,-0.00033959301361763394,0.004554622859660977
2020-08-01,78.90385149923246,102.40067429655058,82.75769563984629,54.86572600218437,-0.0029195305759989187,0.002883670330646295,-0.002165914723700757,0.002810049540166496,-0.0006917256077998424,0.0028254857791374993,-0.0005315194394381884,0.00454432299626127
2020-08-02,79.27608057005595,102.48247144873972,82.67664909579946,54.634383047443485,0.004717501918485079,0.002916668912004148,0.0007987950543397737,0.0027541960283520004,-0.0009793233538006874,0.002832263237877616,-0.0042165295458165275,0.0046140966022815925
2020-08-03,79.18632115816388,102.66919482929612,83.08148019346768,54.64851704627143,-0.0011322382646397067,0.0029284021129419163,0.0018220030988400637,0.002729570550591539,0.0048965590900900136,0.0028322605458339562,0.0002587015362773837,0.004561686357837654
2020-08-04,79.46313641146482,101.94164371015958,83.05815978444384,54.99777047473003,0.0034957458466600144,0.0029734848066147626,-0.007086362373311728,0.0029741962649881856,-0.0002806932299416198,0.002752426401885738,0.006390904041602585,0.004689385769290008
2020-08-05,79.8112730032103,101.71932687900365,83.30403062850068,55.26045837478884,0.00438110811462078,0.003025690394388929,-0.0021808244704002444,0.0029858298506623333,0.002960225036226838,0.002746748867428367,0.004776337254971175,0.004752960969873509
2020-08-06,80.03297676341546,101.6152584516336,83.24197034021317,55.4778237588744,0.0027778501941229106,0.003005651662154456,-0.0010230939445150522,0.002982975690619177,-0.0007449854205047179,0.0027463716178236204,0.003933470522653693,0.004757301662570589
2020-08-07,79.91024278298383,101.7201280990468,83.73175420451699,55.61793935535526,-0.0015335426144955644,0.0027154431754093096,0.0010320265776140314,0.0029097293097345837,0.005883857173275109,0.0028452867593631664,0.002525614506615259,0.004406886251992295
2020-08-08,79.9889825958404,102.20536816169653,83.5331400667837,55.53114319000144,0.0009853531927115355,0.0027081075104879743,0.0047703445888038765,0.003043556267478348,-0.002372028863126041,0.002771360307701249,-0.001560578589567374,0.004428087722330501
2020-08-09,79.96452782985423,101.88463306786602,83.35547229127879,55.17218228761112,-0.0003057266787568347,0.002708192686103199,-0.0031381433245568635,0.0030744254261622452,-0.002126913646043671,0.002805246983216464,-0.006464136730665149,0.004622682291827052
2020-08-10,79.72933386040737,101.67977255933188,83.80365387566535,55.12765139903559,-0.002941228765175774,0.0027690145869995646,-0.002010710569057883,0.0029429738920824,0.005376750584777712,0.0028830553572764734,-0.000807125742161019,0.004427232828853435
2020-08-11,79.7904898679581,101.47150491140636,83.67286946471265,55.07476387902901,0.0007670452591239663,0.0027590071397688896,-0.0020482701985194973,0.0029494849795307317,-0.0015606051156997758,0.0029014114537811234,-0.0009593646503052167,0.004232764789648255
2020-08-12,79.49137954900552,101.14850345761012,84.14261989203212,55.34060843094707,-0.0037486963602751944,0.002847395611381998,-0.003183173976558651,0.002934587559649955,0.005614130725104083,0.003022132742595174,0.00482697579061786,0.004124166569661242
2020-08-13,79.76021489626156,101.01364558929066,84.40223543301792,55.42213225666173,0.003381943410484034,0.0029032430589652366,-0.0013332660762102044,0.002903087850888158,0.0030854225993786066,0.003033640313359764,0.0014731284679745382,0.004128800874351663
2020-08-14,79.63249813579085,101.33208281843952,84.35136873810477,55.828275401116265,-0.001601258981521303,0.002921227958823441,0.003152417946022723,0.0029294119307440134,-0.000602669996264793,0.0030506263852435257,0.007328176089899774,0.0043048460016897605
2020-08-15,79.66510085542866,100.90874440540932,83.81133005720494,56.13091565013185,0.00040941475403943883,0.002839713812134623,-0.0041777332633012865,0.00299706987000657,-0.006402251545870485,0.0033329919181727206,0.0054209134500602385,0.0041956637871760835
2020-08-16,79.7171309556658,101.08951672118832,83.80556805921738,56.015722430720174,0.0006531103290956519,0.002774751847107704,0.0017914435150707675,0.0028530104451116225,-6.87496306720492e-05,0.003322936083447166,-0.00205222412778161,0.004202133483186341
2020-08-17,79.63915962854847,100.40764196685085,83.83538027943254,55.563983590804376,-0.0009781000166788623,0.0027186272439559418,-0.00674525684219196,0.003014962196670849,0.0003557307814452404,0.00312320101063787,-0.008064500827861365,0.004463146904703699
2020-08-18,79.7639593396868,100.19532307401582,84.17767103247564,55.91369764231376,0.001567064641571081,0.0026433621683580356,-0.0021145690574541076,0.0030070134828812925,0.004082891398621946,0.0031473551521819763,0.0062938981136559935,0.0046038749143110635
2020-08-19,79.63397307985633,100.07852548527478,84.64263063538814,56.25707074829096,-0.001629636503836407,0.00265706370849694,-0.0011656990082736796,0.0029891632533282533,0.005523550333592864,0.0032459700379124322,0.006141126780306871,0.0047056219799325935
2020-08-20,79.82688926114872,100.76542645618032,84.43276931277272,55.91062051880507,0.002422536184386148,0.0023948627016655627,0.00686362001812868,0.0033168012592646747,-0.002479380910541784,0.0033149327851332944,-0.006158341073889129,0.004859221219587055
2020-08-21,79.4877834248445,100.66431090869928,84.66443438174461,56.29170123174647,-0.004248015166855135,0.0024984682025421525,-0.0010034746146290185,0.00315508214690042,0.0027437814826813955,0.0032307098758228943,0.006815891317343281,0.004956111811065793
2020-08-22,79.50396271772338,99.78864370895828,84.88422082419686,56.38772280198243,0.0002035443961547756,0.0024039389817295366,-0.008698884359673587,0.0034864990975586,0.002595971307872258,0.003212739381546486,0.0017057855444915226,0.004958015505599204
2020-08-23,79.95237666909911,99.0101270382,85.1942701630578,56.427182703797705,0.005640145925402518,0.0026142955204628026,-0.007801655998340706,0.003711330987982473,0.0036526145360169515,0.0031512828044643042,0.0006997959813672683,0.004493365347238688
2020-08-24,79.6947776877004,99.0505343598162,85.33148957484471,56.83567854754345,-0.003221905240726519,0.002615710103737456,0.00040811301656651366,0.003674173854444184,0.0016106647961686704,0.003088997661859353,0.007239345013733134,0.004630958690860954
2020-08-25,79.51723246014302,99.32027677204547,84.73872339217127,57.17573261788466,-0.0022278150803446417,0.0026310827256573284,0.00272328073717798,0.0037250854419516245,-0.006946628795850618,0.0033589370405680374,0.005983109184783508,0.004699950083173825
2020-08-26,79.62581078422043,99.4934208052526,84.68516819587322,57.33748647629092,0.0013654691029625354,0.0026084983618424058,0.0017432898783047435,0.0036868052390790504,-0.0006320038130642747,0.0033459044942881076,0.002829064902190037,0.004675926955538064
2020-08-27,79.65385533457356,99.58243516535252,84.33566731283534,57.452816939904935,0.000352204267396683,0.0025968318599527197,0.0008946758426786605,0.0035739273879384545,-0.004127061331796522,0.0033914225966314854,0.0020114321485247277,0.004675828444941367
2020-08-28,79.72260584873592,100.06688138092024,84.2719373810992,57.604736650686775,0.0008631159643632813,0.002593293425657317,0.0048647757484872045,0.0037174189169928555,-0.0007556699764967867,0.0034008319558695367,0.002644251733396219,0.004432590606131639
2020-08-29,79.82405152578268,99.8676653544388,84.55765489655505,57.49270016854387,0.0012724832055694968,0.0025862980537586125,-0.0019908287710405093,0.0037120094131930133,0.0033904230083587894,0.003433680650287375,-0.001944917877540031,0.004284464826613302
2020-08-30,79.95971352733783,100.24390113576302,84.64225054455099,57.47077491449965,0.001699512853106988,0.0025815177292103277,0.0037673433136635737,0.0038070526568212966,0.001000449315906815,0.0034220140048857066,-0.0003813571806497995,0.004285103344465814
2020-08-31,80.20850441572347,99.6045717326936,84.97598349633401,57.22988155187988,0.003111452973134865,0.002552883642120503,-0.006377738653681964,0.003935622351588736,0.0039428648179358206,0.0034598625339586635,-0.0041915802071252894,0.00439672323551326
2020-09-01,80.28771043648989,99.26538886924894,85.06842862854101,57.13798824381222,0.0009875015292131195,0.002430825143925288,-0.0034052941300216633,0.003947328150533767,0.0010878971728640607,0.003441931363532883,-0.0016056875460130904,0.004306286766993417
2020-09-02,80.20958432753649,98.57256542090492,84.6719211190427,57.03813294944416,-0.0009730768075046914,0.002427479203491255,-0.006979506716652151,0.004051819662355379,-0.00466104189169525,0.0035064151332462956,-0.001747616558391285,0.004341720381005216
2020-09-03,80.35210080286245,98.4955608659961,83.91837235689886,56.87006452274636,0.001776801070854539,0.0023723024551670522,-0.0007811966197696085,0.003904784232856345,-0.008899629914908891,0.003913739761545073,-0.0029465976182420084,0.004308887744165032
2020-09-04,80.78962163364476,98.50945696882432,83.96201873120039,56.90103014603847,0.005445045324399489,0.0024412292484818267,0.0001410835443349523,0.003906418049022512,0.0005201051101886289,0.0038828761442040055,0.0005444977696433817,0.004254169133164441
2020-09-05,80.7334176994107,98.5864310908695,83.8987745198207,56.81386819424266,-0.000695682602512071,0.002407142380665251,0.000781388147023554,0.003920885299967665,-0.0007532478653491381,0.0038829508819884415,-0.0015318167627564883,0.004240525110550912
2020-09-06,80.47384541647429,98.64213849267334,83.61210029882042,56.93857035242233,-0.0032151776839530744,0.0024699120741338903,0.0005650615524614988,0.003913457106587532,-0.003416905939818693,0.0037893837429635985,0.002194924622159533,0.004236318537986906
2020-09-07,80.71978802697197,98.3069512683616,83.11707161120111,56.51847817963696,0.0030561806662134927,0.0025199704560950587,-0.003398012547514262,0.003778809869778398,-0.005920538843661727,0.003917867986086911,-0.007377989475064184,0.004474149309356668
2020-09-08,80.66730176915402,98.26615383399044,82.91012199791675,56.48764288757435,-0.000650227894558042,0.002523637752227962,-0.00041500050448917136,0.0037655319866624695,-0.002489856888274633,0.00392470870733068,-0.0005455789514465792,0.004278240714545847
2020-09-09,80.11866141030858,97.71198179234536,82.86222515897563,56.51925555589694,-0.006801273214957604,0.0027797253748046724,-0.005639500682822041,0.0038498844621732142,-0.0005776959168184437,0.003782453332799489,0.0005596386520412278,0.0042678606965649395
2020-09-10,80.30409089974529,98.28446285546434,83.06432374857874,56.438247555066425,0.0023144356904203356,0.0028054973490371934,0.005858862471294524,0.004062989244966855,0.002438971307074711,0.0038094159810871868,-0.0014332814548556616,0.004275621189630777
2020-09-11,80.1553849367546,98.19939151478806,83.12653749924303,56.39292419364045,-0.0018517856478362793,0.002733471722497444,-0.0008655624521384242,0.004043117286832433,0.0007489828106299612,0.0036520777053032473,-0.0008030611046482283,0.004217034518854275
2020-09-12,80.11515020861825,98.04248340812188,83.60130415903652,55.98935874624198,-0.0005019591405880375,0.0026728391067572313,-0.0015978521276535096,0.004044207573287856,0.005711372975180318,0.0037680833173516387,-0.007156313547648452,0.004446102131030641
2020-09-13,80.17685300425563,98.70224930455272,83.30131189001715,56.0801652073396,0.0007701763708451992,0.0026542177163637885,0.0067293878479641744,0.00421938217495865,-0.0035883682920626603,0.0038151902132910046,0.0016218521363884353,0.004255192063136267
2020-09-14,80.20412398532511,98.24218895952924,83.56375568973367,56.24408229015588,0.00034013533891164016,0.0026540868344260946,-0.004661092814652434,0.004233358055332561,0.003150536213199384,0.0036945963435404063,0.0029229065608178395,0.004172304752923261
2020-09-15,80.3560976350017,97.83466014864636,83.58102967778227,56.36856511693341,0.0018948358528845244,0.002670572968521649,-0.004148205727080856,0.004242818626684328,0.0002067162719772142,0.0036949984044433357,0.0022132608749012572,0.00416997289119651
2020-09-16,80.23117565386549,97.44432506524234,83.78758934102473,56.63091691340682,-0.001554604875209864,0.0026819108499253966,-0.003989742314338907,0.004144672763569762,0.002471370166636788,0.0037237343735374994,0.004654221655796542,0.003939045276491272
2020-09-17,80.33581596358248,97.4602017024198,83.6612506605067,56.67965648503771,0.001304235029141676,0.0026778876077968115,0.00016293034167791376,0.004144217729855375,-0.0015078447955318985,0.003650904310421008,0.0008606530546806379,0.0037923825441985564
2020-09-18,80.25358299891917,97.6706765686771,83.97782963203011,56.79885472675498,-0.0010236152291100975,0.002665542283481401,0.0021595980983084573,0.004181551153767817,0.003784057362566484,0.0035698037920981946,0.0021030163044255534,0.0036529076518569278
2020-09-19,80.41250521626279,97.99992142486612,84.06477941782235,56.83517728822852,0.0019802507427706395,0.0026543792422189846,0.003370969340603658,0.004005659946119776,0.0010353897710053683,0.0035519709280459884,0.0006394946103804866,0.0034415301597643597
2020-09-20,80.54073105581496,99.0453422141549,83.86436357420624,57.00724507073973,0.001594600730412843,0.002524351811714328,0.010667567627493213,0.004529691166645027,-0.002384064348994408,0.0035317618968360373,0.0030274873893434417,0.003268962974664075
2020-09-21,80.29346543711146,98.18142494515575,83.86206028486343,56.59786601804145,-0.003070069211715265,0.0026044899591081013,-0.008722442163218491,0.004531157878429932,-2.7464458616788257e-05,0.00348954366771855,-0.007181175869668599,0.0035404140436051533
2020-09-22,80.53591083374417,98.45602514722955,83.79304092242731,56.36786565682605,0.0030194910048140233,0.0024602962711724147,0.002796865111982072,0.004354474778234525,-0.000823010574766192,0.003405053518344927,-0.0040637638377052365,0.0036199097386358965
2020-09-23,80.3853071487954,98.26956753378607,83.93842570751535,56.7692868265616,-0.0018700190187165289,0.002406389917607363,-0.0018938161800118314,0.0043640633875111105,0.0017350460549896418,0.0034078459460888063,0.007121454130966098,0.003611802524915323
2020-09-24,80.56036032543095,98.07380813344732,83.59257838267403,56.137351419374376,0.0021776762799639027,0.0023817114795393318,-0.0019920653489337026,0.0043379482942843,-0.004120250313562335,0.0032605922352857983,-0.01113164252208898,0.003963379308622183
2020-09-25,80.62790460534802,97.86729667035002,83.58768044643432,56.10214020059952,0.0008384307076609865,0.00237656703571961,-0.0021056739513601874,0.004328920510350147,-5.859295567234302e-05,0.00326116116978415,-0.0006272333461514457,0.00391004557400462
2020-09-26,81.05079285076303,97.55013131044043,83.70710953287531,56.39849307434198,0.005244936569850589,0.0025344143202716556,-0.0032407696002669795,0.004347460596229281,0.0014287881396293223,0.003201148050373307,0.005282380898176342,0.004032478762173823
2020-09-27,80.97122285328848,98.24901638201948,83.71961842046221,56.373558760122464,-0.0009817300321918188,0.0025497134882421415,0.007164368332369886,0.004467182510150702,0.00014943638188813502,0.0032004281594413824,-0.00044210958237211884,0.003985708862408282
2020-09-28,80.86185062797402,98.61507386118078,84.1170759052129,56.26969398129854,-0.0013507542736834743,0.002567979564257121,0.0037258131698536534,0.004527386417325555,0.004747483233315197,0.0032621290260899764,-0.0018424378575403466,0.003984659690709318
2020-09-29,80.83358502196106,98.65580636411664,84.34445342909842,56.301933764786,-0.00034955428046046233,0.0025603942762507945,0.0004130454031114894,0.00446158621962336,0.0027031077987274,0.0032977930762717704,0.0005729511075389659,0.003991167611870515
2020-09-30,80.73679189231494,99.2201663740032,84.33987289341054,56.21175742876446,-0.0011974370506988574,0.0025216104076480825,0.0057204946235360765,0.0044608654078537886,-5.430749150248104e-05,0.0032078290764202834,-0.0016016561064896573,0.0039402088407758055
2020-10-01,80.90812977756758,98.64569382732004,84.40155318546498,56.21936176512005,0.002122178516594575,0.002541917486888953,-0.005789876873595667,0.004541944519290672,0.0007313301519007442,0.0032033759104347966,0.0001352801745297949,0.00393756328662019
2020-10-02,80.49200780928227,98.15198289116483,84.48613744029903,56.04623634761811,-0.005143141603066503,0.0027194744843072236,-0.005004890908055781,0.00445374290152877,0.001002164671640493,0.003100119963599329,-0.0030794625208525606,0.003959183249881572
2020-10-03,80.21728265932916,97.3329706656427,84.60196881258746,56.32658829190361,-0.003413073638367292,0.002775000703306989,-0.0083443268428951,0.0046990052342647725,0.0013710103905539839,0.0026213974786080687,0.005002154695038952,0.004059831689041334
2020-10-04,79.9423466321509,97.10443582140846,84.05701881873462,56.6865057212153,-0.003427391430670501,0.0026383482264222017,-0.002347969477057288,0.0047113531127801435,-0.006441339386084821,0.0028928981295334158,0.006389831875605045,0.004238686049693003
2020-10-05,80.15459395519248,97.21315197164758,83.96860777435435,56.64959978224052,0.0026550049127056496,0.0026934688765438562,0.0011195796496781263,0.004714849002990278,-0.001051798477066157,0.00289623881639196,-0.0006510533416238529,0.004231594322948715
2020-10-06,80.5485753238032,97.2980765660354,83.53343482891724,56.293486033294734,0.0049152687222264735,0.002790686928173161,0.0008735916145645728,0.00471749043617147,-0.005182567116112535,0.0029853081624177857,-0.00628625357133461,0.004355325448969535
2020-10-07,80.50276364474927,97.40036368541018,83.91192943260602,56.1601448379202,-0.0005687459879927248,0.0027332368042359335,0.0010512758626359808,0.004691365586009589,0.004531055193216504,0.00288188218003192,-0.0023686789497397998,0.004169465280681599
2020-10-08,80.4418463071779,96.89385214140609,83.89572050560548,56.11375967998755,-0.0007567111340449628,0.002734063637949195,-0.005200304442805392,0.004776063160558849,-0.00019316594327090097,0.0028347489532141758,-0.0008259444142553196,0.004170572359469806
2020-10-09,80.43915741447377,97.25307993396092,83.84079564738182,56.24179013243727,-3.342654137827861e-05,0.002422657550630061,0.00370743638131521,0.004731030888602291,-0.0006546800944392528,0.002835697224808898,0.0022816231380657914,0.004193359218853745
2020-10-10,80.70001291183532,97.3909505759606,84.10630949842846,55.98633377794253,0.0032428919663771705,0.0024571319566947893,0.0014176480795600188,0.004604440348248439,0.0031668813373781912,0.0028568222942622805,-0.00454210923751186,0.00426384534202855
2020-10-11,80.45385231526409,97.7199188432868,84.23080879170075,55.79364676564333,-0.0030503166937552173,0.00250044728868051,0.003377811443267653,0.004651220463064727,0.0014802610412316675,0.002862843375478598,-0.003441679411683718,0.004302491433795299
2020-10-12,80.49182950364585,97.02042912563232,83.89725803012948,55.92403191313907,0.00047203691667796477,0.0024983226064031246,-0.0071581078446888435,0.004818565245187947,-0.003959961519497401,0.002792917124531987,0.002336917463800381,0.004130066468058218
2020-10-13,80.70749096775299,97.18818682438489,83.87846760723602,56.16176392103095,0.002679296338982784,0.002538410133554695,0.0017290966476279923,0.004649173995075707,-0.00022396945185876316,0.002704973826810282,0.004250981192864156,0.004193744319861854
2020-10-14,80.80724470127447,96.771787911652,83.7823075632245,56.00479180011752,0.0012359910130441687,0.0025450959729858033,-0.004284460142108704,0.004638058482756756,-0.001146421087015903,0.0026585654340563307,-0.002794999835371015,0.004188933267020835
2020-10-15,80.83084439080076,96.66719609945623,83.27383266938193,55.669796279324224,0.0002920491796687408,0.002526192381858537,-0.0010808089263706355,0.004588223927897534,-0.006069000826443793,0.0028862582623388876,-0.005981551042791189,0.004296428766422924
2020-10-16,81.05108046124917,96.92400664198318,83.07999866035831,56.49538004165274,0.002724653838621416,0.00254448195386761,0.0026566462345998243,0.004568831188703279,-0.002327670083268396,0.0028707051285515863,0.01483001227786307,0.005046043799993523
2020-10-17,80.36947056154463,97.00717939873056,83.03562347024445,56.69276620955336,-0.00840963372512249,0.0029958540275462587,0.0008581233858253601,0.004572331097901798,-0.0005341260330934405,0.002861819247655028,0.0034938461827338507,0.005085493971492938
2020-10-18,80.51433020735045,96.7238714000832,83.01162279657072,56.62177420625935,0.0018024213024383506,0.0030063745995340726,-0.0029204848589904353,0.004578096842992647,-0.00028904068724577847,0.0027587855063147338,-0.0012522233089068413,0.005074992204509699
2020-10-19,80.3366071847734,96.77603863276434,82.59062624837362,56.84073562829215,-0.002207346470117333,0.0030138706343620534,0.0005393418597292587,0.00452841266293391,-0.0050715373825276355,0.002873516737660535,0.0038670886792626646,0.005124991630835596
2020-10-20,79.87718826908888,96.2324606523108,82.93666336038466,56.80518470861861,-0.005718674609046737,0.003169905141027285,-0.005616865374250879,0.004111733177409494,0.004189786755828706,0.0029803059473374844,-0.000625447916543953,0.005094275894721032
2020-10-21,79.98528966018367,96.72949617693942,82.9173870351293,57.02334065388256,0.0013533449716660595,0.0031379263927837435,0.005164946643361867,0.0039865510693311785,-0.00023242224215846985,0.002979737014441933,0.0038404231300888103,0.004962135826729834
2020-10-22,80.29966975113506,96.6998273836736,82.93885325417945,57.0594778300053,0.003930473869470541,0.0031735945197678677,-0.0003067191956790394,0.003938324111929988,0.0002588868247990206,0.002980652809763239,0.0006337260446047654,0.004894597771669219
2020-10-23,80.248782716663,97.18253618455311,83.06559502937718,57.07794350944469,-0.0006337141189965978,0.0031577113995376292,0.004991826913653963,0.004058660974876219,0.0015281351287714795,0.0029759281003434723,0.0003236215987534319,0.004728088080839584
2020-10-24,80.46087342582453,97.02349432880386,82.84593082844269,57.04369606993442,0.0026429149699425114,0.003170156297094333,-0.0016365271168394813,0.004054255997665795,-0.0026444667116006793,0.0029230830722787003,-0.0006000117979828579,0.004222291002136926
2020-10-25,80.83103272710687,96.86742653097626,82.9895523239567,56.6672858526852,0.004600488231383482,0.003278508437218466,-0.0016085567615067298,0.004047847371291257,0.0017335974631200735,0.002946300367551599,-0.006598629527577504,0.004415663951212345
2020-10-26,81.12784040650773,96.61991574548313,82.89310295395175,57.15880143750498,0.003671952088041497,0.0032049613399357042,-0.0025551497996489925,0.004032779265305438,-0.0011621868934591495,0.0029337913373815054,0.008673709662000428,0.0045865646163137565
2020-10-27,81.50248818512236,97.00941840670932,82.64398886018274,56.91109139859815,0.00461799274746344,0.003305105669623963,0.004031287527223926,0.003869777448549593,-0.0030052451276603165,0.002972608742184149,-0.004333716464955284,0.004667182884064575
2020-10-28,81.6563313082492,96.7814618221246,82.82294341489876,56.55869258278138,0.0018875880547033486,0.0033048064201340013,-0.0023498397199849252,0.0038039725006854736,0.0021653668607255483,0.002852586304930981,-0.006192093793257469,0.004802498235325408
2020-10-29,81.64593591718887,97.0804493411195,83.26702750176624,56.50244144671532,-0.00012730661412019284,0.003303476506116593,0.0030893056724481394,0.0038599650892229267,0.005361848644316547,0.0029937504822830936,-0.0009945621706818342,0.004806622201915149
2020-10-30,81.22481481563007,96.97865650728038,83.48635863901647,56.25622439494116,-0.005157894227410531,0.00344316104706265,-0.0010485410247891291,0.0036754735731165953,0.0026340694970237166,0.003044999080982515,-0.004357635625468759,0.004866812161340823
2020-10-31,81.13973174527585,96.25983499710196,83.76238457857946,56.24277672720978,-0.0010475009459528506,0.0034309647875604876,-0.0074121619752945955,0.0037629988615782766,0.0033062400140899673,0.003111638810248465,-0.0002390431970152873,0.004867033388323426
2020-11-01,80.91010843350465,96.09451455220686,83.61383984469659,56.4165669953622,-0.002829973760476223,0.003333659934017925,-0.0017174395208560123,0.003683624933657265,-0.0017734062208260015,0.0031144268880673527,0.003090001565807299,0.00486166061612752
2020-11-02,81.41467420265658,95.69708294905976,83.15167030523723,56.66799325924641,0.006236127709142947,0.0034390515402419864,-0.004135840687671921,0.0034555156421480597,-0.005527428716559091,0.003235946132314169,0.004456603392845038,0.004844187411997035
2020-11-03,81.3451262661523,95.76944808791926,83.5945796375705,56.87307138805126,-0.0008542432575626702,0.003369106368575004,0.0007561895998231538,0.0034465653336828547,0.005326523576825615,0.003212992291748608,0.0036189410813729506,0.004747806443707607
2020-11-04,81.34923863596327,95.37219207156916,84.20132066516362,56.79099535032498,5.055459373815019e-05,0.0033474265261999826,-0.0041480453764900505,0.0034973571479672933,0.007258138389159674,0.003482080773036052,-0.0014431441053406324,0.004754442292255551
2020-11-05,81.45788512123788,95.78777210159384,84.65660317096297,56.80028783880982,0.001335556264524973,0.0032468534643015595,0.004357454945701944,0.0036052225067390925,0.005407070841677575,0.003465012670645495,0.00016362608944464618,0.004599278564700006
2020-11-06,81.44172501943905,95.81152138400628,84.5539192028975,56.90111087535746,-0.00019838597300658734,0.0032438269078388995,0.00024793647342846725,0.0035961594086143522,-0.0012129469435253615,0.0033896717096716152,0.001775044465157638,0.0045782642635506686
2020-11-07,81.82923672059087,95.80191382454204,84.20994853388044,56.44701259247167,0.004758147019348291,0.003331578916654365,-0.0001002756174357522,0.0034872430318726505,-0.004068062985840615,0.003480139822693048,-0.007980481855275112,0.004826478804155539
2020-11-08,81.6465010570074,96.11182161952289,83.89654013975563,56.590538020932506,-0.002233134157262562,0.0033694347431150948,0.0032348810436964026,0.003469202261923707,-0.003721750215756381,0.0035483819799732134,0.002542657651292135,0.0048305784121783065
2020-11-09,81.66589055462461,96.53819219292674,83.40549377751763,56.21720357998416,0.00023748106001098002,0.0033295816041065155,0.004436192824351259,0.0035657942314199186,-0.0058529989606246335,0.0036538376821226124,-0.006597117716220624,0.004914243230414319
2020-11-10,81.45559102018143,96.58238509887894,83.38163392269134,56.73325936964139,-0.0025751208125566194,0.003313683734507952,0.00045777639862865094,0.0035015840371279226,-0.0002860705421868781,0.0036388215625478247,0.009179677337080694,0.005131707827566858
2020-11-11,81.10645806685191,96.33602219966824,83.85795971298013,56.62695538530612,-0.004286175435680217,0.003423070477317798,-0.002550805708085302,0.003288817396536093,0.005712598421019566,0.0037335043617629836,-0.0018737506978517837,0.005139278738189928
2020-11-12,80.93403135935004,95.70627330373313,83.82021178509484,56.57742460309056,-0.0021259306794010335,0.0034183473512377914,-0.006537003309414979,0.0034607356051080977,-0.0004501412628508117,0.003734181955050441,-0.0008746855959063105,0.005092833357740724
2020-11-13,80.90295917193225,95.50317448438528,83.91309864920238,56.37932321780707,-0.00038391992708020073,0.0034125586735982393,-0.0021221056085142243,0.0034013400595533792,0.0011081678527093963,0.0037333432218991476,-0.0035014210468794493,0.005109044942259612
2020-11-14,80.77699020711846,95.32876636652666,84.32057422431602,56.21848772450832,-0.0015570377907448973,0.003424621848894548,-0.0018262023100303892,0.00340894055486742,0.004855923350144398,0.0036468370301107173,-0.0028527389851311646,0.005008721839812124
2020-11-15,80.58851923656961,95.4325375128197,84.2014155749725,56.793697632042864,-0.0023332259603334737,0.00340948539468966,0.0010885606753165966,0.0033713348250966153,-0.0014131622138450206,0.0036268196839148686,0.010231685888693498,0.004603983335974501
2020-11-16,80.22945732163535,95.3628345034931,84.80244799913837,57.03066720880666,-0.004455497114672413,0.0031468955816149006,-0.0007303904008341133,0.0033615454767599974,0.00713803230102128,0.003820128951091471,0.0041724625556005535,0.004622427241930608
2020-11-17,80.19340348317087,95.68794001343394,85.38983082773463,56.62835840313921,-0.00044938405004968374,0.003127903376153208,0.0034091426878564146,0.0034068899853410134,0.006926484346327255,0.0039789621092829195,-0.007054253884045902,0.004803479326765568
2020-11-18,79.81568839310042,95.51313829303184,85.34176582372228,57.00926345951411,-0.004710051870409959,0.003217357897183684,-0.0018267894614260038,0.0034128966408331174,-0.0005628890881551607,0.0038258993158291456,0.00672640117276968,0.0049097394057713685
2020-11-19,79.98510675776541,95.55274783057855,85.16084316909313,57.310785338347245,0.002122619851758767,0.003069679129659243,0.00041470250328479175,0.0032716702878190034,-0.002119977866439582,0.003823615646771077,0.005288997972185072,0.004997143740131729
2020-11-20,79.9909777112349,96.06635334474088,85.36185703156663,57.23191736392357,7.340058302696129e-05,0.0030598121907112067,0.005375099364729685,0.0032838247052104515,0.0023604024454568773,0.0038266817755758494,-0.0013761454141320018,0.004960595435595833
2020-11-21,79.62729160631292,96.25419508169271,85.2495392281466,57.30502477546834,-0.004546589069518325,0.00307635831168021,0.0019553332713457827,0.0033077444740021275,-0.0013157844419726672,0.0038476000559926012,0.001277388822741976,0.00496422384725186
2020-11-22,79.54251864052289,96.28589557787686,84.89698347897013,57.29486737988972,-0.001064621991780923,0.0030790923930899662,0.0003293414500764591,0.0031643119222232743,-0.004135573662550351,0.003954380186488356,-0.00017725139494162434,0.004964479607332975
2020-11-23,79.35285622769268,96.1086127520214,85.27329321421355,57.797210293295294,-0.0023844154808241314,0.0030506370974291235,-0.0018412128255281823,0.0031675030566393585,0.004432545419433387,0.0039569307715567915,0.008767677392022222,0.0052052051516845
2020-11-24,79.42023590507618,95.92135578937354,85.62877454762148,57.58090901939356,0.0008491147084883632,0.0029097887253593906,-0.0019483889870621773,0.003172906841143505,0.004168729974048491,0.003997886148031633,-0.003742417199793957,0.005096815927533829
2020-11-25,79.73051295657577,95.6528769656662,85.66478072447576,57.61082930588903,0.003906775747561708,0.0029219190361817276,-0.0027989473407451504,0.003179129202714559,0.0004204915584102853,0.003978056092944086,0.0005196216420513267,0.004860360907017398
2020-11-26,79.2704240845331,95.50619992339531,85.27527655719652,57.4917467423264,-0.00577054950459488,0.0029007924586350237,-0.0015334305346982324,0.003076553289764137,-0.004546841350496211,0.004042411538878082,-0.0020670170000565147,0.004803548013628274
2020-11-27,79.28997425029542,95.85653303090866,84.90086511883116,57.11361884101114,0.00024662622898885544,0.0028612050892002547,0.00366817136263764,0.00314820981875969,-0.004390621214980461,0.0041558311345941176,-0.006577081455013012,0.004822105438254248
2020-11-28,79.24396749458825,95.829996586316,84.92854698456941,57.67172401034247,-0.0005802342117294801,0.0028577663010485033,-0.000276835013259924,0.0030819737749841363,0.0003260492775838397,0.004067427024373039,0.00977184042364665,0.0051115600796208215
2020-11-29,79.39606490124258,95.37140432390272,84.77559193864998,57.35664396244764,0.0019193562798924813,0.002793307362205912,-0.004785477186156517,0.0031818419743735895,-0.0018009850792245485,0.004074051684038206,-0.005463336726995172,0.005153070522228186
2020-11-30,79.43816763363967,96.10885368095028,84.67137041492373,57.40688020048725,0.0005302873945887132,0.0028024488387394676,0.0077323948648486684,0.0032564213986854143,-0.0012293812563606288,0.004051143057916797,0.0008758573474505482,0.005150391983788758
2020-12-01,79.24999056530628,96.28820019235202,84.97215040046933,56.95033216718679,-0.0023688495585804104,0.002791620930262045,0.0018660768964857688,0.0032587654095764212,0.0035523221612177025,0.004070721025155424,-0.007952845228760386,0.005363588346777257
2020-12-02,79.16672145398466,95.80105423624656,85.18560772361808,56.84384643591193,-0.0010507144635303334,0.002466557628332491,-0.0050592487462878255,0.003303930978918269,0.0025120856909319755,0.003918955461045817,-0.001869800003312605,0.005319848875152259
2020-12-03,78.9709633593421,95.6908913698148,85.59012833699803,56.948187909758815,-0.0024727321158090065,0.0024824935619697733,-0.0011499128825878113,0.003308037747796728,0.004748696689379939,0.003897369368797212,0.0018355808128593942,0.005289243132605989
2020-12-04,79.22078909803541,95.79349956618984,85.28355724376024,56.732641249822336,0.003163513879861579,0.002589956131478915,0.0010722880193316797,0.0032196370356696023,-0.003581851075520226,0.0037780750999104823,-0.0037849608187364714,0.005329283022020112
2020-12-05,79.21880984870936,96.50592477116382,85.17400213837486,56.87949710719132,-2.498396378769474e-05,0.002561577072595452,0.007437093416570839,0.0034022647416681187,-0.0012845982147795532,0.0036702608684459834,0.002588560203328205,0.005350520566104041
2020-12-06,79.66365691792588,96.13102589532132,85.39413849319516,56.80684131344847,0.005615422272388093,0.0028248688004105576,-0.0038847239351518237,0.003485197310073132,0.0025845486802729134,0.003684962202827857,-0.0012773635042153675,0.0053458081812206085
2020-12-07,79.6386388863768,96.56261786770608,85.52009128348212,57.10002218349964,-0.00031404573323634555,0.0026300338728123926,0.004489622037891605,0.0035749281217198735,0.001474958264225501,0.003594365185187588,0.005161013414448634,0.0052095195432641985
2020-12-08,79.45911662327619,97.15555956498729,85.96975635880852,57.444866533143504,-0.0022542105893690323,0.0026304048465541924,0.006140489046118747,0.0036953598766821536,0.005258005090708506,0.0036027534759835137,0.006039303251681005,0.005297562503612549
2020-12-09,79.08950379860863,96.95822451046682,86.08342304958443,57.286123297249375,-0.00465161004016601,0.0027077256011589406,-0.0020311246767970026,0.0036379672093128797,0.0013221706747834627,0.003375458690492522,-0.0027634015965993797,0.005164704533716455
2020-12-10,78.65590718787158,96.89941110086,86.62642801611085,57.29976754211727,-0.005482353408628682,0.0028136104534795597,-0.0006065850514875848,0.0036400628362288365,0.006307892359411094,0.0034973089630705146,0.0002381771375434827,0.004906497536077345
2020-12-11,78.2798209406717,96.54711944976252,86.7716015447924,57.340858006754,-0.004781411347803632,0.0028339558107702612,-0.0036356428495811777,0.003672707459471578,0.0016758572644199887,0.003397076264960278,0.0007171139849131425,0.004888906242147916
2020-12-12,78.343271139486,96.5211697192618,87.07438659110636,57.49422116996436,0.0008105562589673099,0.0028507426899499807,-0.0002687778842973554,0.0034551730848235537,0.0034894486320811158,0.003409421646880893,0.002674587868781053,0.0048991985025502935
2020-12-13,78.46310324866431,96.55992732497224,86.95334158735103,57.49059637929839,0.001529577555741124,0.0028880159253239176,0.0004015451307020079,0.0034250511882909108,-0.0013901332928561994,0.0034439990928936282,-6.30461738972965e-05,0.004841084496899881
2020-12-14,78.09027940855962,96.86726527527628,86.93637383598869,57.5324841289528,-0.004751581630962787,0.002966473580615796,0.00318287263483219,0.003436244161301897,-0.00019513627714118353,0.003381643287197231,0.0007286017591130456,0.004795361571956547
2020-12-15,78.30229131555959,97.33944632005849,87.19244019837797,57.46190268199249,0.002714959001372419,0.0030377588195299454,0.004874516106554205,0.0035254664510610146,0.0029454456298392273,0.003366904587798681,-0.0012268103494733618,0.004461408228872389
2020-12-16,78.18953843665474,97.09360807606664,87.66132121959335,57.48455482215095,-0.001439969086606263,0.00296698086591047,-0.0025255767654924766,0.0035649939649669074,0.005377542137237956,0.0032733348574098694,0.00039421145317475315,0.004404191963441472
2020-12-17,78.22561818539239,96.37728390722974,87.85751994288428,57.8130303536941,0.0004614395922912795,0.002975909396320027,-0.007377665564510805,0.00380818632896406,0.0022381447206283323,0.0030930667415414153,0.005714152828693031,0.004287017448108227
2020-12-18,78.60537897272877,96.4234034606622,87.80266867312233,57.97190079872247,0.004854685666227043,0.0030564362504307955,0.0004785313671720193,0.003788117811231382,-0.0006243207160595565,0.0030941262510011574,0.0027480041100840236,0.004153603847714775
2020-12-19,78.8153446971365,96.590533376789,88.1972119997229,58.14468303321698,0.0026711368503238297,0.0030742835340125375,0.0017332920238080085,0.0037968563236465496,0.0044935231760370176,0.003103243109031774,0.0029804479776227577,0.004083898079724095
2020-12-20,78.74871432977551,96.73931593241856,87.48828774016211,58.32268663995298,-0.0008453984134311199,0.0030730907747728376,0.001540343038061387,0.003685356452278351,-0.00803794409695191,0.003518930647933459,0.0030613909552883456,0.004094337578790528
2020-12-21,78.53560858238924,96.66398932394527,87.0270178016249,58.27006148231332,-0.0027061489092233826,0.0030075462472091263,-0.000778655583278165,0.0036752476038392798,-0.005272362169290279,0.0036727717152242926,-0.0009023102444599695,0.004101925785485551
2020-12-22,78.02778660444436,96.76401933136115,87.21307202079443,58.34172600054406,-0.00646613666222684,0.003200737735987046,0.0010348218412614685,0.0036787023391553343,0.002137890322676972,0.00356529557979724,0.001229868587876659,0.004101191221067233
2020-12-23,77.86261761842553,97.40148453598954,87.19419294820838,58.04446055494044,-0.00211679701817169,0.003196065527089088,0.006587833050272884,0.003838102857025006,-0.00021647067519359187,0.0035071876710588627,-0.005095245992565278,0.003927888034506434
2020-12-24,77.81779680626607,97.59526355707736,87.35601845792334,58.36529850582952,-0.0005756396783255235,0.003183940378012914,0.0019894873472510177,0.003820453646661639,0.0018559207241137798,0.0034544422067125757,0.005527451677932227,0.003975472501798725
2020-12-25,77.59222369246416,97.49278291317675,87.35134069013058,57.62186856693657,-0.0028987342620800938,0.003087264276766561,-0.0010500575557200742,0.0037801858628195655,-5.354831728066056e-05,0.003456714237089415,-0.012737533396127487,0.004648347538007231
2020-12-26,77.56833785203506,97.3419729179122,87.50161889036829,57.59121482178533,-0.00030783807052336964,0.002948120941318566,-0.0015468836847016831,0.003780453641759022,0.0017203880221003942,0.003318043464173098,-0.000531981102203094,0.004633041336193616
2020-12-27,77.59311692287787,97.32151382807594,87.2266210213408,57.879017648839,0.00031944826367280577,0.002948973335925475,-0.0002101774725021821,0.003739482517422059,-0.003142774642513002,0.0032571528571629983,0.004997339054997774,0.004541617689515081
2020-12-28,77.5475246011239,98.00456303248124,87.37773427570608,57.51421640430941,-0.0005875820377120311,0.002948961921725453,0.007018481089514861,0.003919268908501545,0.0017324212791447469,0.0032586327251294006,-0.006302823706215932,0.004348508668049266
2020-12-29,77.4034497218759,97.9722467,87.65748671467826,57.6102724424668,-0.0018578914025826343,0.0029129408429225106,-0.0003297431413528118,0.003784139734673264,0.0032016444611560058,0.003240780564261305,0.0016701268688448234,0.004237725309359151
2020-12-30,77.45090260674245,98.00435782169046,88.00511267823742,57.42581113349367,0.0006130590437125605,0.002914325096466677,0.0003277573269171441,0.00355814546101191,0.003965730442291537,0.0032496998154328558,-0.0032018822538523173,0.004279028047247725
2020-12-31,77.56156003301363,97.85487301780071,88.59536875296969,57.32361922156004,0.0014287428880339625,0.0029280729929585724,-0.001525287315914281,0.003572263988645919,0.0067070657234467035,0.0033739907091476107,-0.0017795466866993292,0.004023190587526698
2021-01-01,77.31500960801473,98.32605325878582,88.63572656559039,57.56134466379538,-0.003178770835629896,0.002962104766107037,0.004815092252987707,0.003492163197039348,0.0004555295969614903,0.003371472985348667,0.004147076640721448,0.004064886809699846
2021-01-02,77.6513646744338,99.1334707414722,88.68504552490235,57.60496931671017,0.004350449778437238,0.0030873038683124432,0.008211633193100143,0.003716202713427097,0.0005564230274059945,0.003311221272713718,0.0007578810601036601,0.004056755920551903
2021-01-03,77.63496656485462,99.34107982282995,88.17619589033777,57.069687590236846,-0.00021117606429610358,0.0030075198153922673,0.002094237998578441,0.003719811380477966,-0.005737716337098853,0.0034392730373680232,-0.00929228385715064,0.004365101322806338
2021-01-04,77.64609539852748,99.40091890403508,87.98087832488488,56.81412872522051,0.00014334821234918138,0.003008920300477896,0.0006023598828586163,0.0035303559228035356,-0.0022150826930182888,0.0034657825794485995,-0.004478014087815896,0.00442242698951567
2021-01-05,77.8177632230485,99.44193759451814,87.89194608015599,57.06016359675948,0.002210900929916937,0.002822344632240359,0.000412659067293486,0.003410828999689547,-0.0010108133315116508,0.003474370754015567,0.00433052265447742,0.004485897504189374
2021-01-06,77.87762924316358,98.51955814322066,88.18643424583064,57.17070087161776,0.0007693104714856513,0.0028353770304808995,-0.009275557914594779,0.003842541127288416,0.003350570544951692,0.0035005971021729674,0.001937205712192469,0.0043997042561963375
2021-01-07,78.10531668613449,98.84809663557236,87.96659290123321,57.61506442904056,0.002923656577423328,0.0028970240019816507,0.003334754017817465,0.0037376705973283797,-0.0024929156788967566,0.0034636095783635206,0.007772574949197475,0.004491481019369448
2021-01-08,78.17587871841181,98.93292864052368,88.18258144807128,58.043345884305815,0.0009034216269920847,0.0028030578874732675,0.0008582057504260554,0.0037050817758357037,0.0024553474189976665,0.003475979122920944,0.007433497810155787,0.00464970399605563
2021-01-09,78.03502548561394,99.13343288701007,88.1509651219106,57.94343630986409,-0.0018017479957624927,0.0026484730540172314,0.002026668463590342,0.003704768731557799,-0.00035853255417894747,0.0033220153790259836,-0.0017212924740911406,0.0046664896137861836
2021-01-10,78.12357426583665,98.8804091178998,88.06552935151461,58.58622757979329,0.0011347312270568732,0.0025172647153215285,-0.0025523555650358576,0.0036654510695451345,-0.0009691983550926819,0.0033272176071279863,0.011093426811826346,0.00506005591398688
2021-01-11,77.85879459420163,98.7598948071808,88.11230513522405,58.5788920683279,-0.0033892416485457044,0.002582903944810231,-0.0012187885526980802,0.003679106404926879,0.0005311474768150415,0.0032790173760547958,-0.00012520880364574882,0.005048738501743392
2021-01-12,77.88952275545067,98.6302461774124,87.96135806529686,58.3113864583073,0.0003946652579094323,0.002564893229260709,-0.001312765976731023,0.0036983081508158012,-0.0017131213364073306,0.0032856222234672714,-0.004566587051673565,0.0051364182283859215
2021-01-13,77.8869363989937,99.0672801460853,87.80038660432602,58.13300304266689,-3.32054474784238e-05,0.002419324041839408,0.004431033943550933,0.0037338899407186195,-0.0018300247348539411,0.00330912771882938,-0.0030591523624283745,0.005176630206280674
2021-01-14,77.84355055499977,98.94701669211564,87.2491351317298,57.53160884351248,-0.000557036211716877,0.0023618589690717236,-0.001213957361020812,0.003667161839692434,-0.006278462930698114,0.0034822052805114296,-0.010345142478069058,0.005528679626020885
2021-01-15,77.81915529003372,99.802314011202,87.15108089977788,57.94019260931064,-0.00031338838981664896,0.0023502790405609663,0.008643992994227467,0.0039032689573440427,-0.0011238418788206417,0.0033370490402382935,0.007101900572770825,0.005676521112031819
2021-01-16,77.38567829483108,99.99707972651863,86.98327146897248,58.34611816460271,-0.005570312265496313,0.002545559203449935,0.0019515150249398427,0.0035769788231977263,-0.0019255002814982936,0.003319150469583733,0.007005940729766236,0.005723875031817706
2021-01-17,77.26750874263551,99.50770416927712,86.80633189612765,58.06717651011596,-0.0015270209527059597,0.0023545296946206086,-0.0048938984876348846,0.003746666546235457,-0.0020341793296191346,0.0033334413815915794,-0.004780809131120223,0.00577862041850701
2021-01-18,77.29919434216426,99.4822130727354,86.91476071041645,57.9969990947775,0.0004100766291597058,0.002282304461566695,-0.0002561720899353359,0.0037518840719004652,0.001249088769452289,0.003220771060649882,-0.0012085556687301269,0.005756458835733521
2021-01-19,77.34623196414965,99.24883825436828,87.09597685345295,58.01174369731973,0.0006085137417757291,0.00229330675642661,-0.002345894920898983,0.0037990405880746654,0.002084986963725166,0.0029180263035290875,0.00025423043902894626,0.005726561393592835
2021-01-20,77.1174253028293,98.40590363335993,87.14605000635123,57.750748190395896,-0.002958213419192779,0.002301749606099397,-0.008493143454716967,0.0041579856605494046,0.0005749192409028048,0.002754483162143137,-0.004499011584371493,0.005779988730033288
2021-01-21,77.42168342034658,99.07179739308413,87.42855739465264,57.2858992903252,0.003945387392311206,0.002168557464917663,0.006766807022119181,0.0043074813756819345,0.003241769285938112,0.00279048466157979,-0.008049227319759766,0.005942280164529282
2021-01-22,77.22966871977543,99.38042064807622,87.58108674924539,57.22567248270901,-0.0024801152866780196,0.0021802810805759193,0.003115147429571641,0.00419153976116255,0.00174461708094098,0.0028060805939850997,-0.0010513373860285835,0.0058821552527541805
2021-01-23,77.46495303960371,99.61940944952374,87.46572368943593,57.13734421082377,0.0030465535296027024,0.0022615376822455536,0.002404787581789636,0.004196699177032996,-0.0013172142992442515,0.0027994109075610493,-0.0015435078008375624,0.0057747880252132355
2021-01-24,77.57315668881495,99.71005488816662,87.30020413391617,57.03234788400041,0.0013968077816546298,0.002216983486422109,0.0009099174462463555,0.004183864449499788,-0.0018923933689438677,0.0028216998193452674,-0.0018376130055318685,0.005315440262978304
2021-01-25,77.43091029504959,99.18272942473224,87.37350298947378,57.0849895745284,-0.0018337063984128488,0.002241519003029682,-0.005288588638586389,0.004308858547250559,0.0008396183752923392,0.0028075604035696362,0.0009230146133043515,0.0053201608779593545
2021-01-26,77.85257611670872,99.01987029193788,87.52607289710953,57.44738916370862,0.005445704048323563,0.0024562839986169093,-0.001642011000695054,0.0043264215239223166,0.0017461805057092938,0.0027630889035308195,0.006348421745914212,0.005371847481450659
2021-01-27,77.57987921189053,99.38387822186496,87.93007387701043,57.36210743477236,-0.003502734506940275,0.002541198690227414,0.003676109944942274,0.004196133951482526,0.004615778664899262,0.002869290748330862,-0.0014845187949835692,0.0052549476038548865
2021-01-28,77.80202759784041,98.99309577479696,88.26883452028623,57.39967819432684,0.0028634793996409336,0.0025671463651334436,-0.003932050691316524,0.004270818687189008,0.0038526141095893696,0.002895009729834336,0.0006549752307687395,0.005246584913409718
2021-01-29,78.04213400637107,98.0214858437271,88.0706764440262,57.58078549465438,0.0030861201943448435,0.0026208630812110754,-0.009814926217482922,0.004657002022523877,-0.0022449381748037567,0.002840632676864886,0.0031551971374195187,0.005245727217974052
2021-01-30,77.88987951343405,97.97258600079536,88.01022439133524,57.71666850974566,-0.0019509268278670167,0.002641309200958162,-0.0004988686154963062,0.004649049294197359,-0.0006864038648480841,0.002546773980221547,0.002359867339841948,0.0052489380123015555
2021-01-31,78.22123290218087,97.9576607158469,88.18851643664648,57.54858516940759,0.004254126348849585,0.0026673434279502204,-0.00015234144118991821,0.0045611316088667074,0.0020258105980786034,0.0025770449580840658,-0.0029122148709898044,0.005225979534269747
2021-02-01,78.16601080542029,98.05157060381131,88.48818068563276,57.56603686401461,-0.0007059732340148894,0.0025664301744157095,0.0009586783440738156,0.004288635572255851,0.0033979962595418467,0.0026555158791492033,0.00030325149707244314,0.005224382385592831
2021-02-02,78.23763749523175,98.37723434851117,88.74630209901049,57.70026897945111,0.0009163406072976166,0.0025681019750787766,0.0033213516386774167,0.004318566621137387,0.0029170157119033924,0.0024831507574149063,0.0023317935843591986,0.004935218433382534
2021-02-03,78.30215489294424,98.6650248780956,88.69144117401598,57.39889558639254,0.000824633766790539,0.002570037407675428,0.0029253773140736072,0.004356261291404141,-0.0006181770248107066,0.0024460378898618833,-0.005223084716743598,0.004962299250245348
2021-02-04,78.27356376048665,98.80133037397434,88.26770780578495,57.71864269552114,-0.00036513851370612027,0.0025463518972875356,0.0013814976081660824,0.004364837605433288,-0.004777612840901391,0.0026055832905442,0.005570614309944988,0.005001581976866931
2021-02-05,78.4671846013126,99.30671466742278,87.92859628504675,58.08197689015763,0.0024736428434306568,0.0025783532289398413,0.005115156764949447,0.0041175084777866425,-0.0038418525774379653,0.0026312772296491873,0.0062949192439114565,0.00511003003973829
2021-02-06,78.65573287358065,98.73141667197038,87.98514651993545,57.88240603974675,0.002402893301525433,0.002561462104629922,-0.005793142964995557,0.004219487418332886,0.0006431381516132095,0.002594737963911549,-0.003436020278515972,0.004970838854006227
2021-02-07,78.24346259318035,98.96430795026912,88.06271777231586,57.92338783428589,-0.005241452407072633,0.0027454391282977454,0.0023588365907125652,0.004239237824546895,0.0008816403159916941,0.0025592675987692864,0.0007080181585921164,0.004779773961061636
2021-02-08,78.55322552505612,99.24374525588831,87.69561079257541,58.081096547362094,0.003958962469316374,0.0028133467836931256,0.002823617033320902,0.004254719619772627,-0.0041686991842518895,0.002667750608723971,0.002722712171591146,0.004795284210402404
2021-02-09,78.16266365462135,98.78042722852209,87.68420754979677,57.927848445129,-0.004971939316612661,0.002962197228207772,-0.0046684859199097595,0.004316374095368445,-0.00013003208114503728,0.002663468895670196,-0.0026385194382155808,0.004342799832978204
2021-02-10,78.40909510753221,98.21983407640026,87.85299831779471,58.043668603347,0.0031528026475629023,0.0029432370033060716,-0.005675144032581736,0.0044339641813104435,0.0019249848144216042,0.0026876489638326282,0.0019993865010834444,0.004364158397710944
2021-02-11,78.67656480081003,97.96533397177132,87.47260468752408,58.07589721207783,0.0034112074997294517,0.0029997248149286494,-0.0025911274135423934,0.004451401437011049,-0.004329887853054437,0.0027827628626009996,0.0005552476179799815,0.004290928429127411
2021-02-12,78.41945112684571,97.74708373519444,87.78798891121443,57.681666276498966,-0.003267982970726613,0.003070878712967439,-0.002227831292238247,0.004377097923057372,0.0036055199775630875,0.0028479481368878785,-0.006788202240582408,0.004430568417166824
2021-02-13,78.32525023353537,98.0847100535858,87.6462742784745,57.79259583245599,-0.0012012439765483052,0.0030788264085997562,0.003454080730490361,0.00443119354102131,-0.0016142827110808833,0.0026108686684290687,0.0019231336942535648,0.0040132045579909575
2021-02-14,78.06866267989771,97.88351168178376,88.00768181712529,57.497577868907584,-0.003275923828811478,0.0031430414011910765,-0.0020512715151231875,0.004106630504394178,0.004123478626170796,0.0026966215178595605,-0.005104770936465219,0.0039022408821476375
2021-02-15,78.02359028719216,97.59004250126596,87.81575408183795,57.73342371563549,-0.0005773429588560308,0.0029585832730426105,-0.002998147241303095,0.004098396708200977,-0.0021808066219282107,0.002704375457566144,0.004101839685588526,0.003749096738984998
2021-02-16,77.95714506366303,97.3958678062616,87.47440243289779,57.5504923344937,-0.0008516042812763969,0.0029469215049579495,-0.0019896978219046124,0.004032217942859176,-0.003887134518278379,0.0027801213131282087,-0.0031685524496661843,0.003694476526038671
2021-02-17,78.14569969005909,97.87807740726107,87.31146345517864,57.50125565505903,0.0024186958904417466,0.0029722079336348003,0.0049510273059907295,0.004162268885956076,-0.0018627046677357484,0.002799899982986716,-0.0008555388049243939,0.003692015565915966
2021-02-18,78.45768516413966,97.9251268002313,87.26122751454032,57.84916582621199,0.0039923562693529036,0.003044991187751903,0.0004806938817816242,0.00415180305856701,-0.0005753647762886116,0.0027787345460917813,0.006050479545003595,0.0038683618137865926
2021-02-19,78.7886082344376,97.8964400963997,87.1219221669053,57.96915690998375,0.004217854115955877,0.0030474312980248186,-0.0002929452814507405,0.003863173932437212,-0.001596417465154265,0.0027932867358344995,0.002074205946758889,0.0037952697501892904
2021-02-20,78.6555955330221,97.8951820165759,87.03669712663546,57.67762491343351,-0.0016882225031786824,0.0030151904314708374,-1.2851129444158005e-05,0.0036352191454584377,-0.0009782272721965413,0.00272965357163941,-0.005029088089083977,0.0036060943821001187
2021-02-21,78.60718210356951,98.44298205384892,87.119883598033,57.40599953894648,-0.0006155115745357653,0.0029698449218318783,0.005595781385648424,0.0037443148673074805,0.0009557631912031628,0.002714569621355277,-0.004709371699939124,0.003711345605414759
2021-02-22,78.21157196607247,98.1846988274431,87.04844735699628,57.24458006678771,-0.005032747987019914,0.0031030839616076754,-0.0026236834867978676,0.003731165773458926,-0.0008199763140906979,0.002708850708388269,-0.00281189202270149,0.003737979051314965
2021-02-23,78.02699958608316,98.7405330390442,87.00975316313678,57.34058300389457,-0.002359911396095815,0.0031339635834752473,0.0056611082810158475,0.0038895255509860064,-0.00044451331453176923,0.002689674671891363,0.0016770659684262057,0.003731225506514062
2021-02-24,78.25883981644445,98.85761169022142,86.4710794397574,57.42682161150344,0.002971282140683984,0.0031492313897494213,0.0011857202667817646,0.0037823787945037647,-0.006190957953522758,0.0029021916295731013,0.0015039715868081505,0.003736683938115266
2021-02-25,78.64237566023706,98.8270244584082,86.57629138172226,57.20223067055507,0.004900862889000157,0.0031203258733821233,-0.00030940694692349613,0.003771484919123871,0.0012167298320608921,0.0028906426710685372,-0.003910906692133342,0.003622858223865429
2021-02-26,78.3524436671538,99.84881432648862,86.53504981297532,56.8963775053182,-0.003686714581663586,0.003128311848546524,0.01033917467089629,0.0041737187621467475,-0.0004763610000929619,0.0027336580931000953,-0.0053468747923201,0.0037391860517229122
2021-02-27,78.21677669738703,99.45052530499592,87.00896637657743,56.964842831067415,-0.0017314963441740217,0.003112698824096999,-0.003988920891843217,0.0041756557791884615,0.005476585090392616,0.002837527802683148,0.0012033336523544769,0.0037451735541766695
2021-02-28,78.2152762696045,99.33704890476004,86.70489395585089,56.91420374153928,-1.9182940615647404e-05,0.003064043803615587,-0.0011410336937675014,0.0037384118897527486,-0.0034947251230466048,0.0028733548582700378,-0.0008889533791623938,0.0036908932982821097
2021-03-01,78.28576693084598,98.87568547142028,86.1409403124718,57.46297091742049,0.000901239049498459,0.0030430828170424523,-0.00464442459713188,0.0038497031577430104,-0.006504288485333354,0.003074485085449067,0.009642007439360611,0.00409476389150411
2021-03-02,78.09987480535817,99.28518188736456,86.31709553921424,57.46552404334916,-0.002374532852849498,0.0029764961142124914,0.004141527960002334,0.003911134648810494,0.002044965217508077,0.0030750749303967272,4.443080279203926e-05,0.0040611515603767466
2021-03-03,78.20496765674169,99.98491699721924,86.41010561833487,57.92775671387381,0.0013456212528564215,0.0029844027093018943,0.007047729545870407,0.004091927891043779,0.0010775394901740842,0.0029963542142097,0.008043651880316416,0.004321273979852619
2021-03-04,78.09876390243582,100.67490639049012,86.09267492464006,57.613013188507296,-0.0013580180068869518,0.0029897547558108205,0.0069009348008965965,0.004222345206539545,-0.003673536693692525,0.0029567228633146864,-0.005433380182856884,0.0044216798559213325
2021-03-05,78.10121111135814,101.18314182138468,85.62210833929107,57.19735933756181,3.133479712147391e-05,0.0029852121479876253,0.00504828312353478,0.0042770019872962585,-0.005465814434978289,0.0030652047853186102,-0.007214582746878473,0.004516102976398772
2021-03-06,78.23506649909413,101.11346974794074,86.07734714007395,56.90371455172574,0.0017138708328752195,0.00300247840953247,-0.0006885739283222225,0.004284810170478555,0.005316837083465975,0.0032061983005886394,-0.0051338871101209715,0.004474706069857145
2021-03-07,78.24144035373615,100.97677997052558,86.49399558454729,57.20456446787708,8.147055952334448e-05,0.0029657283602846185,-0.001351845384753414,0.004221408773014037,0.004840395973116252,0.0033151716572810234,0.005286999601368025,0.004425722497940313
2021-03-08,78.14387170441806,100.31420586277557,85.72799014788028,57.65123732079012,-0.0012470201069532116,0.0029345617386373024,-0.006561648212028759,0.004263442844162612,-0.008856168933926156,0.0036361068909360494,0.0078083428668331845,0.004639292303241955
2021-03-09,78.12383844591066,101.15012672878294,85.5842529949436,57.440318309205935,-0.00025636378221916,0.0027769402527733334,0.008333025804449612,0.004485133099302343,-0.0016766653771858042,0.0036238428512882876,-0.00365853399486582,0.004680634714540148
2021-03-10,78.10899111024011,101.35061591599744,86.07779565146026,57.31451674218415,-0.00019004872220695912,0.0026718659877884555,0.0019820952647156,0.0044742590826744675,0.005766746092249253,0.003770098357891664,-0.0021901265648386348,0.004658260205837999
2021-03-11,78.0283094432373,101.15992977828944,85.92518709169914,57.0070038269267,-0.0010329370006704197,0.00252107465502447,-0.001881450211077662,0.0043868087933409804,-0.0017729143573687045,0.003774760897904176,-0.005365358250174701,0.0047288623891562345
2021-03-12,77.97441897812163,101.70800587681155,85.76983500575875,56.538034737705686,-0.0006906527323249367,0.0024491092009718673,0.005417916953118995,0.0042883443446178225,-0.001807992408263237,0.003747755631014174,-0.008226517054725435,0.004905992507255107
2021-03-13,78.35552965003589,101.31745395837162,85.678542702616,56.71927684573807,0.00488763721370189,0.0025370666493948475,-0.003839932904721177,0.004331979706473817,-0.001064387067278627,0.0036884341792979497,0.003205666926224371,0.004956041949672749
2021-03-14,78.491626480474,101.49140709731108,85.33684342512092,56.773633002325546,0.0017369141788201592,0.0024879000204090776,0.0017169118660536054,0.004286131656896537,-0.003988154638450037,0.0036442105685761056,0.00095833655875599,0.0048322366383913
2021-03-15,78.4252756560401,101.42876205942537,84.8250804703495,56.77343773632985,-0.0008453236021348509,0.002482651209194633,-0.0006172447468941744,0.004278801433802308,-0.00599697544731026,0.0037583540732424926,-3.4393782001318485e-06,0.0048114399469409656
2021-03-16,78.59304197426864,101.69597493911022,85.13939272318368,56.41288013232897,0.0021391868479281317,0.0024291133891074087,0.00263448822857848,0.00424416719682985,0.0037054165005365736,0.0037391086954038305,-0.00635081507086821,0.004856994258698222
2021-03-17,78.51685857400093,101.6755348209702,84.58942421397477,56.828381037717605,-0.0009693402666950401,0.0024346318732670715,-0.0002009924006555197,0.004177064014637711,-0.006459624524185137,0.0038614765063592535,0.0073653552949961565,0.0050008886271557945
2021-03-18,78.79635359510328,101.09109139954352,84.66654325354015,56.696479520216485,0.003559681655359803,0.00250044250695174,-0.005748122421541879,0.004334883915069465,0.0009116865409830588,0.00384739612592872,-0.00232105006499439,0.004987755190305568
2021-03-19,78.88475175850823,101.13320416403616,84.93257719435299,56.83020493897273,0.001121856017084033,0.0024747016802101067,0.0004165823507256139,0.004280134651754901,0.0031421377392977234,0.003920097743804384,0.002358619439652543,0.005013999984904098
2021-03-20,78.85972591748543,101.5686600280695,84.50229168976097,56.4550378850088,-0.00031724560786361433,0.0023771416381910253,0.004305765526098071,0.004317857843030869,-0.005066200965589296,0.003991850190924325,-0.006601543217498507,0.00498656740166946
2021-03-21,78.96625636874627,101.56359592882104,84.2337235641068,56.40559408737658,0.0013508853856822878,0.0022638579451427277,-4.985887622277474e-05,0.0043151334860327675,-0.0031782348180589004,0.004009551524003676,-0.0008758084217910245,0.004956916431087699
2021-03-22,78.5939323893941,101.88537144190016,84.59847862699677,56.47879385396119,-0.0047149756930801034,0.002408115025178058,0.00316821701847414,0.004322476162363636,0.004330273522959782,0.0041311074752783915,0.0012977394843358692,0.004909509327264265
2021-03-23,78.33104778542787,101.46292457592234,84.76034739653974,56.56075181628289,-0.00334484604566887,0.0024816912418733606,-0.004146295586886284,0.004357655263207472,0.0019133768380950045,0.004149905093240026,0.0014511280558437978,0.004864146241943254
2021-03-24,78.05536487449704,101.46021219234991,84.57999042412402,56.59848164671147,-0.003519458997739977,0.0023920316392651805,-2.6732755671776687e-05,0.004308357169203798,-0.0021278460737300664,0.004155830370212879,0.0006670673429365337,0.004848150831849829
2021-03-25,78.09589783878828,101.2147579435389,84.94022895788474,56.72258979261776,0.0005192847968413794,0.0023541936713635417,-0.002419216789589229,0.004265970306093556,0.004259146069351738,0.004262911014839007,0.0021927822495482197,0.004856555383166303
2021-03-26,78.50859704902024,101.527667132006,85.30026601491483,56.43147433324014,0.0052845184145764446,0.002487869541511306,0.0030915371910651412,0.00428553273175102,0.004238710696301551,0.004232714932031699,-0.005132266711410094,0.004919931448862897
2021-03-27,79.03775874262983,101.54782367722036,85.37892150485615,56.48070620847512,0.006740175133675974,0.0026287033284074857,0.00019853253584711794,0.004281601158472398,0.0009221013440634529,0.00422906503791228,0.0008724187311544007,0.004885345410898596
2021-03-28,79.18856934882056,101.83531457462452,85.10763643061146,56.50845424834038,0.0019080830300592933,0.0025426693779185125,0.0028310887126243856,0.0039154936972347525,-0.003177424468043366,0.004258177418941111,0.0004912835148136452,0.004797457843076526
2021-03-29,79.30592310969358,102.28269034985344,84.98455200803814,56.56604661012594,0.0014819532899512655,0.0025192314503143395,0.004393129997168899,0.0038708091999369314,-0.0014462206652123832,0.004105414580527792,0.0010191813340434397,0.004795695457654401
2021-03-30,78.87490195926617,102.56542715768288,85.0709045396413,56.582818647540925,-0.005434917513427506,0.002739473489750727,0.0027642683905004795,0.003863944227914767,0.0010160968030401563,0.004084971150477474,0.00029650361692379334,0.004794903177933983
2021-03-31,78.74743283004328,102.67437600280884,85.01523507583246,56.256894288766006,-0.00161609239512861,0.002758390720251396,0.0010622375214064395,0.003710134060008082,-0.0006543889959803595,0.003931426638171252,-0.005760129427364369,0.004523470041122639
2021-04-01,78.56331313142907,102.26021459808538,85.29563189366272,55.92339648444543,-0.0023381041387290358,0.002757226199622774,-0.004033736759326723,0.003790855825734575,0.0032981949362387297,0.0039651553198027534,-0.005928123273366892,0.004620114804948089
2021-04-02,78.42046047650042,102.25915388841722,84.83760977271837,55.36814279325145,-0.0018183125078962137,0.0027723994970810235,-1.0372652476164923e-05,0.0036170730516769762,-0.005369819189748881,0.00405659012462329,-0.009928826324925089,0.004586055925110417
2021-04-03,78.38553633978869,102.04121505125336,84.39652673050573,55.5768732885833,-0.00044534470340429344,0.002760883870460559,-0.002131240371905152,0.0034604928605533156,-0.005199145089003654,0.004105662082305283,0.0037698662949787742,0.004621209839693559
2021-04-04,78.27947119569806,101.90314335541936,84.45632330843328,55.78776539561225,-0.0013531213670701092,0.0027740576479314506,-0.0013530973319423323,0.00336351246524045,0.0007085194171378983,0.004009818047058308,0.0037946018649499536,0.004562914648290998
2021-04-05,77.82047393104725,101.75427024447976,84.3169425365514,56.00227411174924,-0.00586357135069715,0.0029589416003679373,-0.0014609275635429908,0.0033738198044986744,-0.0016503296191674455,0.003863443518378849,0.0038450852909384103,0.004564766773992246
2021-04-06,78.00448275878111,101.36074958803462,84.13902777725782,56.08114032566267,0.0023645297752479255,0.0029948500565255623,-0.0038673625735768935,0.003444648234097296,-0.0021100712850972148,0.0037268888758822285,0.001408268059901685,0.004447995849582071
2021-04-07,77.76147853308149,100.57647897902496,83.62702301215391,55.54393040379782,-0.0031152597530975656,0.0030386961596262246,-0.007737419190339656,0.003529089879745064,-0.006085223214836066,0.003553547869907973,-0.009579154752297758,0.0044404775277903695
2021-04-08,77.82723220377638,100.32483998875756,83.64568615486219,55.29139773726282,0.000845581539025364,0.003044134401254012,-0.002501966591213378,0.0031953828384228104,0.00022317119557824228,0.003554694917132283,-0.004546539373413427,0.004460134161490154
2021-04-09,78.32097476376039,100.42210799947608,83.64307946306633,55.33927099809844,0.006344084788872273,0.003264872431436156,0.000969530683820885,0.003176084307960695,-3.1163493488861604e-05,0.00333881689396289,0.000865835605442733,0.004473049826937703
2021-04-10,78.11067354399775,99.89929255662098,83.84729416290173,55.378233443746254,-0.0026851200511354145,0.0032983268528921175,-0.00520617873165774,0.003289097030429366,0.0024415014505243526,0.003391272552929151,0.0007040650327532205,0.004413078466901564
2021-04-11,77.52513816316538,99.92944049631728,83.87879223488079,55.32772993115986,-0.0074962275226387876,0.003572947235485206,0.00030178331522434654,0.003103772402930729,0.0003756599696331797,0.003392549799356851,-0.0009119740635586959,0.004194190409992298
2021-04-12,77.47054086118986,100.71262316108326,83.85092848710741,55.42486472017429,-0.0007042528819569682,0.0034425946761941473,0.007837356647612204,0.0033994083624732468,-0.00033219061732980837,0.003392749357777262,0.0017556257799713482,0.00415565756654082
2021-04-13,77.73879574938785,101.14069554698584,84.20769718453343,55.43252846545426,0.003462669618876646,0.003493111613593305,0.004250434279900572,0.0034790539787249125,0.004254797220055506,0.0034516240880801095,0.0001382726925660549,0.0041466462753049094
2021-04-14,78.20589542851076,101.81730760690576,83.82931558289438,55.46737312271594,0.006008578787723096,0.0036765693181822225,0.0066898102317833885,0.00369157532731281,-0.004493432480523252,0.003378261816712236,0.0006285958484357757,0.00415237252091088
2021-04-15,77.9242563595227,101.9815122349126,83.99831451636277,55.312392035551376,-0.003601251126208349,0.003705983957239962,0.001612737872040304,0.0036723741888703685,0.0020159884676771433,0.0033212733225523304,-0.002794094590015783,0.004036613075359147
2021-04-16,78.04942067161528,102.46103833778608,83.51728104872106,55.562199506419,0.0016062304337574052,0.003719229640395394,0.004702088568454332,0.0037664173140912033,-0.005726703808419886,0.0032779127068262416,0.004516302073992007,0.003871716279264447
2021-04-17,77.94860081344216,102.16272109013464,83.28650050166226,55.45851237285825,-0.0012917438375015244,0.003655387854575725,-0.002911518880649777,0.003643910703608412,-0.0027632670048749475,0.003295057436566333,-0.0018661452297036307,0.0038662118592411674
2021-04-18,77.93277690884831,101.90088356021508,82.94922037645209,55.13102042763693,-0.0002030043442564633,0.0036449301867725915,-0.00256294592710149,0.003682656842712387,-0.004049637374347825,0.003279326832683928,-0.005905170030878648,0.003932505998224652
2021-04-19,78.5601376606406,100.78856219470774,83.19522905376691,54.946114270906754,0.008050024350166218,0.003958022640294985,-0.010915718555571163,0.004127541142413699,0.002965774436436419,0.0032452011156569632,-0.003353940400448008,0.0038160758664069357
2021-04-20,78.21022440082272,101.2821136723339,83.19323435139758,54.86732170962683,-0.004454081551249489,0.004024999391069299,0.004896899676698485,0.004233216490919689,-2.397616296057059e-05,0.0032067890686541694,-0.001433996968219553,0.0038173367049807424
2021-04-21,78.27682908388655,101.91659566860956,83.20641904219403,55.12053702289086,0.0008516109444014486,0.003942525788411662,0.0062645019270461955,0.004351335558005351,0.0001584827287848256,0.003082209739754239,0.004615047816697082,0.003930002875718326
2021-04-22,78.39325664667908,101.69516068642928,82.90117172746358,55.1164891285587,0.0014873822069076947,0.0039050696774060117,-0.002172707798250073,0.004300810265396559,-0.003668554881272601,0.0030969279001016484,-7.343713524554651e-05,0.003909645783243581
2021-04-23,78.65435245196896,101.5982026114908,82.83378907738573,55.0767811033374,0.0033305901101501334,0.003890378011678104,-0.0009534187692316065,0.004304967459116157,-0.0008128069685114925,0.0030858109971058324,-0.0007204382182013358,0.003899219165009664
2021-04-24,78.68122409917702,101.29918678588628,82.63261189061824,54.773983791809634,0.0003416422152158205,0.003890108342589673,-0.0029431212159132247,0.00431639484077283,-0.002428685069320591,0.0029546894598435716,-0.005497730721765404,0.003941403747421431
2021-04-25,78.75752351740898,101.46461711039252,82.76533959161361,54.97589500275979,0.0009697284085945501,0.0037758774286504836,0.0016330864023212932,0.004288929198679937,0.0016062387229278663,0.002832986018877318,0.0036862611950521096,0.003963488782475098
2021-04-26,78.66802128972276,101.92992397400046,82.49905364790472,54.82183433950854,-0.0011364276540061224,0.00356721005587905,0.0045859027201737845,0.0043703766313165976,-0.0032173606128219623,0.0028368842199327014,-0.0028023311533812434,0.003964787460027917
2021-04-27,78.73531551168284,101.22342701301056,82.90601753555283,54.805211776077066,0.0008554202947630429,0.0035514085438928707,-0.00693120266792413,0.004523426238980003,0.004932952193427376,0.0030166978028002716,-0.0003032106391868128,0.0039572287351325695
2021-04-28,78.65754898874624,101.40041945693466,82.43959067793963,55.17840545140684,-0.0009876955776605412,0.0035400357370786546,0.0017485324212678233,0.004456280799484533,-0.005625971087239612,0.003138349973629739,0.006809455948360688,0.004193848885969221
2021-04-29,78.8081738508578,101.29766385559422,82.23043885756455,55.31087792417403,0.0019149447706934275,0.003422464474579613,-0.0010133646575700705,0.004420547225542299,-0.0025370312813919327,0.0031263444215780733,0.002400802844581218,0.004230586775740536
2021-04-30,78.72360533592861,101.35412909122584,82.73841657616464,54.91103738597525,-0.0010730931932165788,0.00341517439362262,0.0005574189323074297,0.004415727447807341,0.006177490059124935,0.0033988740560622027,-0.00722896748713564,0.004298536207798919
2021-05-01,78.81618957407291,101.55018996005656,82.63367717437224,54.48138151724898,0.0011760670481137936,0.003392563480527122,0.0019344142225743433,0.00438170201511353,-0.0012659101554836072,0.0033053918586846693,-0.007824581162183764,0.004389565573457045
2021-05-02,78.81211400479447,101.48177211887509,82.27554769595508,54.47548873380971,-5.1709798462251655e-05,0.0033731667491021457,-0.0006737342510967359,0.004382266112591744,-0.004333940962852667,0.0032638702828657433,-0.00010816141726144313,0.004042482764365431
2021-05-03,79.08127377900715,101.44846714584732,82.36368807006708,54.18810586639928,0.003415208151837046,0.0034221043735392534,-0.0003281867505107172,0.004367845891664904,0.00107128273928625,0.0031866437994846624,-0.0052754527603176005,0.0040477500860832995
2021-05-04,79.0699281034314,101.37078134527934,82.25104998960855,54.35766769881588,-0.00014346854866631453,0.0034090528924143296,-0.0007657661348031697,0.004363743765633926,-0.0013675696547574834,0.0031751081298377415,0.003129133777708626,0.004023252280023595
2021-05-05,78.65032937525022,101.7741368295013,82.03576659033146,54.37853865921869,-0.005306679014963733,0.0033754555776776174,0.0039790112976252345,0.004420705610652868,-0.002617393933624923,0.003188115914014143,0.00038395614246100607,0.003932351929402004
2021-05-06,78.95240279360348,101.95048028177648,81.74820804702559,54.42943543981507,0.0038407139646170485,0.0034162110207488147,0.0017326941575599442,0.004369005632160182,-0.0035052825768286944,0.0032162939745643297,0.0009359718346855228,0.003923425921570493
2021-05-07,78.73987211676803,102.04453953978108,82.56968873441008,54.2664933862745,-0.0026918835819481624,0.0034019978061509983,0.0009225974977717932,0.004104380227699165,0.01004891369498817,0.0036487858254428914,-0.00299363850137202,0.003596841976495241
2021-05-08,78.58915129074612,101.52893847356584,82.51994968826801,54.702757007517455,-0.001914161427623351,0.0034273795430726298,-0.005052706088347181,0.004193967968595297,-0.0006023886840854642,0.0036468990531661133,0.00803928159016265,0.0038650388048937843
2021-05-09,78.45364763944255,101.38360845904576,81.98721047117179,55.411220929389664,-0.0017242030112052387,0.0032512554216910967,-0.0014314146952094653,0.004205740511915453,-0.006455883929991746,0.0038068816079892477,0.012951155675295256,0.004562889487976845
2021-05-10,78.78316996165503,101.7579529653788,82.44350577104518,55.346670257602185,0.004200216715568139,0.00329342926816478,0.0036923572954523642,0.004114913657049859,0.005565444869402247,0.003935187146128932,-0.0011649386298442366,0.004566456528369842
2021-05-11,78.28191194523244,101.77945196551843,82.64393947993153,55.439867377284585,-0.006362501238101559,0.0032063452670628902,0.0002112758709575946,0.0041151903466093084,0.0024311643107823855,0.003969696119118026,0.0016838794321072381,0.00457334408968502
2021-05-12,79.0262526873203,102.05392152270802,82.444794463531,55.46893540153875,0.009508464006456663,0.003609664403823315,0.0026967089318046256,0.003906003150418383,-0.0024096747765622872,0.003984999627134205,0.0005243162660608647,0.004563279279749129
2021-05-13,79.27830897166682,102.77824174751366,82.19973064137652,55.40872363111243,0.0031895259584662217,0.003602713290571301,0.007097426674039786,0.004034046329732304,-0.0029724596167546302,0.003901733970742209,-0.0010855043456386992,0.004567806115570786
2021-05-14,79.33114303707065,103.20103187493189,82.41967273375536,55.20619619845279,0.000666437845220802,0.003458372128018103,0.004113615102084189,0.003924631132813732,0.0026757033224160676,0.003887035822511519,-0.0036551542679088556,0.004614062576361231
2021-05-15,79.31744468223513,103.23093835111057,82.37293460941252,54.94270335926702,-0.00017267310555590942,0.0033744122750277656,0.00028978853830574636,0.003918631050303483,-0.0005670748595886232,0.0038565460952917205,-0.004772885243507274,0.004667047501558742
2021-05-16,79.38491306489242,103.01110303374288,81.84257446781454,54.669401178174894,0.0008506121563494062,0.003369430862927708,-0.002129548765893996,0.003858857584219468,-0.0064385243054989605,0.0038909325138459416,-0.0049743125907915076,0.0046570671938169815
2021-05-17,79.50805030426478,101.95239987466026,82.38366510168522,54.778020561671,0.0015511415786486626,0.0033551778375786132,-0.010277563562598013,0.004274669224031771,0.006611358909334841,0.004088269613780693,0.0019868405571537018,0.004672034830406817
2021-05-18,79.66004413678878,101.88808920030893,82.28344770554158,54.65827134277615,0.001911678527423799,0.0033585047780623216,-0.0006307911773572039,0.004250140417168979,-0.0012164716879243809,0.004032325147796156,-0.0021860815280835277,0.00456915592591371
2021-05-19,79.78974797362491,101.76025764973654,82.7399235827852,54.03309909969012,0.0016282169843315764,0.003068409757313283,-0.0012546270282983718,0.0037281262673415096,0.005547602707134391,0.004129932721095225,-0.011437834159909954,0.004977041976143727
2021-05-20,79.80712190770558,101.9255075835006,83.1323227468516,54.15353444701636,0.00021774644640326635,0.002922205303531145,0.001623914262607773,0.003636534725950233,0.004742561354601493,0.004226489464009149,0.0022289180027235123,0.004999396251430305
2021-05-21,79.75571199121102,101.86746579322634,82.86013510550352,54.1558571908962,-0.0006441770516923961,0.0029318873976707325,-0.0005694530412488907,0.003454150426549435,-0.003274149360374845,0.004267870870813356,4.2891824209689844e-05,0.004909354723327968
2021-05-22,79.7158126450323,101.74223758947473,83.18108159995529,54.49568080528606,-0.0005002694500816363,0.00293426044225368,-0.0012293248170697213,0.0034380419424823523,0.0038733522947207444,0.004274380805526392,0.0062749189472155464,0.0050661129348168665
2021-05-23,79.66586165616529,101.02468884947758,83.01019681110084,54.59704353378124,-0.0006266133055613521,0.0028941809596768277,-0.007052614105976462,0.003670160177769381,-0.002054370844518316,0.004289718747564916,0.001860013986380915,0.005081754015960535
2021-05-24,79.93393633460495,100.65868736784952,82.4880543277352,54.24308275812477,0.003364988124984647,0.0029432180076627346,-0.003622891451547927,0.0036898393808244786,-0.006290100534923848,0.004423429075377406,-0.006483149136774391,0.005119692353805494
2021-05-25,80.07127176851685,100.86810047433907,82.38989825695984,53.7100245039036,0.0017181117333819884,0.0029502293256608086,0.002080427551417019,0.0036984167458951355,-0.0011899428538509893,0.0044168049002834275,-0.0098272116390975,0.005345296706115455
2021-05-26,79.35888673720125,101.5758673212408,82.52981958350883,53.55007972792402,-0.008896886680844651,0.003408376433660421,0.0070167559770970556,0.003830913070553485,0.0016982825505209576,0.004389883943495589,-0.002977931539911105,0.005347703161138817
2021-05-27,79.51473102505128,101.54463178802814,82.42034921272214,53.41421034473849,0.0019637912558692072,0.00342062214912745,-0.00030750939210666406,0.0036085808220737785,-0.0013264341463380402,0.004296160371952978,-0.002537239605913788,0.005356551408950181
2021-05-28,79.55967945265947,101.6865102893102,82.35688611462965,53.65636912894081,0.0005652842816512571,0.0034116688748313385,0.001397203365493871,0.003603653060153973,-0.0007699930745100891,0.004173906817827282,0.004533602250026858,0.00525968090956655
2021-05-29,79.55339628946058,102.08124992190363,82.71218101368346,53.66845822503832,-7.897421460356657e-05,0.0034002554100780727,0.003881927223879922,0.0036618524956550354,0.004314088545787076,0.004218910208125904,0.0002253058918031403,0.00522723462663371
2021-05-30,79.45895019602055,101.75348828815264,82.76589362493755,53.95642543653825,-0.0011872037882125763,0.0034019302032032403,-0.0032107917369913475,0.003715651172138813,0.0006493917896470691,0.004066967590323502,0.005365669538939244,0.005214718513818354
2021-05-31,79.72598833017518,101.90948246234818,82.54410854703457,53.64744833381569,0.003360705540355946,0.003444105883864046,0.0015330597193266016,0.003709676913724295,-0.0026796675319911145,0.004090493072632484,-0.005726419054315701,0.00512742356226861
2021-06-01,79.94960491063355,101.6127716873292,82.77124898060531,53.8947615822575,0.0028048141533509874,0.003470901559411756,-0.0029115129215635527,0.0037485729916015057,0.002751746158132118,0.004037518858641222,0.004609972256330419,0.005211567214749556
2021-06-02,79.75946966410261,101.97244632131576,82.85107153912466,54.08264182074028,-0.0023781886945342112,0.003463326504067386,0.003539659710231069,0.003801269030682558,0.0009643754262793625,0.00403677785569324,0.003486057512213314,0.005171023338785155
2021-06-03,79.8536804246596,102.03875391062144,82.141824679485,53.60351395745813,0.0011811858949632992,0.0034660462638990332,0.0006502500596754501,0.003797926665663498,-0.008560503159029564,0.004335903536337161,-0.008859180083514495,0.005375874621784394
2021-06-04,79.61701080161968,102.16447154714308,82.2926254457276,53.937068341777874,-0.002963791046089681,0.0033593052315310915,0.001232057739863901,0.0037369465450061727,0.001835858490251585,0.004320655715569986,0.006222621609927925,0.005511154332907136
2021-06-05,79.28553037912337,101.84730477575413,82.43199036480392,53.97256455400173,-0.004163437174528606,0.0033953203744740493,-0.003104472294388594,0.0037698156603545216,0.0016935286524335513,0.004274530383802192,0.000658104218770772,0.0055093134293921
2021-06-06,79.1371859536463,102.14123727732634,82.46324862476649,54.08041505689876,-0.001871015111682195,0.0033749085841721753,0.002886011585867543,0.003803758107909938,0.0003792005970526535,0.0038572111459678456,0.0019982467720081054,0.005499474300157755
2021-06-07,79.34387033242574,102.9959126557358,82.74586566533075,53.88200937659101,0.002611722621783663,0.003379532232713473,0.008367583957191504,0.003969871443135408,0.0034271878112668297,0.003906644488656579,-0.003668715931617883,0.00531427480628771
2021-06-08,79.57109690332449,102.57485108212045,82.57418301148368,54.20432206377576,0.0028638201028856614,0.003387443090238473,-0.004088138672286412,0.004043074327205619,-0.002074818511675902,0.0037311256634413445,0.005981823820490062,0.0048373649534873
2021-06-09,79.69216828751316,102.43399751337988,82.69590243718363,53.926508686162,0.0015215497699594405,0.0033205649932327,-0.001373178388802132,0.004006329141565844,0.0014740615197248452,0.0036024871814423517,-0.005125299367952474,0.004903444937054139
2021-06-10,79.86319126137015,102.52891452211117,82.26591413336863,54.14131342851199,0.002146044931792712,0.0030786811254032145,0.0009266162703343017,0.0040083512959865775,-0.005199632522803976,0.0037008623897488322,0.0039832866540665535,0.004962110815327295
2021-06-11,79.98320657730405,102.85050291114504,82.41013659769416,54.35301575594709,0.0015027613352078806,0.00259529719942451,0.0031365628957724656,0.004018392477614977,0.0017531254085589865,0.0036910957410210637,0.003910180858737844,0.0050307789363369364
2021-06-12,79.82470796449542,102.61608989591332,82.99938396708421,54.125416778835536,-0.0019816486433991143,0.0025756022724677226,-0.0022791625572724517,0.003828994089928059,0.007150180714620147,0.0038690893419285385,-0.004187421322369822,0.005071433112417204
2021-06-13,79.9248867626545,101.45145741886832,82.73163914020475,54.62035736029196,0.0012549848375722483,0.002581259218067696,-0.01134941390016253,0.004265675152331171,-0.0032258652303449598,0.003895650051855194,0.009144328319518058,0.0053508946710125495
2021-06-14,80.11279009945454,102.01311012256323,82.53508398690737,54.68653463942596,0.0023509990994174945,0.0026079334531777087,0.00553617185976929,0.004406959390582597,-0.002375816015977694,0.003920778420959504,0.0012115863449495556,0.005291221090215097
2021-06-15,80.28859163927096,102.32787325360248,82.35504838180344,54.85637254959151,0.002194425379495213,0.0026285376688509584,0.0030855164660803513,0.004438558760999146,-0.0021813221288110585,0.003750313103963198,0.0031056623222769364,0.005242192637091035
2021-06-16,80.56809891234872,101.61571924013096,82.41906413299797,54.48741809586024,0.0034812825504968448,0.0026812664047281645,-0.006959531072306846,0.004214800069785602,0.0007773142321252369,0.0035532773526886783,-0.006725826673969815,0.005375265385238744
2021-06-17,80.730207925685,101.37727212817369,82.138499490571,55.01665179879858,0.0020120744503682175,0.002683221970457524,-0.0023465573411313168,0.0042338256816395635,-0.0034041231282878615,0.0036016553215039953,0.00971295248395232,0.00565270794497074
2021-06-18,80.80495342811714,102.0241134250893,82.28795140018978,54.72065082307484,0.0009258678300563261,0.0026756262731738078,0.00638053563029195,0.004392206042538177,0.0018195110763612465,0.0034634332500724572,-0.005380207010892701,0.005319815473512444
2021-06-19,81.0534343624869,102.61937830088858,82.55906755680566,54.981774670800526,0.003075070572137628,0.0027185067390973166,0.005834550831322449,0.004508463672500569,0.0032947248291230746,0.003402064889134129,0.004771943385139199,0.005369411304686931
2021-06-20,81.03404469394154,103.00303543253612,82.73859007059036,54.74301215999214,-0.00023922081399585515,0.0027135263545180702,0.003738642135626913,0.004550339470809969,0.002174473611407768,0.003379033693453181,-0.004342575557772732,0.005442054798083069
2021-06-21,80.80692483779741,102.92490865719422,82.25022033705201,54.59916826787022,-0.0028027708230773385,0.0027756325797970217,-0.0007584900290931174,0.004545408051898718,-0.005902562916792364,0.0034587285655350705,-0.002627621068813757,0.005351142283191703
2021-06-22,80.75657690546691,102.9543416234224,82.56436681498259,54.80236787673306,-0.0006230645756110098,0.002775584881870024,0.00028596543453063283,0.0043227806182130025,0.003819399834349868,0.0035256530165563744,0.0037216612506973945,0.00538322926724951
2021-06-23,80.56575189024937,102.89541185726787,82.86046486635522,55.06410346091746,-0.0023629656249659625,0.0027656494404477328,-0.0005723873828465953,0.004254386893052751,0.0035862692683896746,0.0033934411684887603,0.004775990423864895,0.005297415174271652
2021-06-24,80.39381339206548,103.35539667145233,83.1241287942679,54.75602561973555,-0.0021341388139480832,0.0027852718143087075,0.0044704113223486,0.004302427321932729,0.0031820232765764622,0.0034273659568389665,-0.00559489434710525,0.005063706904144996
2021-06-25,80.35165528220266,102.9841779310436,83.25343875971451,55.03330314872862,-0.0005243949513531465,0.002208535680753353,-0.003591672543125757,0.004210636923531249,0.0015556249108685805,0.003425459569606095,0.005063872438782813,0.0050775658718726245
2021-06-26,80.15372411033711,102.64699369702667,83.33744094691296,55.29919585249532,-0.0024633116912202713,0.002249139932177372,-0.0032741362876412827,0.0042639679046892484,0.0010089936037465108,0.0034138175656444453,0.004831487273226687,0.005082604124135263
2021-06-27,80.07440621323498,103.0600577716252,83.65777995597699,55.07145996986398,-0.0009895721999509943,0.0022599724895823936,0.00402412247764139,0.004312512340185682,0.0038438786387511303,0.0034640366359236325,-0.0041182494450516804,0.005130355759213843
2021-06-28,79.61493697847898,103.03578870234392,84.23764248120521,55.47454361324146,-0.005738028622184865,0.0025081192125148005,-0.00023548472420864552,0.004264989747377053,0.0069313640110144625,0.0035932184849430853,0.007319283774173568,0.0052609252841608715
2021-06-29,79.66503186113626,103.59820963756717,83.96858946356616,55.11558210022864,0.0006292146242710128,0.0024996619320798025,0.0054585008015806125,0.00431102114080311,-0.0031939761098974673,0.0036598694117692503,-0.006470742968440302,0.005373953483857819
2021-06-30,79.66411664056868,103.30840233108805,84.29964357590269,54.967298642518095,-1.1488360026956634e-05,0.0024220996530135083,-0.0027974161666788344,0.004351293183943398,0.003942594658925103,0.003661965709217756,-0.002690408992522153,0.005276011596336195
2021-07-01,79.46768819425982,103.27727998535758,84.2857236376691,55.09325416829943,-0.0024657079572615315,0.0024009649592494973,-0.0003012566744641232,0.004307350155108663,-0.0001651245206163443,0.0036445186145168985,0.002291462904162156,0.005235465955973827
2021-07-02,79.62531306787956,102.88808579751084,84.25915311908359,54.88843741410578,0.001983508985871296,0.002396493724882388,-0.0037684395629118406,0.004339020723007493,-0.00031524340586697175,0.0036477268749830014,-0.0037176376179917092,0.005270571199802626
2021-07-03,79.84852599982253,102.88703900341974,83.81797192976876,54.96150124335579,0.0028032911060917876,0.0024431526105646267,-1.0174104056681621e-05,0.004338895179469408,-0.005236003128245459,0.003403130469271194,0.0013311333441463624,0.0049657129830973845
2021-07-04,79.46095331229864,102.27450466680168,83.7500621423569,55.02863883590577,-0.004853848993089049,0.0025445028030603666,-0.005953464523337226,0.00448082655716011,-0.0008102055662807528,0.003406406173183033,0.0012215385502791776,0.004861857677075528
2021-07-05,79.27978112562191,102.07728734335456,83.47398056105826,54.98946963467472,-0.002280015266928448,0.002461713078627301,-0.0019283136505000575,0.0044573986340325986,-0.003296494047125176,0.003471912450142888,-0.0007117966582428359,0.004868494178389291
2021-07-06,79.09897727711301,101.4951578942067,83.3570031231374,55.2028184399472,-0.0022805795619239566,0.002473557277225683,-0.005702830319047947,0.004546217064185174,-0.0014013640793766324,0.0034878982757431147,0.0038798120201899433,0.004898703452260451
2021-07-07,78.8795400850862,101.78709190761572,83.0561474251477,55.15231372742549,-0.0027742102310379657,0.0024719304694777906,0.0028763343933442265,0.0042927902023921025,-0.003609243215537239,0.003511403436239119,-0.0009148937309541028,0.0048395282240885715
2021-07-08,79.08119077958558,102.08614735016609,82.94766781606951,55.216277739383806,0.0025564385172867077,0.0024594300163737646,0.0029380487932773036,0.004275393595049022,-0.0013060996981102413,0.0034975312196110367,0.0011597702369194884,0.00474014642862549
2021-07-09,79.03903589491922,101.3838945316693,82.85270321510038,55.50730162435401,-0.0005330582942769668,0.002438269494946975,-0.006879021656953976,0.004444524592060629,-0.001144873671188873,0.0034961910310139102,0.005270617594757221,0.004684750216685581
2021-07-10,78.98052031581356,101.93623813606796,82.90450572549753,55.70937788883052,-0.0007403377134237443,0.0023961731684834053,0.005448040903835327,0.004563801702805992,0.0006252362130256817,0.003352284586984424,0.0036405348226808965,0.004677570977213898
2021-07-11,78.51043161360711,102.96040858903602,82.4593395517414,55.90989667375648,-0.005951957524801599,0.0025753598933440577,0.010047167442072569,0.004899216134116933,-0.005369625810569434,0.003492427595185772,0.003599372179780902,0.004671157373798023
2021-07-12,78.66850952003021,102.9747570293673,82.06912437398934,55.62313422121997,0.0020134637292670288,0.0026054304939789994,0.0001393588130418344,0.004879474100777151,-0.004732213232282789,0.0033264338241886056,-0.005129010597351158,0.004709886096710386
2021-07-13,78.38327307013223,102.70596045136332,82.2031766324386,55.75844281098441,-0.003625802136563383,0.002645249174714524,-0.0026103152438350374,0.0044088211443638935,0.0016334067101579919,0.0033007999007757427,0.002432595567633866,0.004458496791928278
2021-07-14,78.40685591502017,103.86433858164476,82.00283541427095,55.54122512928323,0.000300865783785742,0.00259109168855921,0.011278587193875644,0.004750092329923915,-0.00243714691298913,0.0033022073344848844,-0.003895691320461192,0.004535030995267489
2021-07-15,78.48145310901141,103.30241136299595,82.34194664696822,55.22536011128896,0.0009514116223725555,0.0025526333139510356,-0.005410203601374564,0.004849656671961172,0.0041353598443776285,0.0033728285555337722,-0.00568703728192943,0.004645414737287643
2021-07-16,78.81063321053819,103.30267296149546,82.43496204018986,55.21366852650121,0.004194368076614774,0.002596389686804322,2.532356176976336e-06,0.004651462822634037,0.0011296234423558982,0.0033762392759463613,-0.00021170680941129394,0.004457317064247752
2021-07-17,78.50749475217924,103.36887063602263,82.63743305332264,54.99518073467878,-0.003846415718411045,0.002603219860393343,0.0006408127943779984,0.00461896958034836,0.002456130361703446,0.0033411261302453204,-0.003957132312582323,0.0041671243287808605
2021-07-18,77.8050406255897,103.91636776598752,83.07129807244395,55.19821632390333,-0.008947605942680292,0.002960516372582869,0.005296537793207712,0.004576714445409401,0.005250223816140931,0.003454982653788476,0.003691879661312125,0.004092071966637305
2021-07-19,77.86209473289756,104.05150028577832,83.00367897546838,55.40682479323009,0.0007332957717021138,0.0028719286579331903,0.0013003968739082605,0.004472348957492207,-0.000813988688567302,0.0034142598383026133,0.003779261056238603,0.004058521354104759
2021-07-20,78.29642090187545,103.8281678407738,82.85980393042904,54.93759701000936,0.005578146471242773,0.003132936508559208,-0.0021463644867314446,0.004453137184445629,-0.0017333574465038248,0.003410270985601775,-0.008468772303264371,0.0042837112135477974
2021-07-21,78.59790836175776,103.41970889110416,83.13682725159282,54.740517293311925,0.003850590568630796,0.003244684751739322,-0.003933989765629198,0.00451586256204566,0.0033432775365529466,0.003268184740512682,-0.003587337769097032,0.004308504966365909
2021-07-22,78.6555325919469,103.26918664527996,83.30713292487795,54.38967145368613,0.0007331522096480914,0.003258360480795786,-0.0014554502950950843,0.004525498553172117,0.0020484985885946827,0.0032192214669911744,-0.0064092532729620455,0.004410285958147674
2021-07-23,78.54730841407526,102.84572340834598,83.27323520443407,54.28704329489681,-0.0013759258160908061,0.00324776482349234,-0.004100576858308558,0.0045892832039537606,-0.0004069005768623235,0.003160835102165616,-0.0018869052900366556,0.004315595766679754
2021-07-24,78.74617010253337,102.86228399319975,83.69983009207387,54.40938104184677,0.0025317441485044334,0.0032950442763078802,0.00016102356330383039,0.004511117305174677,0.005122833123902382,0.0032433822883372932,0.002253534904920196,0.004230929457179348
2021-07-25,78.52335173428632,102.6268862156223,83.6552850949245,54.360563274482246,-0.002829577209366718,0.0033179739688509497,-0.0022884751187617347,0.004483015775104102,-0.0005321993736471242,0.0032364641066904686,-0.0008972307059875728,0.004113390708266032
2021-07-26,78.64451230289515,102.01276093307392,83.68292504388356,54.227058408782106,0.0015429877346400112,0.0033277302039815214,-0.005984058419721383,0.004575400389505577,0.00033040290195285316,0.0032327353972602317,-0.002455913950450306,0.004007504146174971
2021-07-27,78.77182047023366,102.53040753092216,83.7070086059021,54.55579382378857,0.0016187800472102776,0.0033519456575735805,0.005074331810192234,0.004612672118763882,0.00028779541353163296,0.0031566536927861034,0.0060622026097809645,0.004132309461177788
2021-07-28,79.02947046593697,102.3265296376951,83.45091656465017,53.99969202590124,0.0032708396754732583,0.0032729208961519264,-0.001988462721808415,0.0046247294949489206,-0.0030593858927349116,0.0029210666766050575,-0.010193267459062128,0.004253269412180488
2021-07-29,79.68889207273584,101.80981251894434,83.49342944631523,54.31289988606151,0.008343996270139487,0.0036275118270877927,-0.005049688683670728,0.004577521368564109,0.0005094357667374538,0.002872778978648951,0.005800178638241782,0.004287872351696851
2021-07-30,79.78267737950569,101.748903483747,83.92115636603728,54.190896391724095,0.00117689309426261,0.0036336807679698993,-0.0005982629148443275,0.004558192104783518,0.00512288119626314,0.0029385863828334073,-0.0022463078678058856,0.004280738714143707
2021-07-31,79.66012695736629,101.78498305126791,84.06796987881951,54.18351311919324,-0.0015360530150730911,0.003615352005439033,0.0003545941654956586,0.004560734720822319,0.001749421947212948,0.002958871897736232,-0.0001362456246798427,0.0042496634988197285
2021-08-01,79.65430708150892,101.0818398095129,84.09206867229844,54.06663404446866,-7.305883231245591e-05,0.003597604578833458,-0.00690812358244286,0.004673544081853687,0.00028665844451425393,0.0029592763990262303,-0.0021570966516599732,0.004218943782772123
2021-08-02,79.23194725341756,101.2309245748104,84.05926654679763,54.45433386740604,-0.0053024104228182045,0.0036845681429282504,0.0014748916875519935,0.004687627844326902,-0.00039007395130963296,0.0027947985592219732,0.007170777870479483,0.00443523252611172
2021-08-03,79.07059021080553,100.82043374688114,84.17173879570561,54.162984846312455,-0.0020365149186090115,0.003598117232648042,-0.004054994357242214,0.004624275873200902,0.0013380113047425368,0.002798202361761279,-0.0053503367023644,0.004519023878518021
2021-08-04,78.97859031907221,101.5280967683388,84.40687234939803,54.177666818482805,-0.0011635159354198565,0.003581144515775829,0.007019043612074949,0.0048115116775386685,0.0027934976401415845,0.0027585812205556753,0.0002710702191175418,0.004521136607171671
2021-08-05,78.86026754682483,101.75148370907505,84.59921214241939,54.31800417215834,-0.0014981626257111191,0.0035676958340017024,0.0022002474964735175,0.0047134110226117396,0.0022787219531743563,0.002758725514082047,0.0025903174115216032,0.004484180008267396
2021-08-06,78.90313367461492,101.597097217519,84.51175432369232,53.93524433881838,0.0005435706614187463,0.003533022055829851,-0.0015172898313449146,0.004692214700314671,-0.0010337899906188719,0.0026650227880001126,-0.007046647592699129,0.004639444955365456
2021-08-07,78.71499158537685,101.30422540622192,84.61940567921204,53.72498610553019,-0.002384469164608105,0.003525668542439412,-0.0028826789280214093,0.004684664951800877,0.0012738033470161003,0.002643509375215323,-0.0038983458008895466,0.004660145688742721
2021-08-08,78.98776013025697,101.27460930628756,84.77228558664412,53.70325292540605,0.003465268043435721,0.0035856991043220284,-0.00029234812087652884,0.004514311706422869,0.0018066766860977967,0.0026285667734538515,-0.00040452649129507634,0.004513839025671539
2021-08-09,78.99377043386251,101.53608927422196,84.48295795438182,53.50318213820082,7.609158172883213e-05,0.0035831047265820794,0.0025818906607044667,0.004423887850960668,-0.003412997895008818,0.002737234371659182,-0.0037254873086203233,0.004447445935313627
2021-08-10,78.9975257655741,101.53637830261322,84.54467353061162,53.3220420095679,4.753959319780954e-05,0.003401600136269968,2.846558236679897e-06,0.003986183843735909,0.0007305091787046525,0.0024915361520361843,-0.003385595424306276,0.004362157087437037
2021-08-11,78.92579222613594,101.458845359319,83.91663782678869,53.25423528520405,-0.0009080479260961116,0.003390041612760137,-0.0007635976838088476,0.003984938540321243,-0.00742844791511954,0.0027359529607913907,-0.0012716453048007281,0.004310151822006312
2021-08-12,78.96911876305664,101.49400240940314,84.07510367292053,53.42638963726367,0.0005489528289632783,0.003316093768441313,0.0003465153773396512,0.003967126284500023,0.0018883722016953541,0.0027391988206893077,0.0032326884638873565,0.004337334467369747
2021-08-13,79.17087807944648,101.25999034304074,84.28490832570559,53.35961638238543,0.00255491411769726,0.003342632161325858,-0.0023056738408880895,0.003310492715310522,0.0024954432836772344,0.002688588485546012,-0.0012498178396779247,0.004311958304731087
2021-08-14,78.96967510563593,101.13448696511762,84.51924216083304,53.63452845973034,-0.0025413760550773157,0.003380804677483711,-0.0012394172416760885,0.003197635204121705,0.0027802585276821556,0.0026436946066031694,0.005152062476889485,0.004387376728338694
2021-08-15,78.82013470332596,100.30549065226572,84.4142975490811,53.40828721090384,-0.0018936433777894113,0.003315624606234862,-0.008196969577131785,0.0034738520492784493,-0.0012416653186767546,0.0026710866115654416,-0.004218201507940167,0.004424492222386379
2021-08-16,78.75590049018977,100.71917538232869,84.51844301401586,53.12312635044416,-0.0008149467566626045,0.003239380221304952,0.004124248108182904,0.003586130181521648,0.0012337420076760086,0.0026541374885750246,-0.005339262413220913,0.004462323546500897
2021-08-17,78.44604431334815,100.85851121698023,84.95169190245984,53.60078364706774,-0.0039343868194385845,0.002863499232365732,0.0013834092080542426,0.0034219218886099795,0.005126086957992548,0.0026469729696143533,0.008991513290700581,0.004755634761729494
2021-08-18,78.26381487328823,100.56407541926647,85.38050275635864,53.4568353539848,-0.002322990810499248,0.0029008475638470357,-0.0029192954978318753,0.0034112615546985025,0.0050477023387733855,0.0027421921368591096,-0.0026855632192015477,0.004678980301222462
2021-08-19,78.16402180149265,101.34839020660624,85.37666985457884,53.156974275590926,-0.0012750857079627531,0.0027252597407945536,0.007799154758494353,0.0037731626114109,-4.489200292878692e-05,0.002702359021248385,-0.005609405727223238,0.004552872486842329
2021-08-20,78.38188798566874,101.39643873358466,85.42326838993839,52.75726023712922,0.0027872949619889287,0.0026792698051822713,0.0004740926509090304,0.0037324626705281575,0.000545799402095648,0.002666795931461056,-0.007519503205532296,0.0046820845052348015
2021-08-21,78.45482985619448,100.98850980467108,85.76003209735826,53.0314783157102,0.0009305959884389203,0.002681598651471875,-0.0040231090362591315,0.003780658589209754,0.003942294807576685,0.002716666898763382,0.005197731598427291,0.004717811070754292
2021-08-22,78.51107873282064,101.35100313292249,85.3113533906395,52.96765647225208,0.0007169587484832096,0.0026739803469534354,0.003589451205414651,0.003805371731264919,-0.005231792663153434,0.0029351105717230885,-0.001203470947541252,0.004714189425926898
2021-08-23,78.72178905948535,101.52519392914736,85.22055669821954,52.92513101132783,0.0026838292132218555,0.0026791083414773884,0.0017186884277446968,0.0038250083695063383,-0.001064297878433651,0.002837398159107791,-0.0008028571350241487,0.004678612541331823
2021-08-24,78.69805602466326,101.69653188702564,85.62540789893106,52.90537599892489,-0.0003014798711465927,0.0026265030983351222,0.0016876397990222003,0.0038272402075724436,0.004750628444556648,0.002926952729087786,-0.00037326336327270226,0.004679643371304352
2021-08-25,78.79918102357853,101.53274016644323,85.9207670567529,53.1647931687798,0.001284974547320239,0.002621957109671723,-0.0016105929823090337,0.003683727506035004,0.0034494335860035807,0.002965559376345177,0.004903417941121591,0.0047865840239536125
2021-08-26,78.78297781896279,101.72677277420772,86.03243861760765,53.13881706935709,-0.0002056265611553032,0.0026058758541006545,0.0019110348784678877,0.003572607334075273,0.0012997039560993517,0.0029642949079121787,-0.0004885958897695719,0.004616298846727889
2021-08-27,78.85406506013958,101.62940590274802,85.57872806587133,53.71644574050209,0.0009023172663025214,0.002538624092733377,-0.0009571410633050226,0.003560303545854006,-0.005273714880417946,0.003091583872462351,0.01087018309781107,0.004748754366051428
2021-08-28,78.72406756701218,101.86555584879704,85.56742899838466,53.76297255847544,-0.0016485832788486476,0.001993462817922905,0.0023236379663087448,0.003468848387653105,-0.00013203126223115813,0.0030961942104691226,0.0008661559291938126,0.004618716259656476
2021-08-29,78.1570033214649,101.0971557161636,85.39455417235118,54.03381252381447,-0.007203187831530511,0.00232402116260117,-0.007543277275922522,0.003733464421438034,-0.002020334466713236,0.003028023874097739,0.005037667235464838,0.004705090215447833
2021-08-30,78.13884774512798,100.93722912229522,85.49881050679207,54.24217696968666,-0.00023229621870546335,0.0023197124368879354,-0.0015819099235331313,0.0037401467543280178,0.0012208780226250493,0.0030225464433732726,0.0038561862681882886,0.004759766520443564
2021-08-31,78.48587584174152,101.6496885335533,85.26109712021662,54.24477043146837,0.004441172433786944,0.0024973624919018104,0.00705844035400327,0.0037548448832742647,-0.002780312207461222,0.003083610973914423,4.781264187014855e-05,0.004741547197822246
2021-09-01,78.71485388119044,101.34784461944128,84.96155149086292,54.11296930464951,0.00291744262255067,0.0024001275309502956,-0.002969452424956387,0.00379005692684714,-0.0035132743944327194,0.003165116067657031,-0.0024297480802388804,0.004570184004202919
2021-09-02,78.9519951512248,101.11615249834604,84.35664805973984,54.20597295482244,0.003012662265654553,0.0024446446832593802,-0.0022861080269169776,0.003737460602755396,-0.007119731460978884,0.003439826584674417,0.0017186942680844641,0.004476735792363347
2021-09-03,79.25214845525011,100.95040415464356,84.73158710110626,54.34208716865863,0.0038017190502961373,0.002532941463909928,-0.00163918760363424,0.003512629478621287,0.004444688711444433,0.003497487132724867,0.0025110556349505764,0.004499412208191545
2021-09-04,79.27829021447316,100.47697213970316,84.62417003639487,54.21304741720067,0.00032985552735920187,0.0025146340723599158,-0.00468974858401916,0.003576021875540322,-0.0012677334201613988,0.0034823953817628,-0.0023745821734352246,0.0044963735992341
2021-09-05,79.33012132213078,99.61125646196948,84.68279768503326,54.26528380459659,0.0006537869007694486,0.0025152650543460555,-0.008616060568883421,0.003873999883962219,0.0006928002793193944,0.0034787181283497865,0.0009635390350579698,0.004300420139534651
2021-09-06,79.18766601642638,99.54965007592364,84.69377925063628,54.57854469963271,-0.001795727818516002,0.0024967712373139975,-0.0006184681152913152,0.0038510006362158277,0.00012967882383696505,0.003471366340563133,0.005772768021708563,0.004343916109899631
2021-09-07,79.1182838447396,99.63463752242524,84.38896466806895,55.09667735256419,-0.0008761739697239479,0.0024259559840259723,0.0008537191887343365,0.0038595766924598126,-0.0035990197304254234,0.003516246059665538,0.009493339475850293,0.004636172559441473
2021-09-08,79.27073429175395,99.64380449180074,84.03126839251586,55.31549261913353,0.001926867464839388,0.0024498500658699353,9.200584860291627e-05,0.0038167324158967252,-0.004238661736875704,0.003545813528985958,0.003971478446316068,0.004586103051023045
2021-09-09,79.56217580054656,99.61608742696154,83.75277339972374,55.78497781170367,0.0036765334823309903,0.0025343090843804126,-0.00027816144697156986,0.0038154961651659723,-0.003314182900241991,0.003586947905374592,0.00848740868679787,0.004694787070879461
2021-09-10,79.5317805346613,99.66355761714934,83.56028984154477,55.630225415925466,-0.0003820316070975993,0.0025278999545990544,0.00047653136570535715,0.003820704235162643,-0.002298235035875229,0.003350227267619613,-0.002774087251599444,0.004733414472797872
2021-09-11,79.42754221859076,100.10120323367144,83.68862254357994,55.81002771132012,-0.0013106498480203177,0.0025432743996290246,0.004391230124488388,0.003924760730514727,0.001535809680393907,0.0033434913114819354,0.0032320971926742548,0.004733406867845227
2021-09-12,79.43171191473463,100.05060791212937,83.47567079143445,56.1492990875273,5.249685471064858e-05,0.0025039756884326727,-0.0005054416920839966,0.003909189587112305,-0.0025445723166801493,0.003332682852779343,0.0060790397374836935,0.0047772847823497454
2021-09-13,79.579032914377,99.84703650604638,84.00783126892833,55.92404662508772,0.0018546874553138082,0.0024717253062465426,-0.0020346843495621103,0.003917813875197188,0.006375036851437699,0.003507873261967965,-0.00401167006712666,0.004842207251373102
2021-09-14,79.2372681729108,99.76293979386942,84.32745730770534,55.80432749033517,-0.004294658139838314,0.002580324372577968,-0.000842255465157149,0.0036342052163413803,0.003804717178733208,0.0035763444380933354,-0.0021407452067111477,0.004773372482929243
2021-09-15,78.69711652088256,100.02315012888396,84.58107798223887,56.2438986667792,-0.006816888876702953,0.0028758209905631054,0.0026082865596401827,0.0035825457273187546,0.0030075693330593456,0.003612407738747826,0.007877008759225035,0.004732495975377281
2021-09-16,78.57707428447138,100.6146099585346,84.55864096033507,55.99780857723894,-0.00152537020056287,0.0027952828627936122,0.00591322937628469,0.003744469731133531,-0.0002652723568800086,0.0034819445118167884,-0.004375409517719198,0.00467217567663693
2021-09-17,78.30022198875145,100.3825568790989,85.02002208144258,55.66194012280037,-0.003523321506189614,0.0028388116667481555,-0.0023063557025300163,0.003730053359680785,0.005456345038988175,0.003503705254930111,-0.005997885684674742,0.004810841575705023
2021-09-18,78.19394130835609,100.44533643987194,84.9645711390821,56.048610178981335,-0.0013573483918171148,0.002840144584924044,0.0006254030852057557,0.0034269068832971823,-0.000652210397068087,0.0035049204291382665,0.006946758509098094,0.0047291422561739314
2021-09-19,78.17321448042445,100.60374507592458,84.9652104479075,56.35226271965346,-0.0002650694872881054,0.002791728027861439,0.0015770631237566057,0.00344130260702292,7.52441655182956e-06,0.003502584400567959,0.005417664054513827,0.004432648988787279
2021-09-20,78.08106155976142,100.22524600426824,85.0257372239978,56.46195017345884,-0.0011788298751115311,0.0027918290170739824,-0.003762276159507638,0.0034317727546602783,0.0007123712843317698,0.0034203928528817686,0.0019464605059615891,0.004396662736691301
2021-09-21,78.4361823831019,100.25809962125952,85.24411505895489,56.449828209826784,0.00454810444743603,0.0029178856393849355,0.0003277978184246244,0.0033568830463547097,0.002568373319501882,0.0033262440469802625,-0.00021469261325213207,0.0043746889701556275
2021-09-22,78.52528551414838,99.69468837584488,85.4418744270084,56.33799617906132,0.0011359952554967911,0.002881747548716851,-0.005619608266494325,0.0034660880482461033,0.0023199181306150507,0.0033469610620135153,-0.001981087176205043,0.00440713123230103
2021-09-23,78.60764636153392,99.0191043738345,85.30590311687513,56.40967396113488,0.001048844927417747,0.0028886945712429794,-0.006776529552542043,0.0036147164391904713,-0.0015913895972569092,0.003241173513676965,0.0012722813542345168,0.004385544735658806
2021-09-24,78.76536304495228,99.20075086787573,85.15408018748272,56.810494595828345,0.0020063783959767267,0.0029030224170926845,0.0018344590691856677,0.0036453848883882707,-0.0017797470496784262,0.0031827028948347015,0.007105530072193389,0.004451167875050862
2021-09-25,78.50607197063147,99.08310405461695,85.35343939219345,56.86900482565767,-0.0032919428578375154,0.0029642268485365495,-0.0011859468021110375,0.00361059320164054,0.00234115857128403,0.0032062761800648017,0.0010299193880565216,0.004427844257667418
2021-09-26,78.76266060118073,99.19909884617768,85.57411860188756,57.42074180388506,0.0032683921651976977,0.0030230689143745004,0.0011706818500234473,0.0036296924588416096,0.002585475304399898,0.0031017939301531744,0.009701892620045616,0.004354152807210372
2021-09-27,78.75468007543321,99.22673811646342,85.46149753054729,57.18271665966998,-0.00010132371972448873,0.0030077372274271235,0.0002786242073489209,0.0035879677238243412,-0.0013160646370687923,0.0031110884249606536,-0.0041452815957695455,0.004502079216228368
2021-09-28,78.92311902931529,98.87369765464904,84.99294231801373,57.17303857519863,0.0021387802441803494,0.0027025114231984675,-0.003557916631301783,0.0034012212455569596,-0.005482646876929342,0.0032484044365195096,-0.00016924842044396815,0.004483954794946085
2021-09-29,78.67810173258812,98.8936912784659,84.94146596106494,57.07250401183691,-0.003104506002051921,0.0027730282234393285,0.00020221377667795082,0.0034015077094088323,-0.0006056544878302317,0.0032388882975706713,-0.0017584261020076042,0.00451628319105479
2021-09-30,78.32207249053106,98.443632989972,85.1375129659366,56.78984156538017,-0.004525137671307022,0.002786990354667017,-0.004550930222905869,0.003141707579020857,0.002308024739783976,0.003233030092057638,-0.0049526904654142445,0.004669305382587603
2021-10-01,78.52774482155704,99.0333707598446,85.6845745841043,56.748378793495625,0.002625981725022042,0.002776721058480212,0.005990613633008346,0.003371692595782501,0.006425623665875513,0.0033714597704443535,-0.000730108955081521,0.004629619839172547
2021-10-02,78.62838168354934,98.53266917057232,85.32981393738037,56.85284978375217,0.0012815452961367768,0.0027278879973178767,-0.005055887580424634,0.0034517728447271256,-0.004140309366602701,0.0031844180422597947,0.0018409510981223232,0.004629784732495713
2021-10-03,78.426831160006,98.49672112728952,85.20997718539756,56.984271574459136,-0.002563330431427424,0.0026579096104261384,-0.000364833750931548,0.0034496504643742533,-0.001404394858645075,0.003105515485263016,0.0023116130714089245,0.004628575590045834
2021-10-04,78.2350431472771,98.12765974029968,85.10246440810015,57.53739083154815,-0.002445438759824725,0.002681784602998298,-0.0037469408399178894,0.003417267767329503,-0.0012617393038786284,0.0031054184982360553,0.009706525007804556,0.004793972047328002
2021-10-05,78.5135289854057,98.39662566556132,85.51587754999177,57.6509890317603,0.0035596048385166945,0.0027734850015267458,0.002740979719413117,0.003137145606973105,0.0048578280872002555,0.0032195601888778016,0.0019743370106011238,0.00479000981760138
2021-10-06,78.24562413432585,98.3087492453388,85.51155538884069,57.942042604597454,-0.003412212577142526,0.002818063558264898,-0.0008930836766821715,0.0031381931134111946,-5.0542206604275997e-05,0.0032201176059185126,0.005048544313382308,0.004772291437807095
2021-10-07,78.64556910283582,98.14821164246143,85.24622391495296,57.95022996400602,0.005111403646335333,0.0029896194510517105,-0.0016329940530189768,0.0031364144873403193,-0.003102872736686968,0.0032004814913090037,0.0001413025678855817,0.004567414089262546
2021-10-08,78.44440154545687,98.52812139836496,85.4214323389298,58.37873511883844,-0.0025579007142272348,0.0029919646928286995,0.003870776140959986,0.003235172983719706,0.0020553218187311373,0.003094394533481018,0.007394365045636064,0.004667898968193626
2021-10-09,78.60755219033774,98.58112408172,85.30754144882738,58.997160980718526,0.0020798252222795632,0.0029315530130799485,0.0005379447268738513,0.0032394020052732126,-0.0013332823740362931,0.003029511868165738,0.010593341233262166,0.004786136196000311
2021-10-10,78.54176161161554,98.8257771210436,84.95006625649428,59.122731427314974,-0.0008369498462806879,0.0029326432335294627,0.002481743250571933,0.00327735979098368,-0.004190428961635573,0.003110918202495829,0.002128415071319889,0.004704789500089503
2021-10-11,78.69614472236528,98.47649122684508,84.69577268444414,58.84243437030919,0.0019656181320855115,0.0029589587837296188,-0.0035343602081743253,0.0032068306381891325,-0.0029934476011159727,0.003170984880463575,-0.004740935512263622,0.004857965133093097
2021-10-12,78.57879670815099,97.96508781255449,85.2231241485848,58.68264728554078,-0.0014911532785790715,0.00296595757218652,-0.005193152273394452,0.0033173736342762827,0.006226420132034782,0.0032918226413542508,-0.0027155077195283317,0.004854733574864319
2021-10-13,78.55248192725603,98.05387661511108,85.34668535370997,58.74360993417351,-0.000334883989032031,0.0029364870879024954,0.000906331066905075,0.003319922383563083,0.0014498553809145776,0.003117003482396013,0.0010388530758691505,0.004743910291894783
2021-10-14,78.57443380586624,97.9747940350194,85.38684200516781,58.850426302411584,0.0002794549334614871,0.0028461866929284886,-0.0008065217084899379,0.0033198383460726136,0.00047051213871296405,0.0030551109057584806,0.0018183487252105834,0.004689525330734532
2021-10-15,78.35037967627886,98.26702874738436,85.31983836655394,59.020880333143054,-0.00285148894793108,0.0026146061571826577,0.0029827540363136507,0.0033329848632742093,-0.0007847068358590725,0.003022669773203752,0.002896394154488613,0.004552533170490496
2021-10-16,78.5384615701279,98.27964637534188,85.4153733367866,59.127553511447545,0.0024005230686325874,0.0026411888708855326,0.0001284014396116806,0.0031035163646520613,0.0011197275107603932,0.0030244042813970754,0.0018073803322209425,0.004409570597954215
2021-10-17,78.43009202876016,98.40419796178996,85.506687823573,59.11320388640253,-0.0013798276564275236,0.0025710137849724074,0.0012673182194042898,0.0031113936256136105,0.0010690638373300754,0.002870665883006427,-0.0002426893079929826,0.004176585881618502
2021-10-18,78.38973358581421,97.80799398346484,85.60094034375297,58.92785299715307,-0.0005145785488960275,0.0025595895945065045,-0.0060587250409441795,0.0032524040326595816,0.0011022824363684514,0.0028706982494458556,-0.003135524334049844,0.004171756628283416
2021-10-19,78.16967636711553,98.59519346684294,85.64141324402871,59.0192548724276,-0.0028072198824069527,0.002613151174076913,0.008048416610110465,0.0036154241719093894,0.0004728090615968572,0.002870584624182896,0.0015510810359737892,0.00411158193440927
2021-10-20,77.58429525596156,98.57145414388444,85.90760243730537,59.49638523210199,-0.007488595813097465,0.0029443876229426295,-0.00024077566181246457,0.0035682788071068955,0.0031081830996666504,0.0029163277931753134,0.008084316901420197,0.00428116839090317
2021-10-21,77.55981207196942,98.88778546198022,85.9181020788452,59.75096399366342,-0.00031556881339678267,0.0028040024738657508,0.003209157466968371,0.0036309019624917774,0.00012222016727192475,0.002886150495694121,0.004278894601214667,0.004288469714804135
2021-10-22,78.14138503559629,98.5953795360496,85.62753599547548,59.87464734752818,0.0074983802576418235,0.003142110436974471,-0.0029569468520763698,0.003531414016786213,-0.003381895972318638,0.002933618976683607,0.0020699808939965703,0.004225195185751082
2021-10-23,78.34117386259786,98.7579577369251,85.4500345148091,60.13118333143483,0.0025567607601344466,0.003173990642651204,0.001648943405264225,0.003333282686275895,-0.0020729485977005746,0.0029443578106997867,0.004284551062449626,0.0042420771619100925
2021-10-24,78.35102597612095,98.28288359816293,84.86575291645876,60.0082820053762,0.00012575907453693524,0.0031492596713316714,-0.0048104897027912985,0.0034211193842022146,-0.006837698798694891,0.003188089488551776,-0.0020438867031972174,0.004201515330609811
2021-10-25,78.30358080339661,98.50469936774266,85.4803286046631,59.84932327811247,-0.000605546285236902,0.0030951867630479002,0.002256911493222491,0.0034481582433101114,0.007241739654502588,0.0034339815218008343,-0.0026489464779126948,0.004278816243832763
2021-10-26,78.32361396003887,98.4064710332267,85.74588591462994,59.62723229676307,0.0002558395980964967,0.003030961102809111,-0.000997194399317447,0.003441381800978469,0.0031066482113681904,0.0034485110077502254,-0.0037108352974581926,0.004112792199447124
2021-10-27,78.46681828283523,98.46094198312085,85.50200657720558,59.57432338922257,0.0018283671495218368,0.003053124370381083,0.0005535301624195466,0.0034432355369943767,-0.0028442103644152894,0.003480864592989306,-0.0008873279121387467,0.0040066274217464126
2021-10-28,78.20244961481704,98.7783269450444,85.42501649113053,59.4422340892893,-0.003369177874210094,0.0030782680429682577,0.0032234605472083455,0.003441349726529409,-0.0009004477106103748,0.00332819321471021,-0.0022172186341131717,0.004051036688600446
2021-10-29,78.47953917147632,98.33085204236468,85.24265335034241,59.74730995972557,0.0035432337225249633,0.003108629088093331,-0.004530091939385361,0.003537619566274009,-0.002134774428835584,0.003352174079879801,0.005132308284005793,0.004066604508207981
2021-10-30,78.66155479128206,98.10538856781751,85.71251339113306,59.59947504603012,0.0023192748291760434,0.003021037415874472,-0.0022929067516879176,0.003464779019886492,0.005512029744775271,0.003473036524017166,-0.0024743358955424677,0.003953856833103258
2021-10-31,78.84326752146396,98.33075106857316,85.2922772279455,59.36508284875779,0.0023100576979955267,0.00301264284748182,0.0022971470175654485,0.0033023828140332297,-0.004902856614061535,0.0033910892619010294,-0.003932789627615119,0.004061235183512944
2021-11-01,78.95785262329535,99.19984179881256,85.33577528655653,59.86639424368515,0.0014533276642827442,0.003015053484533532,0.008838442916329514,0.0035662943520649647,0.0005099882430712466,0.003307530961105509,0.008444549739861973,0.0042540751167288535
2021-11-02,78.97252797540226,99.1806527779768,85.3123685147679,59.72401327242119,0.0001858631107525266,0.0029713995176535403,-0.00019343801852700349,0.003565443921100061,-0.0002742902576325923,0.0032973144941799678,-0.0023783121242345606,0.004317732090660978
2021-11-03,79.14190039645554,99.45097937366047,85.56851190869095,59.74539731743386,0.002144700510360309,0.002946670987508633,0.0027255980688978276,0.003511491045211612,0.0030024180360050945,0.0033307679724933433,0.00035804769038438877,0.004039021313039835
2021-11-04,79.29109816587727,99.44166861715172,85.54450319420262,59.84672784491567,0.0018851931615786466,0.0029000221235143046,-9.36215667999285e-05,0.0034858343871035443,-0.0002805788479055549,0.00321232895485047,0.001696039059601917,0.0040376526899097405
2021-11-05,79.21444587946964,100.24758577871916,85.02547973248834,59.51995809065922,-0.000966719949410666,0.0028245164767482654,0.008104421142310025,0.0037514226382070167,-0.006067291787714257,0.0033990346684046493,-0.00546011061963525,0.004151398125894884
2021-11-06,79.0863429149086,99.57253896195864,84.96256208191495,59.83228415877791,-0.001617166706637807,0.002703201186284484,-0.006733796245732782,0.003968169623953662,-0.0007399858344973032,0.0033561822986936008,0.005247417473697835,0.004223090282600328
2021-11-07,79.11976393302348,99.64237143959562,84.68585903006128,59.98327683365639,0.0004225889942950367,0.0026530369424845462,0.0007013226574814624,0.0039168603998451035,-0.0032567644509930993,0.003378297362362507,0.0025235987059726295,0.004062311707455988
2021-11-08,79.49647762942831,99.0259760047758,84.72418674809033,60.38242036938396,0.004761309661183155,0.0027585185469817734,-0.006186077528207878,0.004095938742286392,0.0004525869899418833,0.0033748798005914303,0.006654246930097862,0.00379336112833365
2021-11-09,79.2070967623663,98.07054320936052,85.16394174201086,60.17380882408376,-0.0036401721899044226,0.0028471657358750484,-0.009648304757624349,0.004442695015287027,0.0051904303930121465,0.003428781001305782,-0.003454839074420013,0.0038613214537442427
2021-11-10,78.86682961136013,98.23369497257036,84.65631626512223,60.1779392736903,-0.004295917473493893,0.0029474676201124783,0.0016636163915351165,0.004411281744927598,-0.005960568129014021,0.003561019503166366,6.864198373435215e-05,0.0037297517696462065
2021-11-11,78.91695253865944,98.333469714756,84.43434640150943,60.16586269804565,0.0006355387625736064,0.002934009617131846,0.0010156875623328343,0.004307193421425121,-0.0026220118404117754,0.003389005240128229,-0.00020068110989512888,0.0036769463544037454
2021-11-12,78.93979728010999,98.26548338234016,84.28803217789792,60.21465594889602,0.00028947825170200225,0.0029326854040633782,-0.0006913854724445168,0.00430719322011217,-0.001732875658393196,0.0033820067562171444,0.0008109789947705615,0.0036767544256874098
2021-11-13,78.99151286203376,98.26845374415984,84.1937186935486,59.797542415358826,0.0006551268651002751,0.002933978943716734,3.0227926606896105e-05,0.0043039569660551676,-0.0011189427717360756,0.00338017955803729,-0.006927109803486875,0.003933527659921354
2021-11-14,79.05963207055031,99.53102141715628,84.4309111065328,59.80706139135017,0.000862361107522025,0.0028794748506782587,0.012848148361869205,0.004870693792256689,0.002817222195013569,0.0034319480522213793,0.00015918674257919818,0.003908646956885978
2021-11-15,79.01651721873509,99.46097513519608,84.39682150373889,59.40279189127778,-0.0005453459709595654,0.0028556609608527536,-0.0007037633188412551,0.004874883022836681,-0.0004037573721181742,0.003420805572749414,-0.0067595613405418975,0.004113527757365108
2021-11-16,79.37989314674776,99.69736231228306,84.53716932884386,59.48075874775236,0.00459873379393283,0.0029482671004164964,0.002376682681480391,0.004885807226998426,0.0016629515496475733,0.003431267578754971,0.0013125116512584523,0.004118036078981445
2021-11-17,79.00606664955423,99.46958680087444,84.36843200049057,58.89269304880258,-0.004709334850104274,0.003089497191063571,-0.0022846693846839683,0.004759478715498356,-0.0019960134659454676,0.003431917676953921,-0.009886654295108599,0.004476314113805197
2021-11-18,78.82007371668527,99.6204564133722,84.45418290111932,58.387334125418505,-0.0023541601392961242,0.003075031698486757,0.0015167411200749381,0.0045505137162962245,0.0010163860889136345,0.003438537188949283,-0.008581012299187951,0.004729523295314683
2021-11-19,78.80752060694118,99.55749952591512,84.70129182516386,58.59082500203564,-0.0001592628521157602,0.002705410879463239,-0.0006319674665596908,0.004552839368815258,0.0029259524579601237,0.0034321724264781716,0.0034851886914382124,0.0045165142738324586
2021-11-20,78.43103828586867,99.42662445936512,84.49940514360232,58.433839818697145,-0.004777238494156566,0.002870797483678194,-0.001314567633510455,0.004529452047534155,-0.002383513606596166,0.0034478284008676112,-0.0026793475485802354,0.004440598617321899
2021-11-21,78.404605783471,100.18390051473274,84.74741612525133,58.16222868497071,-0.0003370158418829483,0.002537597981826996,0.007616431307864824,0.004684758433386067,0.002935061864962618,0.0034617249512036235,-0.004648182193214834,0.004463698391656918
2021-11-22,78.81059834280829,100.68222453308564,84.77787409219681,58.484633589773225,0.005178172318836882,0.0026664326685500147,0.004974092801264263,0.004750685869694669,0.00035939699802134406,0.003448159771228067,0.005543200666342951,0.00452022187071999
2021-11-23,78.82765242278975,100.7590199513259,85.10280583739107,58.558706014556265,0.00021639323060695936,0.0026663939539241263,0.0007627505112883792,0.00463723125436564,0.003832742312468218,0.0032928306758459613,0.001266527979000509,0.004532108843589236
2021-11-24,78.8942383201145,99.85133030603154,85.05487198888315,58.77591570051757,0.000844702274876985,0.0026643261576195496,-0.009008519988908503,0.004963214504793344,-0.0005632463940086208,0.0030046882353126584,0.0037092637584463795,0.004591179654994273
2021-11-25,78.60753806809417,99.73703080789294,85.18087720042948,58.71802746010386,-0.0036339821275291895,0.002757260652264869,-0.0011446967986133982,0.004964785359992072,0.0014814578941790835,0.0029580132209378537,-0.000984897295495446,0.00455416962120954
2021-11-26,78.4760016511015,100.84641813672904,85.18027788729093,59.41250700862315,-0.0016733308309277994,0.002756753389726229,0.011123123676830993,0.005333045957294643,-7.035770917651618e-06,0.0029161497101291944,0.0118273650965397,0.005078521105073877
2021-11-27,78.4025394100902,100.77357388417371,85.16315563047576,59.23304147662415,-0.0009361109060819217,0.002688941256794721,-0.0007223286052318034,0.005320163552798531,-0.00020101198587108016,0.002912501368703909,-0.00302066923338129,0.005092290080626374
2021-11-28,78.3432867198398,101.2392199644931,85.25209020372873,59.68130971762178,-0.000755749631277558,0.0026119407245137637,0.00462071614979731,0.005273238507885497,0.0010442846157423524,0.0028936208505263876,0.007567874784456752,0.005197004818993391
2021-11-29,78.66048486119892,101.83949708792228,85.42332292820177,59.64530553087349,0.0040488235130273775,0.0026842321621157036,0.005929294236361349,0.005310509723802243,0.0020085457619143376,0.0027298798150723847,-0.0006032740722118346,0.005177773668488938
2021-11-30,78.80567769747555,101.93905496829714,85.0593942970858,59.18193498214952,0.0018458166960555467,0.0026717827418837447,0.0009775959546314272,0.0053070831437358945,-0.004260295884554233,0.0026932454485105737,-0.00776876813019467,0.005324514646650446
2021-12-01,78.55542408638583,101.60517819681051,85.49897076419155,59.29412855408635,-0.003175578440558713,0.0027174846182036155,-0.0032752586493024483,0.005166060667990805,0.005167876761154044,0.002858101146097744,0.0018957401776515947,0.005091736227220049
2021-12-02,78.6280019396925,100.62818442107483,84.95160342943603,59.36102348498145,0.0009239063266575087,0.0027241195004257556,-0.00961559039681259,0.005504600181922064,-0.006402034198343398,0.003092714578345535,0.001128188111139572,0.005082801452700128
2021-12-03,78.75949710252418,100.92606945857789,84.76175917191219,59.062685312579234,0.001672370651521149,0.002711783711905454,0.002960254517328398,0.005508040727724624,-0.0022347342470296905,0.003057020638347317,-0.005025825952574725,0.005157259134454749
2021-12-04,79.0418951237583,100.61673434010908,84.74919203539008,58.80192499815034,0.0035855742053114703,0.002773037052777171,-0.0030649674571520125,0.0055457724520659515,-0.00014826422486846624,0.003057161773065724,-0.004414975598364013,0.005193393693291795
2021-12-05,79.42754689668067,100.71029132629148,84.88705906225165,58.78134449529717,0.004879080547329329,0.0029120281538858187,0.0009298352485398453,0.005353736496497805,0.0016267650882617612,0.0028745179414658706,-0.0003499970936975405,0.005110749628747597
2021-12-06,79.19356779416174,100.2285778649614,85.36980508660095,58.85994224421507,-0.0029458180651517063,0.002948816065241254,-0.0047831602409865726,0.0052783462098609435,0.005686921300869674,0.003055160256097838,0.0013371206390861978,0.00501054088008548
2021-12-07,79.0106988451052,100.14875438993803,84.8250268614497,58.19114415173582,-0.0023091389130471818,0.0029789171320032835,-0.0007964143233769594,0.00528084027293629,-0.006381392397447949,0.003224372123793692,-0.01136253395737885,0.005348362239251781
2021-12-08,78.72385509653097,100.18957880590844,84.68937138257328,58.45657911514855,-0.0036304418612542744,0.0029054490057365467,0.00040763778061037037,0.005142031882873283,-0.0015992388555089443,0.003237486971907092,0.004561432281183553,0.005258012112924043
2021-12-09,78.68209112412428,100.32416314837393,84.07519761597527,58.31456800384311,-0.0005305122869742052,0.0028376449554945904,0.0013432968185864702,0.00478005625143174,-0.007252076105554783,0.003343728306854338,-0.0024293435136822916,0.005245267757403551
2021-12-10,78.80604453087822,99.90244237079594,84.10584473619177,57.95402593642463,0.0015753700109266688,0.002747723453202176,-0.00420358131424714,0.004861508176706587,0.00036452034708833736,0.0031778427263004796,-0.006182710080176124,0.005323610165208315
2021-12-11,79.05242960352699,100.41052288375224,84.20696151218449,58.190539933059725,0.003126474296679449,0.0028053121412570416,0.005085766682965787,0.004930587327233125,0.0012022562321309938,0.0031544740040685944,0.0040810624078913005,0.0054091631233831
2021-12-12,79.04551649770634,100.19564226345956,84.69617213392857,58.17403626609752,-8.744963128037853e-05,0.002805097534952398,-0.0021400209273030324,0.004951820077944463,0.005809622066381026,0.003315097641171156,-0.0002836142606890135,0.005399525737699229
2021-12-13,78.9808670178838,99.5515257405987,84.74832147529368,58.48219100823455,-0.0008178766195351406,0.0028070025060766613,-0.006428588193158946,0.005117790817539316,0.0006157225297342972,0.003307024736482089,0.005297118128910316,0.005408552696702264
2021-12-14,79.02856957194203,99.54135665140622,85.07400578695004,58.585376808414814,0.0006039760749578793,0.0028046584996516233,-0.00010214900391369852,0.00455024188304661,0.0038429588455188846,0.0033398978375956227,0.0017643969625853462,0.005425535484374146
2021-12-15,78.84198899400182,99.58841046745012,85.26119558572526,58.57228491329004,-0.0023609256620842345,0.0028360371552563633,0.0004727061959650669,0.004548916819183922,0.002200317206691782,0.003355897362945755,-0.00022346694410768642,0.005302552153289128
2021-12-16,79.34912814093887,99.68532001798788,85.14314163083638,58.51941920170357,0.006432348465684079,0.0029572868289601175,0.0009731006859421409,0.0045313741713461754,-0.0013846152880906404,0.00336075392926465,-0.0009025721237396755,0.005292495309269382
2021-12-17,78.97544187300247,100.2604868683586,84.73613877968072,58.634249619186576,-0.004709393495447967,0.002957290043369882,0.00576982498794143,0.004628550473612158,-0.004780218856855756,0.003461660501277833,0.001962261742332272,0.00500439822461247
2021-12-18,79.03117888187768,100.19213194699304,84.83400368549688,58.51215761640795,0.0007057511493868684,0.002926210437671608,-0.0006817732837792745,0.004625605463978458,0.0011549370460532948,0.0034629473674576234,-0.0020822642665606628,0.004760897597559032
2021-12-19,79.52254303175137,100.17135434641986,84.40651414740941,58.27543580354679,0.006217345569501154,0.0031316147714807005,-0.0002073775671743716,0.004623617776974813,-0.005039129588558566,0.0035475118796071104,-0.004045685930999965,0.004773800695458411
2021-12-20,79.53195541779749,99.75671351076724,84.80827110354043,58.42457482750615,0.00011836123050490421,0.002981562736487783,-0.004139315459574133,0.004684211601501723,0.004759786139602706,0.0036284653655115594,0.0025592090715911286,0.0047746144602750056
2021-12-21,79.49437454503007,100.1155726792354,84.77602303768599,58.374888462910704,-0.00047252544678422215,0.0029829283289289805,0.003597343535474584,0.004516937738023155,-0.0003802467074830451,0.0035903096704432503,-0.0008504360492505025,0.004696677815630265
2021-12-22,79.4172319858845,100.217362508503,85.146824999851,58.37231047664636,-0.0009704153229342927,0.0028564406633245863,0.0010167232383890834,0.004423086876593153,0.004373901356521381,0.003677253605607667,-4.4162589980412115e-05,0.004584146728452806
2021-12-23,79.38300564911518,100.07599995224136,85.01685132272465,58.6470867558316,-0.00043096864387570655,0.0028592219365733426,-0.0014105595350271116,0.004425507248435925,-0.0015264653394484462,0.003622002513026732,0.00470730517503104,0.004660726207178041
2021-12-24,79.7190137216842,99.3419657333326,85.11112185534512,58.60399455787228,0.00423274565911802,0.002949498503632309,-0.007334767769086037,0.004320151341380156,0.0011088452601311083,0.003626334148551642,-0.0007347713303941239,0.004611125119501936
2021-12-25,79.19650221389887,99.95145120219664,85.1870193931479,58.59518581542816,-0.006554415106156952,0.003128327945109849,0.00613522658188681,0.004465045173835653,0.0008917464151370069,0.003619778415493262,-0.0001503095908490515,0.004608040005031205
2021-12-26,79.57144174568475,99.49029047612842,85.18653946716947,58.42435453584204,0.004734294082499035,0.003209908724040513,-0.00461384722804381,0.0040258953227184854,-5.633792353076927e-06,0.00361977821382821,-0.002915449063071951,0.004048837757692241
2021-12-27,79.2392467926593,99.28913305159104,85.07054481331643,58.52592186943957,-0.004174801231918934,0.0033115832744914087,-0.0020218799600917325,0.004035979585733475,-0.0013616547236050547,0.0036282903265077364,0.0017384416893337917,0.004041963312848032
2021-12-28,79.18622812428073,99.46755256946612,85.201420237242,58.60576503782335,-0.0006690960669691881,0.0033106148936173953,0.0017969692391450742,0.003944654469067574,0.0015384340633151083,0.0036344514815297886,0.0013642359801167014,0.0037702297379579113
2021-12-29,79.09508483325241,99.0258928537226,84.93821294208999,58.83055150920477,-0.0011509992733239605,0.0032464366910246625,-0.004440239096413667,0.0038064310111611457,-0.0030892360059153745,0.003655764740595062,0.0038355692692748633,0.003856181889916122
2021-12-30,79.24632090974927,98.4729681997326,84.5938918970138,58.66309492620711,0.0019120793259870261,0.0032476252840367187,-0.0055836371483845015,0.0038810224836123538,-0.004053782545565654,0.0036480093759312885,-0.0028464221174513415,0.0036323084141616814
2021-12-31,78.87683446725931,97.68027532794932,84.97999130302287,58.52912496415597,-0.004662505946626205,0.0033114947841318696,-0.008049852525776058,0.004064927411808867,0.004564152296942625,0.003619061162910355,-0.0022837179357765303,0.0036258451972698046
2022-01-01,78.99955932456714,98.01331019773886,85.2112491507523,58.725462601812914,0.0015559049515199153,0.0033186469557191325,0.00340943827882767,0.003835731180538011,0.002721321150820133,0.0034594335684290244,0.0033545288397389683,0.003681122837706748
2022-01-02,79.49177512734329,97.8478289722844,85.2439969411239,58.77862620021993,0.006230614537403811,0.0034900796051541135,-0.0016883546236792224,0.0037689725611857626,0.00038431299503272065,0.003431218565454546,0.0009052904149515761,0.0035793229246077235
2022-01-03,79.17535917158196,99.04335940458624,85.75367087425799,58.525119222130265,-0.003980486726512744,0.003518799904684726,0.012218262222664977,0.004454322813392543,0.005979000884790864,0.003588834092675835,-0.0043129109078891,0.003575179780380576
2022-01-04,79.2316027011461,98.68803659091743,85.6819328517003,58.856954879642345,0.0007103665856729169,0.0034024093869412983,-0.0035875480779820057,0.0044800542611356945,-0.0008365592029626612,0.003587955948536963,0.005669969782592155,0.0037292527400491896
2022-01-05,79.08504391700143,98.36629817134828,86.08788015284841,58.392827795599054,-0.0018497516035044237,0.003376323294918942,-0.003260156252807289,0.004440245825984871,0.004737840144791505,0.003542875619140923,-0.007885679525765354,0.003990453295663393
2022-01-06,79.19806305839421,98.1888938814158,86.14666770687492,58.5874567693517,0.0014290836268788798,0.0033586333889882598,-0.0018035068232765683,0.004445464996754719,0.0006828784019554668,0.0033117173298094675,0.0033330972501268707,0.0034449849543442554
2022-01-07,79.21375493703052,98.33112908400436,85.84312541636457,58.24126078765445,0.000198134626407942,0.003284532067328952,0.001448587482412611,0.004458041715980436,-0.0035235523159548032,0.003372277587645548,-0.0059090460789270605,0.003520795849688181
2022-01-08,79.07237680793682,98.19162232181466,86.4064413255869,58.72496209540567,-0.0017847674208359976,0.003302244555594575,-0.0014187446385418578,0.004444719552288517,0.006562155169561601,0.0032232301812086727,0.00830513112541964,0.0038111838528547505
2022-01-09,79.20031742973154,98.4788909096095,86.70936121106767,58.30332092072137,0.0016180191738195404,0.003302879463022516,0.0029255916238286606,0.004441874865174761,0.003505755830625512,0.003255520114889384,-0.007179930980615978,0.003872988657958833
2022-01-10,79.6402929170066,98.13750651966156,86.67337571891773,58.59472762131192,0.005555223786387176,0.003405961728736804,-0.003466574275915568,0.004346514137825886,-0.0004150127696402883,0.003265803476819932,0.00499811496135516,0.003908075340592942
2022-01-11,79.60254674180165,97.64248074245046,86.89507267185314,58.56054034336598,-0.0004739582668824571,0.0034080227548542344,-0.005044205775820432,0.00441032481059419,0.0025578437564770518,0.0031515294800690294,-0.0005834531421817779,0.003909838716060763
2022-01-12,79.78263737456115,96.9920888741564,86.7715250484433,58.451480926931886,0.0022623727522643744,0.0034214352287334,-0.00666095190688154,0.004420650600275254,-0.0014218024061779522,0.0031788017827949987,-0.0018623362386109843,0.003806914648436169
2022-01-13,79.47992945777872,96.18733512887552,87.0236935959324,58.48845858120339,-0.0037941578110696206,0.003503092920046075,-0.008297107059164532,0.004620965906570451,0.0029061209578640224,0.0031522833123092437,0.0006326213414118431,0.003794306165206145
2022-01-14,79.26113662502887,96.05321461410416,86.29362506725586,58.64276548029312,-0.0027528060762318507,0.0035136700491291933,-0.0013943677157877143,0.0046111770963621485,-0.008389307538087087,0.003552925933948277,0.002638245268089978,0.003825591992392744
2022-01-15,79.38448061594974,96.0040010329452,85.99019550379901,58.39115962809321,0.0015561723711381426,0.003322163731677874,-0.0005123574609833259,0.004595053766964367,-0.0035162454146566713,0.0036108427936448933,-0.004290484088518287,0.003903800324708033
2022-01-16,79.74802489520079,95.82840783450776,86.29214115594529,58.16538957374106,0.004579538424012819,0.003298950265957357,-0.001829019588227232,0.004400452062837606,0.0035113962746244898,0.003521938655852714,-0.003866510886067931,0.003944224536308605
2022-01-17,79.84039281829902,96.37349461468428,86.22143192410346,58.32536695716951,0.001158247156836989,0.0033017616121032815,0.005688154405297574,0.004590693710971918,-0.0008194168193607076,0.003529895046017935,0.0027503878956338657,0.003965863805130683
2022-01-18,79.77201490521642,96.91052499931564,86.28941161525725,57.866240172464806,-0.0008564325733995126,0.0031152396803462217,0.005572386751964142,0.004755759142451863,0.0007884314797002023,0.0033685514849061543,-0.007871819907140143,0.004154211960385009
2022-01-19,79.77903681495086,96.83954717844428,85.88748162980399,57.705844228546496,8.802472574842568e-05,0.0031152414949132457,-0.0007324056997097816,0.00472102314234108,-0.004657929378929726,0.003419576141318692,-0.0027718397366108816,0.004144951115433234
2022-01-20,79.48694951150551,96.2041309021526,86.45125847212037,58.48812641902585,-0.0036612036834042794,0.0031892529832299047,-0.006561537045612242,0.004745795962068353,0.006564132881976992,0.0035936410574827805,0.01355637719086289,0.004863723375212611
2022-01-21,79.64062524192254,96.05127331085336,86.81501592470285,58.22136525954264,0.001933345427915567,0.003202764412169664,-0.0015888880224353974,0.0047254185744373045,0.0042076594257998146,0.0035878381905325944,-0.004560945542554484,0.004936930743566517
2022-01-22,79.85979642279736,95.88742674055918,86.75447257574173,58.51171268110801,0.0027520022627780527,0.003237153527658834,-0.0017058240317535667,0.004725741200028662,-0.0006973833767839333,0.0035736350517847544,0.004986956596964687,0.004946525668888672
2022-01-23,79.75816574054792,95.70347148053536,86.6326015135362,58.34531039948128,-0.0012726138407789245,0.0031559612606108247,-0.0019184502731681707,0.004593325586784696,-0.0014047813165958267,0.0035926700220322194,-0.002843914047322982,0.004971296646552204
2022-01-24,79.6532251289648,95.50611684066324,86.94690818825981,58.46785089098138,-0.001315735017333397,0.0029153383993069082,-0.0020621471386463863,0.0043787110496330784,0.0036280415136153987,0.003634896277768171,0.002100262911639117,0.004988018821126781
2022-01-25,79.72515926965411,95.32798415437772,87.54964390292137,58.62816748352138,0.0009030913760597059,0.002790932554743528,-0.0018651442669657126,0.00434002635162356,0.006932227116765333,0.003805907918569629,0.00274196143858485,0.00498330276566203
2022-01-26,79.62858621222202,95.2536852848238,87.83611096258583,58.91319943564138,-0.001211324735087116,0.002686054836195216,-0.0007794025040285257,0.00433995824648008,0.003272052825047611,0.0038041639376332485,0.004861689599971131,0.005050280196964055
2022-01-27,79.62147260321467,95.08530275694648,88.49550890244363,58.84555494632147,-8.933486509965505e-05,0.002681915254725053,-0.0017677271737448486,0.004298777614931737,0.007507139519629558,0.0039812526320075784,-0.001148206004221608,0.00505169169139032
2022-01-28,80.13180730031056,95.23979820158551,88.19570786145515,59.35808423350164,0.0064095109071780065,0.0028984149114593557,0.0016248088838077823,0.0042979533097536144,-0.0033877543019610323,0.003992887252185248,0.0087097366597646,0.005248898439507072
2022-01-29,80.077222007409,95.45101983967872,87.93140177412084,59.183366290839054,-0.0006811938322691669,0.002891605730805201,0.002217787543460803,0.0042650760692782685,-0.0029968134928912704,0.003948775364870142,-0.0029434565639835375,0.005250940641029066
2022-01-30,79.99641548556113,95.17543876586495,87.55652928678668,59.2295338589944,-0.0010091074568046032,0.0027464345074117024,-0.00288714645769772,0.004071828602152583,-0.0042632379305987955,0.004025169276526941,0.0007800767521142227,0.005228548717148359
2022-01-31,79.84697733641427,95.73388033659772,87.68631349530524,59.27841418377147,-0.0018680605654616267,0.00277093970973676,0.005867496677441686,0.004183842183449618,0.0014822904650944047,0.004013279325087876,0.0008252694490797907,0.005199740918582407
2022-02-01,80.03243437990876,95.42823895098655,87.73351917268901,58.96233182738086,0.0023226557808584403,0.0025699822418832523,-0.0031926146160224933,0.004204123139742886,0.0005383471547848462,0.004012612382329526,-0.005332166198149468,0.005299505140340394
2022-02-02,79.9946937123088,94.88308029120267,87.67980609696609,58.87164354816324,-0.00047156715764518076,0.0024487781330514193,-0.005712760350360058,0.0035016440432502167,-0.0006122298094209944,0.003907846614075155,-0.0015380714501440629,0.005243430039450437
2022-02-03,79.84497016502465,95.10475692507056,87.92162354660944,58.90015440173723,-0.0018716684861950217,0.0024807022503467334,0.0023363136313401256,0.0035421924412885318,0.002757960588734898,0.003912687450868626,0.0004842883917564045,0.0051417208007573725
2022-02-04,80.16881388096866,94.8690535295556,88.29222274901299,58.77117113207889,0.00405590628031649,0.002541091498794153,-0.002478355480164507,0.0035295643752873036,0.004215108723590433,0.003895987432105448,-0.002189863014256166,0.004940290841915369
2022-02-05,80.51506218847224,95.06830289059162,87.80888156256074,59.40306659677458,0.004318990025444114,0.0026323542023192837,0.002100256655074073,0.0035781709770653165,-0.005474334787405222,0.004063691940375043,0.010751792971346541,0.005275432711572755
2022-02-06,80.37213641398596,94.2298703159072,87.61789730013844,59.16133735150044,-0.0017751433160633212,0.002665972418700929,-0.008819265193461212,0.003812381473946457,-0.0021749993739099693,0.004023244979147859,-0.0040693058308753915,0.005208943617353361
2022-02-07,79.9253775501981,94.83758886632128,87.86362946389688,59.45928206104196,-0.005558628695480405,0.002858938509549945,0.006449319609341364,0.004073595503706803,0.002804588689416798,0.003890432546822256,0.005036138851481908,0.005073233713083264
2022-02-08,80.17384791062905,95.1702924997404,87.7118900706028,59.67054437172808,0.0031087793144910503,0.002894265815735161,0.0035081409955295406,0.004095024399333869,-0.0017269875398947532,0.0038712921660256513,0.0035530585530654246,0.004893578651273352
2022-02-09,80.01414745280266,94.6738875068276,87.46034425358593,59.64760335532809,-0.001991927068342947,0.0027564615673386942,-0.00521596582162609,0.004141629255287281,-0.002867864514313756,0.003914551739401051,-0.00038446132244207565,0.004832049215830405
2022-02-10,80.2102125556211,94.19301192150016,87.76789656805325,59.396297669168455,0.002450380452208023,0.002784838419642166,-0.005079284246067961,0.00414276009019087,0.0035164772914177966,0.003937390257242023,-0.004213173237867962,0.00490768570542162
2022-02-11,79.74091518624287,94.90635621014113,87.36488181477995,59.17346083171572,-0.005850843108697545,0.0029711190190099207,0.007573218799240333,0.004306437044102674,-0.004591824220839258,0.00402781967078411,-0.0037516957486797287,0.004950768372506692
2022-02-12,79.96297460058297,94.70359300485404,87.26937305224395,59.01942871248662,0.0027847612962736967,0.002924856092415556,-0.0021364554850059614,0.0040729915698810865,-0.0010932168687469712,0.00400246886943862,-0.0026030608496460106,0.0049811538814771355
2022-02-13,79.67925147357882,94.46653517848554,87.36735058551523,58.53000505726793,-0.0035481812479006836,0.0029560409803221126,-0.002503155570415916,0.00408630193147557,0.0011227023850923779,0.0036695480908901937,-0.008292585440006883,0.005200188288058664
2022-02-14,79.8630372773061,93.69127898863772,87.1886726291108,58.25354755677596,0.002306570409841724,0.0029712265535776815,-0.00820667539444575,0.004318900078203614,-0.002045134197236953,0.0036247054972475485,-0.004723346601823608,0.005212941580284433
2022-02-15,79.87416138984776,93.64744919212592,87.42606410993704,57.85444110604255,0.0001392898757786032,0.0028540634280707767,-0.0004678108462701225,0.004314902854346255,0.0027227330531349736,0.0036046749062137286,-0.006851195634813956,0.005315458233788896
2022-02-16,79.65323834167586,93.65016963848606,87.24836754463067,58.19672834228879,-0.0027658887971746537,0.0028915115933123756,2.9049871444586373e-05,0.00414367426720665,-0.0020325353441843497,0.0036260490435560747,0.005916351963695554,0.005405993701911198
2022-02-17,79.56541937410714,94.00621560074656,87.67650024970341,58.3485532249078,-0.0011025159729478595,0.002894155075021366,0.003801872048229349,0.004059373419920822,0.00490705691259774,0.003718022004294961,0.0026088216115180973,0.005219144161100812
2022-02-18,79.73942110379018,93.56515956290028,87.63218401656513,58.5438748272549,0.002186901433459454,0.0029236353383916562,-0.004691775272812726,0.004114173607494103,-0.0005054516662054143,0.003593097309359576,0.003347496922403881,0.0052149373008105945
2022-02-19,79.77361340335983,93.08495886044967,87.83278481518431,58.686773413276846,0.0004288004489667596,0.0028418374006499514,-0.005132259750252222,0.004057079046590455,0.00228912243681223,0.0034327519675762266,0.002440880219213293,0.004615244231061461
2022-02-20,79.92211262298537,93.34568996082166,88.05511468508762,58.71777505366879,0.0018615080010815355,0.002840290007844849,0.002801001403060832,0.004117189722366378,0.0025312856739214684,0.003384195007049699,0.0005282560036761197,0.0045298713040670185
2022-02-21,80.40350845030547,93.81225425418602,87.85277845513524,59.09045196583839,0.0060233120912478455,0.0030029021050007347,0.004998241413826099,0.004254064357755439,-0.002297836198112968,0.0034158363505910052,0.006346918149214176,0.004584935851589607
2022-02-22,80.02992939741755,93.30944859029988,87.21427935010186,58.91248405952987,-0.004646302880163655,0.0031219471194377305,-0.005359701329889943,0.004333146540053344,-0.007267830525809038,0.0036815323451988872,-0.0030117878673766585,0.004589054156956362
2022-02-23,80.42495623140067,93.80412754598844,87.32298779846266,58.926299593364135,0.004935988785164103,0.0032297294330535195,0.005301488361168838,0.004467707270224857,0.0012464524063131588,0.003631055809384296,0.00023450944319880485,0.004576900039332097
2022-02-24,80.45378756400505,93.90509595076966,87.34276912685375,59.10985114430707,0.0003584873894295626,0.0032279067865854973,0.0010763748613484836,0.004471023901717051,0.00022653059509081253,0.0033980935132488822,0.003114934285872062,0.0045843453868023324
2022-02-25,80.24032399453647,94.40125060437592,87.51025057270425,58.742745156814905,-0.0026532445013700556,0.0032618715671797684,0.005283575386221484,0.00459292884354662,0.0019175193038276639,0.0033609062588870913,-0.0062105720177833,0.004648264209156857
2022-02-26,79.92530724866518,94.45657922394142,87.43701489526498,59.54788997988597,-0.003925915676670777,0.0033500679035552805,0.0005861004934921699,0.004586905022813541,-0.0008368811306102009,0.003037814734786836,0.01370628527696005,0.00527953914463557
2022-02-27,79.88772132613394,93.58498876960566,87.30213251046982,59.53715479433067,-0.0004702630971976651,0.0031340670215193934,-0.009227419217345934,0.004857104559577499,-0.001542623395328957,0.002993521519195195,-0.00018027818548949082,0.00504169896467336
2022-02-28,80.11670974924328,93.61692233957078,87.91391113394413,59.55687689648351,0.002866378203159936,0.0031778830582846374,0.0003412253437753421,0.004831946871412328,0.007007602287389059,0.0032343379909742487,0.00033125704815706314,0.005008591055419975
2022-03-01,80.09239055144859,94.10248711852284,87.45360397293429,59.875288124715965,-0.0003035471360570696,0.003172600653393602,0.005186720165728298,0.004926125669128147,-0.005235885368682136,0.0032830391035802145,0.005346338572888687,0.005094782689841761
2022-03-02,80.46206243718167,93.85056042980938,87.67510612848926,60.10137125065741,0.00461556813559727,0.003257498789671691,-0.0026771522881873233,0.004798649899272384,0.002532796196981435,0.0033052963633065243,0.003775900426074452,0.005132138025062577
2022-03-03,80.11544637839592,93.7915667142348,87.49373244035668,60.08979568581892,-0.00430781971387284,0.0033367612864607828,-0.000628592043610543,0.004774592805871572,-0.0020687022364909158,0.00332489573953403,-0.00019260067778170686,0.005016164312600437
2022-03-04,80.11902540125855,93.8126582395246,87.38750642525572,60.10318629916487,4.4673318622345803e-05,0.003335363295904006,0.0002248765643722006,0.004675910665398773,-0.0012140985661271975,0.0033299931490215384,0.0002228433828592724,0.005000030461124823
2022-03-05,79.8245057108157,92.81162926425569,87.28810088589768,59.674488817983296,-0.0036760268733652124,0.0033872098933870488,-0.010670510718426285,0.005007791519474932,-0.0011375257565343633,0.003290179610677534,-0.00713269141918238,0.0052008488913747155
2022-03-06,79.9204605361394,93.52751147567317,87.04114885723985,59.50589680054704,0.0012020722767933645,0.0033084455359009713,0.007713281375324232,0.0052308120073531715,-0.0028291602881891365,0.003212014946848692,-0.0028251941621232346,0.005213241472201566
2022-03-07,80.14126594468824,93.27976116695449,87.21587739806586,59.6262928282136,0.002762814516678036,0.003248457922144399,-0.0026489564921560182,0.00522247182145762,0.0020074245701029447,0.0030985621029300373,0.002023262132660575,0.004847934375180948
2022-03-08,80.04656762882082,93.56002080293798,87.63961613314503,59.72654546303708,-0.0011816423755119931,0.003240015642447675,0.0030045063631958246,0.005024744619110553,0.004858504526018326,0.0032097304145107313,0.0016813494528715722,0.004789242266397265
2022-03-09,79.42845143294758,93.61680963047552,87.77935845117469,60.035278391687,-0.0077219575327636125,0.0033857929221243464,0.0006069775001134037,0.00486789291756414,0.0015945108410488906,0.0031809166654386736,0.00516910740871479,0.004793809031476081
2022-03-10,79.48801572598789,94.17652794283651,87.80550886495023,59.98129398488456,0.0007499112970947852,0.0033332291387181035,0.005978822762389813,0.00495673599699464,0.00029791074162477393,0.0031650462382561946,-0.0008992114011736607,0.004759462020711655
2022-03-11,79.60390108811423,94.41355543749822,87.49656535118005,59.585759794482016,0.0014578972826018166,0.0033316742831270307,0.0025168425704287234,0.004894998330561275,-0.0035184980733423687,0.0031878089858932163,-0.006594292388927392,0.004917455477123839
2022-03-12,79.71133041788553,94.40689565826332,87.6518202555359,59.85052270664398,0.0013495485560737208,0.0033078416982670073,-7.053837983361788e-05,0.004803167444320973,0.0017744114152675738,0.0031373644990572128,0.004443392399042345,0.004917075419596373
2022-03-13,80.01693083583915,94.1516201383071,88.30901661386505,60.21705247562181,0.003833839133677852,0.0032087032223324457,-0.00270399231090368,0.004613559077537083,0.007497806165498888,0.0033044404120486084,0.006124086347154778,0.004969154977489868
2022-03-14,79.76754548242317,94.53644057489244,88.18123493234212,60.43787966825842,-0.003116657322530969,0.003220588909826594,0.004087241791697727,0.00466571098009141,-0.0014469834046693109,0.0033104443664469536,0.0036671870102908954,0.004961871024746112
2022-03-15,79.9400557033739,93.9090811663384,88.05627051594368,60.3693858612921,0.0021626617681089755,0.003176792348240601,-0.006636164898307539,0.00479978733653009,-0.0014171316209659057,0.003322505419964918,-0.0011332926856845171,0.004673046939767676
2022-03-16,80.23446343051911,94.23815185745724,87.87558612416385,60.62955983778699,0.0036828561670965154,0.0032192043337394395,0.003504141314469633,0.004596917557722399,-0.0020519196500278225,0.003322668487233827,0.004309700567315389,0.0045787876077969985
2022-03-17,79.81248642169922,93.90753962979667,87.71895631801094,61.53985800345436,-0.005259298695071579,0.0033678426520231943,-0.003508263066965056,0.004645505115479219,-0.001782404113146896,0.003309631302826248,0.015014098207258186,0.004954222880019479
2022-03-18,79.89853932157455,94.46444469433644,86.8714372716619,61.54054797447347,0.0010781884355870464,0.0033327224178188457,0.005930355184846636,0.004765659282100958,-0.009661754789654475,0.0037449560343299376,1.121177463669909e-05,0.004913373712471211
2022-03-19,79.78657425253064,94.60717778523274,86.99737951689514,61.146085208058096,-0.0014013406251804916,0.0033369087025295384,0.0015109715762173792,0.004725792627927512,0.0014497543633287258,0.003635976330431828,-0.006409802632550421,0.005137740822627904
2022-03-20,79.7768720898452,94.9315137585489,86.74166713021395,60.95617960169915,-0.00012160144455797273,0.0033136109353985007,0.0034282385428772155,0.004666746131605942,-0.002939311368930664,0.003668813584336547,-0.003105768843790546,0.005195735765755624
2022-03-21,79.87001457498626,95.04044847792656,86.25681213706737,61.10041420903737,0.0011675374416304507,0.0033194859183088604,0.0011475085044438949,0.004544932370885717,-0.005589643468792649,0.003755543363413444,0.0023662015611982667,0.005195217854547357
2022-03-22,79.76251586507982,94.451140176189,86.49242371749979,60.63089246428313,-0.0013459207498393022,0.003310622527393923,-0.006200605228356304,0.004696283966881126,0.0027315127303570996,0.0037614669319177146,-0.007684428179944969,0.005450520111369721
2022-03-23,79.61096403609434,94.2079436688924,86.1711311293869,60.65190181735451,-0.0019000382239926505,0.003118973107219071,-0.002574839296200615,0.004644016539580298,-0.00371469053939677,0.0037924192576575064,0.0003465123506760648,0.005360062397342423
2022-03-24,79.63049018928845,94.54541515118612,86.07804426850666,60.730365219111256,0.0002452696488546291,0.003011300898027938,0.0035821977335563915,0.004564421248657534,-0.001080255761531812,0.003581774664004061,0.001293667624685968,0.005309568249753415
2022-03-25,79.38201862643523,94.68966875239752,86.529741211025,61.12404430384006,-0.003120306835517228,0.0028980520562701608,0.0015257598793207983,0.004477223803481649,0.005247527942309427,0.0037182726365645514,0.006482409307245751,0.0053991845793625445
2022-03-26,79.13667849182242,95.21698739766016,86.10904568411996,61.45600443727159,-0.0030906260492991056,0.002933849585281854,0.005568914245982937,0.004577305824370049,-0.004861860454188349,0.003808507566905547,0.00543092554186031,0.005443362554058108
2022-03-27,79.31315917260332,95.4460379916178,85.65688325600608,61.66449635118149,0.002230074399687254,0.002948330707227789,0.002405564387382375,0.00450254915175189,-0.005251044469504196,0.003877985582535301,0.003392539359155844,0.005265142279666439
2022-03-28,79.05368582158896,95.15044131493234,85.75122765033754,61.03237718657586,-0.003271504422736382,0.0029235314980226943,-0.003097003111972252,0.004546641996738619,0.0011014222178675759,0.003891852158787694,-0.01025094182243369,0.005187010885298293
2022-03-29,79.22763031223744,94.9235409047418,86.1090852608783,61.2575329399882,0.0022003337205687146,0.002960524538079862,-0.0023846490573756762,0.004214060926850615,0.004173206849002575,0.0039850073035758715,0.0036891198375583745,0.005208978820981503
2022-03-30,79.35220362698095,95.04069653292956,85.64449266924579,61.42272800007297,0.0015723468473380908,0.002922399189016748,0.0012342104716187574,0.004216184851319588,-0.005395395738149622,0.0038246911686838346,0.00269673054327213,0.005216981893305292
2022-03-31,78.95506700716682,94.23806762981452,85.78056109111913,61.46309536191658,-0.005004733349069812,0.0030452046952792093,-0.008445107542293107,0.004424418957672263,0.0015887585720055775,0.0037580903204192753,0.0006572056168452356,0.005153430037116808
2022-04-01,78.81139071437381,94.95289565210582,85.96776181104474,60.95390279559658,-0.0018197222577236438,0.0028975363255443858,0.007585342529510264,0.004598984644066343,0.002182321000754106,0.0037484297038923734,-0.008284525263846376,0.005385380203236047
2022-04-02,79.11168092824612,95.19856941596989,85.35942175984675,60.71355948987176,0.0038102387377048075,0.0029266197052030146,0.002587322505299694,0.004611655630028702,-0.007076374194027513,0.003921363366039676,-0.003943033910901339,0.005444821837555344
2022-04-03,78.89451589218358,95.74159633062024,85.6143785002052,60.36906077615221,-0.0027450438862436366,0.002955652592310304,0.0057041499465984025,0.00470761103248519,0.002986861146690556,0.003981187935219632,-0.005674164331890719,0.005555218931589292
2022-04-04,78.80201425167054,95.2073138448263,85.89136809700068,59.798181063497374,-0.0011724723761464828,0.0028979299029633938,-0.005580463521298817,0.004363194576200603,0.003235316329427196,0.004043251594754649,-0.009456494855397013,0.005675344112162083
2022-04-05,78.92941697122235,95.75702987918216,85.80967099713983,59.77755475923728,0.0016167444545887033,0.0029069360335917268,0.005773884506938387,0.004271543006179559,-0.0009511677560960496,0.004020897771752135,-0.00034493196771634427,0.005649501061994812
2022-04-06,79.13215224840665,96.68270267643416,86.19856460402838,59.5432329864089,0.0025685642307256007,0.0028998287103151133,0.009666891281193024,0.004514132599709362,0.004532048688329127,0.004100111019179096,-0.003919895582416233,0.005686256082138388
2022-04-07,79.08816060514346,96.2345839871792,86.5509552428111,60.228436646360656,-0.000555926282974073,0.002896396686084548,-0.004634941689152683,0.004623272524681062,0.004088126529734115,0.0040684420355492626,0.01150766637256928,0.006059073606766072
2022-04-08,78.96249981169392,96.5982770139621,86.5887598913056,60.160128702734426,-0.0015888698445891691,0.0025582899630035858,0.0037792341558970932,0.00465134175236396,0.0004367906557292134,0.0040542529149063655,-0.0011341477121066257,0.005993218612123687
2022-04-09,79.31656036502459,96.6622193573696,86.4582380333546,60.48824812874054,0.0044839076039260295,0.0026930287945378267,0.0006619408273529359,0.004557652062338319,-0.0015073764552678837,0.004056209986624246,0.005454101131123323,0.006068955162899899
2022-04-10,79.74476367772331,96.12802669855331,86.17131962087316,60.03691563972473,0.005398662154890266,0.0028609245498310318,-0.005526385203730055,0.004692548818669232,-0.003318578067375788,0.0040512535101659775,-0.007461490503993584,0.006104876103841848
2022-04-11,79.99008155200666,96.38531804513416,86.169951571477,59.87236888316885,0.0030762881845729506,0.0029047373824963156,0.002676548717552185,0.0047055818982430705,-1.5875924868957725e-05,0.004029713757322261,-0.0027407596609944074,0.006076339591979054
2022-04-12,80.019814495041,96.77220291803005,86.35181104330421,59.87818810105685,0.00037170787249429793,0.002819646552386779,0.004013939889836005,0.0046977351592051445,0.0021104743418169924,0.0037698954512007995,9.719371383742903e-05,0.00596654726361023
2022-04-13,79.83485302975522,96.60155246843864,86.26235904007811,59.61316327066714,-0.0023114458144268824,0.0027926090105982295,-0.0017634242524783295,0.004683402872756291,-0.0010359018779726448,0.003767983429516551,-0.004426066298840348,0.005969990929713098
2022-04-14,79.64652943553008,97.1156713847198,85.60823103471614,59.48125609113011,-0.00235891452264525,0.002795658617290828,0.005322056459176716,0.004541477263465122,-0.007583006222424915,0.003969731079699804,-0.0022127190086879134,0.005977557239990046
2022-04-15,79.78347085654374,96.52716675432232,86.0032910784856,59.40509931442929,0.0017193645722441975,0.002725695852835736,-0.006059831765628632,0.00470190516698178,0.00461474368754633,0.0040896483526100666,-0.0012803491672089828,0.005909955191631587
2022-04-16,79.89468055603577,96.01434601774396,86.07218876980632,59.325230036055245,0.0013938939770117287,0.002564428407356966,-0.005312708886230699,0.004770110382132607,0.0008011052886085501,0.00409347647776012,-0.0013444852259449913,0.005114794346774601
2022-04-17,80.24085983850244,96.13573030455618,85.96893084531489,59.80363915218361,0.004332945323235693,0.0026763799323453723,0.0012642307305803513,0.004670431693981531,-0.0011996665353496416,0.003724075534076577,0.008064176335053519,0.005385171822967118
2022-04-18,80.40498875350492,96.21335867685823,86.2388719397422,59.885592579091245,0.0020454530937581428,0.002681642946452968,0.0008074872064334215,0.004667440796955826,0.003139984314949995,0.003764671470863679,0.0013703752492233434,0.0052993209503321625
2022-04-19,80.04871587407636,96.00478088070224,86.70885274036318,59.99446544128644,-0.004430979780630007,0.002814943091380491,-0.0021678673213822997,0.004661168663020144,0.0054497558937154356,0.0038707832812768022,0.0018180142753267958,0.005297865285104874
2022-04-20,80.31049938698038,96.38475873393487,85.8643446889773,60.11912380503389,0.00327030246576121,0.0028676830526886093,0.003957905530817207,0.004705050513494676,-0.009739582807243963,0.004141891604637779,0.00207783106042414,0.005292713923820874
2022-04-21,80.077170930325,96.65515177790598,86.00791555973473,60.26303651616262,-0.002905329420641256,0.002910250437258002,0.002805350633470205,0.004548887184437576,0.0016720662258296048,0.004120995331121545,0.0023937925575137076,0.00514033470812103
2022-04-22,79.99395815287755,97.05023297106784,85.5903556518889,60.21781792259128,-0.0010391573088894823,0.0028936860342151476,0.004087533730945614,0.0045421205413731045,-0.004854900913809801,0.004159803785679709,-0.0007503537190531873,0.005140287479623059
2022-04-23,80.06373285115619,97.0621863533742,85.75533954001345,60.10845369484674,0.0008722496034674343,0.0028965556944195673,0.00012316696148406692,0.004518185303349802,0.001927599048607398,0.0041745025548163665,-0.0018161439839139426,0.00513992838874986
2022-04-24,80.55230137937914,97.3558074079036,85.80786846337399,60.1318285800576,0.006102245184236299,0.0030204234053913814,0.0030250818115760136,0.004533771724491749,0.0006125440543096605,0.004053129601243282,0.0003888784983478999,0.004979315116469396
2022-04-25,81.30922821518786,97.23927647826994,86.0125351393087,60.422959331542536,0.00939671273007825,0.003351879856723269,-0.0011969592029102971,0.004463091866298773,0.002385173756204617,0.003985491842303868,0.004841541632104818,0.004956079627535898
2022-04-26,81.45656092341152,98.09622806122444,85.8743028936267,60.70543290537888,0.001812004755889829,0.0033470618940022057,0.008812813237519368,0.004694322900611258,-0.0016071174446620207,0.0038748673328188026,0.004674937754809427,0.004996648467741502
2022-04-27,81.40997458452665,97.82763113362992,85.32456282859306,60.61418538717509,-0.0005719163485021772,0.0032665116833871626,-0.002738096386610045,0.004684168323007798,-0.006401683000729741,0.004045825508395091,-0.0015031194711355722,0.004651967028101263
2022-04-28,81.53912501977081,98.70420383216486,85.20800330575743,60.79864345557615,0.0015864202869890764,0.0032605506963658644,0.008960379479470149,0.004861446511019048,-0.0013660723122576046,0.00396695886026774,0.003043150167288733,0.004634718367705133
2022-04-29,81.75386040723387,98.76257035756952,85.34829180674568,60.71923020519368,0.002633525775644463,0.003273107962074152,0.0005913276551412494,0.004863227513068857,0.0016464239924134372,0.003864711513929567,-0.0013061681292361182,0.004604773186182301
2022-04-30,81.67109723677011,98.26324053289744,85.66944774431722,60.70282853072529,-0.0010123457173949468,0.003096988405033227,-0.005055860969031656,0.00466452107571136,0.0037628865296888137,0.003917652861329691,-0.00027012322806074796,0.004600725230328694
2022-05-01,82.10755891178303,98.84974201260928,85.33328710185076,60.54793308491663,0.005344138744060034,0.0031374182467954477,0.005968676348664603,0.004599552068201909,-0.003923926806085443,0.003956866933192014,-0.002551700630066378,0.004375695231150658
2022-05-02,82.1572866968605,98.94281475104472,85.65809932172574,60.473900892597065,0.0006056419863960105,0.003105916198729659,0.0009415577273188536,0.004594118909157671,0.003806395263870499,0.003804360318008576,-0.0012227038735697082,0.00432361940199444
2022-05-03,82.27265667447033,99.32210062016136,85.47926529665786,60.81486138777455,0.0014042573975880934,0.003012176523251855,0.0038333846684166506,0.004544664354084409,-0.0020877655059353684,0.003785423499828457,0.005638142903713783,0.0043160573653066485
2022-05-04,82.42879660914906,99.84717949289022,85.60464888634424,60.813889069082414,0.0018978350887164375,0.0029735678596425476,0.0052866267371540765,0.004413941295082386,0.0014668304559151135,0.003746133215061315,-1.598817575088063e-05,0.003908547074713857
2022-05-05,82.52357153906073,100.01599718670148,85.46782471917699,60.82465557834329,0.0011497793709285276,0.002974186318319257,0.001690760767291133,0.0043430821051194226,-0.001598326363664082,0.0037530328734073845,0.00017704030157728035,0.0039054991845874506
2022-05-06,82.72104506088456,99.81129812355564,85.53946103327081,60.402214202129365,0.002392934747502684,0.0029721616445364677,-0.002046663222921463,0.004099599662296308,0.000838167045074556,0.0036542281109531024,-0.006945232524495193,0.0040617993955567285
2022-05-07,82.55603126180851,100.23508361532753,85.82307249655932,60.29457438529715,-0.00199482246572924,0.0030174781101636777,0.0042458669483216305,0.003992671372183286,0.003315562897668878,0.003625213928103656,-0.001782050844560179,0.0035047499241549697
2022-05-08,82.40735646934476,100.26554508663573,85.46876616434263,60.20620959792296,-0.0018008955880189914,0.003025045782325001,0.0003039002932856416,0.003970602945801618,-0.00412833428016568,0.003689542386958242,-0.0014655512253809455,0.003509106179941627
2022-05-09,82.12626379422429,100.57050342039037,85.28266304944084,59.959250454540125,-0.003411014345849561,0.003092754951097405,0.0030415067657703077,0.003982192527108629,-0.002177440055048163,0.0036983241933952428,-0.004101888244287477,0.0034327872863406015
2022-05-10,82.2278238021573,99.73103144549044,85.35675619307368,59.944350750319686,0.0012366325124382183,0.002987895721005572,-0.008347099262205004,0.004178134516763583,0.0008687949107533122,0.0036651821401013484,-0.0002484971727879648,0.0031542616438256766
2022-05-11,82.41245433662206,99.94444991614358,86.09254374965839,59.80793139056789,0.0022453535303206262,0.002972052319616068,0.0021399404734903094,0.004172898859410471,0.008620144314298805,0.004011830834523755,-0.002275766741056451,0.003141683797514322
2022-05-12,82.51662126955843,99.72223061104528,85.84463542399291,59.80967969419651,0.001263970764793454,0.0029700199684687314,-0.0022234281671944522,0.004184151947917492,-0.002879556287549767,0.0040237882860823465,2.923196953941165e-05,0.003141612579320629
2022-05-13,82.921306212764,100.41695739630696,86.47194098527466,59.8225922723838,0.004904283973086843,0.0029823260223037404,0.006966618987609419,0.0042869370905122585,0.0073074520985898506,0.004245428262559291,0.00021589445476566382,0.003030138641583543
2022-05-14,82.90672212306886,100.69576513143008,87.087648829791,59.54543421211059,-0.00017587867776358568,0.0029166509008425687,0.002776500526925796,0.004229408017031142,0.007120319464335667,0.0041772858576935735,-0.004632999837440255,0.003125154435361993
2022-05-15,83.06003024520216,100.8182056153936,87.06180670645672,59.42047857558337,0.0018491639544706562,0.002917325804778637,0.001215944720254214,0.0040001963808251415,-0.00029673695043463955,0.004109385649084503,-0.002098492322385459,0.0031406111706606035
2022-05-16,82.77372869556022,101.03897258731084,86.9750485197614,59.42382992948744,-0.003446923252938161,0.003045670897565582,0.0021897530368615303,0.0037913392765846275,-0.0009965125923453444,0.004116676115338013,5.640065486534063e-05,0.0031301224062975515
2022-05-17,82.665798509583,100.6579461677292,86.76927023706511,59.72316462575641,-0.001303918376979074,0.0030185387820105465,-0.003771083670238151,0.003920936113427146,-0.0023659461673025683,0.004137329598184573,0.005037283807256543,0.002903826043319272
2022-05-18,82.82743975835534,101.33779522273554,86.75527747401004,59.7729315981187,0.0019553582217390897,0.003017504674784168,0.0067540525203393376,0.004031340952077743,-0.00016126403987082316,0.004103425715696941,0.0008332942950051159,0.0028964720846497674
2022-05-19,83.02626357826199,102.16458657092124,86.33502719205852,59.575347876873984,0.0024004583563939086,0.0028469125137346404,0.008158765901393972,0.004126005112921653,-0.004844088961359461,0.00408024371759433,-0.003305571869440249,0.0029328221673727
2022-05-20,82.93924707238818,102.33647874427022,86.32252609424683,59.66402407529005,-0.0010480600008186958,0.002848948646694684,0.001682502510100825,0.004111243711085075,-0.00014479751982798827,0.003655440815176908,0.0014884713489098367,0.0029187739723171725
2022-05-21,82.90841987606966,102.9971136122768,86.78546992313746,60.10363501464654,-0.0003716840628130713,0.002763050402984756,0.006455516899867675,0.004188951460164152,0.005362955069053266,0.0037676450889409996,0.007368107434418958,0.0032016730879013537
2022-05-22,82.51818207921329,102.76552354341472,86.60663691720453,60.32994987813884,-0.004706853627649554,0.002939346196806904,-0.0022485102809181035,0.004246142013208513,-0.0020606330309822507,0.003668881895612132,0.003765410585185869,0.0032745559071310475
2022-05-23,82.42042072509616,102.443151243845,86.54203684349586,60.45552814563586,-0.001184725010341059,0.002967260060359989,-0.003136969369241127,0.0043344580871954586,-0.000745902115682151,0.003662962822155683,0.002081524479146335,0.003274577914632144
2022-05-24,82.63206477869473,102.46852277521842,86.03573877589194,60.629054142302685,0.0025678594180498227,0.0028232002556449354,0.00024766449553115244,0.00433725369786102,-0.005850313744285018,0.003830814801190974,0.002870308175106917,0.003310729124800305
2022-05-25,82.76441918210865,102.6551626187568,86.16170456060556,60.99692990700103,0.0016017317704501988,0.00232451474915603,0.0018214358759500726,0.004302202775190735,0.0014641099908694333,0.0038154916023095415,0.006067648092198619,0.003375910645911047
2022-05-26,82.8774298289767,102.49987660472983,86.25377411142567,61.264794449227686,0.0013654496459327703,0.0023178670080144597,-0.0015126956118483026,0.004132947811939705,0.001068566961269335,0.0038063240165005117,0.00439144302237926,0.003363676617317807
2022-05-27,82.8775992038102,102.72846115427414,86.28458545414692,61.39190743078479,2.043678645202718e-06,0.002310394692085811,0.0022300958510008684,0.004057232000955512,0.0003572173280377289,0.0035993143224867224,0.002074812830106687,0.003360556137798009
2022-05-28,82.86719527673503,102.86015554232334,86.23047364838163,61.657158836228255,-0.0001255336444965227,0.0023062862211933365,0.0012819659378662251,0.0038143447159449642,-0.000627131781192225,0.00358947341458156,0.004320624925076899,0.0034026332879988136
2022-05-29,82.6910134090041,102.45388414128672,86.15399638623276,61.32530983290394,-0.0021260749460938477,0.0023210557164124947,-0.003949745155396478,0.003935029182026538,-0.0008868936805417338,0.003589033329425286,-0.005382165016811102,0.0035541331024012235
2022-05-30,82.85387857934569,102.67513581735308,86.31791664469041,60.88121102973526,0.001969563119707196,0.0023231061455552715,0.0021595245306780253,0.0037538304414309,0.0019026425393291468,0.0035432674449493488,-0.007241688698821691,0.003813655340195894
2022-05-31,82.946698236384,103.03620152003384,86.32044805138626,60.89764371270554,0.0011202813752335672,0.0021389666696922122,0.003516583638350834,0.0036784800624228117,2.9326549970676297e-05,0.003454805478852838,0.00026991386492380975,0.0037805294077341185
2022-06-01,83.05657841768247,103.10961324163044,86.42687408774123,60.88975411738773,0.00132470832034004,0.0021460491971740598,0.000712484743358166,0.0036796808993484835,0.0012329180253050076,0.0033985228411967335,-0.0001295550178431748,0.0037716125303206105
2022-06-02,82.91207080432424,103.58702127728448,86.50231599311344,60.71406468575542,-0.0017398695697710131,0.0021701922423386904,0.004630102088883481,0.0037007939894783313,0.0008728986923167703,0.0033695542020335065,-0.002885369372548463,0.0036702606782827918
2022-06-03,82.36428966973432,103.07969317870705,86.85226068908005,60.9141895931899,-0.0066067718400462105,0.002481988412879259,-0.004897602926716149,0.0037986462133609545,0.0040454951055237665,0.003429998591572782,0.003296186945649149,0.0037207509278808864
2022-06-04,82.62786069832576,103.2750075629824,87.06492447969516,60.37674408957882,0.0032000643682876806,0.0025428792402177247,0.001894790120656742,0.0037999790980824074,0.0024485694319047457,0.003424688537343548,-0.008822993578349592,0.0040586168605198465
2022-06-05,82.49948244905354,102.7919467233723,87.12878008264556,60.2081249498467,-0.0015536920378578234,0.0025192119111746548,-0.004677422456885294,0.003903480306004616,0.0007334251230561861,0.0034245149872696025,-0.0027927829212179844,0.0038892737502407284
2022-06-06,82.27738576254602,102.33924321838974,87.59640766689306,60.05449243813442,-0.002692097937034732,0.0025405532418777224,-0.004404075605269453,0.00397343079149381,0.005367085179018183,0.003499863659197785,-0.0025516906869339495,0.0039032650652018456
2022-06-07,82.4418950313435,102.09097233024308,87.7258199826382,59.591032078179545,0.0019994469594872832,0.002548047630019363,-0.0024259597817902767,0.004013875698213656,0.0014773701250085924,0.00338150265174047,-0.007717330396761035,0.004137151915969913
2022-06-08,82.33695413120084,101.71880921393256,88.12597634630441,59.97353012777909,-0.001272907422891767,0.002477788112393166,-0.0036454067173211646,0.004059565600155525,0.0045614434125027525,0.003395557590828718,0.006418718324893824,0.00425107573532685
2022-06-09,82.59170507394663,101.51214817004168,88.30918517989464,59.585970884529885,0.00309400493901979,0.0025301212287232072,-0.0020316895713577976,0.0037424168666043154,0.002078942454722732,0.003399909343685843,-0.006462171601762878,0.004412739777695546
2022-06-10,82.73544022284031,101.44358706211652,87.7343092183782,59.40992502100488,0.001740309741335322,0.002517348499386903,-0.0006753980598491749,0.0037376873645731377,-0.006509809374249831,0.003374088171197185,-0.0029544851063375566,0.004425521188148535
2022-06-11,82.89480502487378,101.80238497636618,88.13454450658912,59.63548156029682,0.0019261975473174875,0.0025304728996973715,0.0035369206141140364,0.003740746979453435,0.004561901629779763,0.003380301628073405,0.0037966137680225387,0.0044856769149855475
2022-06-12,82.54351815873062,101.68714774057436,88.17232410479528,59.790259988251584,-0.00423774283608902,0.0024890090435695676,-0.00113196990245934,0.003560430743049837,0.00042865823404047987,0.0031553353705987964,0.0025954083693995322,0.0045121857227099545
2022-06-13,82.83503348147671,101.058917477003,88.15208914640668,59.47253427564437,0.0035316561402860547,0.0025780882626232062,-0.00617806947613575,0.003727924136830693,-0.0002294933086322004,0.00291190530087714,-0.005314004533006678,0.004537894654200009
2022-06-14,82.88895871100546,101.54276444536524,88.23492355435519,59.63761877467134,0.0006509954455538036,0.002557239736533741,0.004787771138280217,0.0038198161979530023,0.0009396760615727473,0.002910319612943625,0.002775810734108486,0.004548560182818834
2022-06-15,82.78572806504015,101.22097521119224,88.12373142995453,59.69679039204038,-0.0012454088888391723,0.0024874972641622853,-0.003169002103996621,0.0038509441312392346,-0.0012601827022852286,0.002915233705177621,0.0009921861164947643,0.004551234562671767
2022-06-16,82.81085205955128,101.21863690751508,88.19013826170612,60.3045606660023,0.0003034821955227862,0.0024755511424755807,-2.3100979537948874e-05,0.0037823145306102165,0.0007535635483657543,0.002866873388596812,0.0101809539502975,0.00482957578043156
2022-06-17,82.35892590361496,101.42091263254044,88.00329339467048,60.39135725449475,-0.005457330104650215,0.002644187182756824,0.0019984039620113414,0.0035927162580000607,-0.002118659418371416,0.002905527480940295,0.0014393038857072327,0.004833001196706217
2022-06-18,82.45307021425617,101.52139189361796,88.39333535803813,60.329598593414666,0.0011430978440805095,0.0026115452026602725,0.0009907154103570015,0.003256321296504988,0.004432129166103138,0.0028114314483466056,-0.001022640720257817,0.0047911771945892585
2022-06-19,82.19088442890718,101.98424694190528,88.35233840769281,60.07409789610677,-0.0031798183459718077,0.0026631318143707497,0.0045591873757240275,0.003354699901341348,-0.0004638013734775681,0.002815687083990184,-0.004235080346378872,0.004861044855785285
2022-06-20,81.85201758490759,102.19356345190135,88.22859196610905,59.851564724363385,-0.004122924900421321,0.002753220782187257,0.002052439629380176,0.0031474937542046366,-0.0014006017702977713,0.002704569006313746,-0.003704311500910773,0.004719434739868683
2022-06-21,81.47570017424468,101.85331002950169,87.93868701139205,59.60923358880339,-0.004597533717144331,0.0027474226109835157,-0.003329499538978431,0.0031771359860636667,-0.0032858390716283825,0.002754198702783557,-0.00404886884204303,0.004712702833075333
2022-06-22,81.74830254206326,102.75616386370992,88.01973939577843,59.958622678898045,0.0033458119075453485,0.00282729556814489,0.00886425619301634,0.0035412866041859632,0.0009216920008809915,0.002744735487102877,0.005861324983723382,0.004830114871647179
2022-06-23,81.59243040207684,102.8422015320976,88.07504495401453,59.94287521517115,-0.0019067324352846082,0.00279026080180814,0.0008372993419820673,0.0035437253083489013,0.0006283313108599309,0.0024626960912032874,-0.00026263885031563294,0.004793747703293722
2022-06-24,81.96762497606974,102.7868975407418,88.1920083505866,60.07485374871772,0.004598399289541755,0.002915877072390658,-0.000537755809695839,0.0035309903101506577,0.0013279970124697726,0.002461525227338919,0.0022017384563690623,0.00466500747962727
2022-06-25,81.83261311023828,103.18911095165475,87.87116740096329,60.4628831083088,-0.001647136486763845,0.0029077549095671263,0.003913080563147986,0.0035867682470608884,-0.0036379821213265995,0.002589148798094902,0.006459097865042507,0.004754144623080021
2022-06-26,81.41136061948038,103.29386902090069,87.37785289791047,59.79737705463044,-0.005147733583802716,0.0030314368419722517,0.0010152046885549826,0.0035702233796553245,-0.005614065655936695,0.0028287028410281345,-0.011006852790764632,0.005103731330733162
2022-06-27,81.14005428204233,103.4595607788862,87.57266658382416,60.12194367411521,-0.00333253658179411,0.0030707699009906823,0.0016040812446669328,0.003574105577212952,0.002229554508981879,0.0028401696156151214,0.005427773515688683,0.00514634067696793
2022-06-28,81.44450583797557,104.48997441326652,88.02956252733073,60.11531379505183,0.0037521734318166633,0.003162624134061489,0.00995957866651409,0.0039041811224951564,0.005217335058185446,0.0029524251323033005,-0.0001102738643865564,0.005074958679682702
2022-06-29,81.40762532910738,104.36328648113248,87.71122528987318,60.21143071626224,-0.00045282991760753344,0.0031280982851763406,-0.0012124410293468113,0.0039081631766994885,-0.003616253771097755,0.0030467774751603773,0.0015988758128768765,0.004933806590295173
2022-06-30,81.27527785729798,104.22029972783258,88.19990374020279,59.964791875259,-0.001625738022382417,0.0031167223859945845,-0.0013700867241829284,0.0038820519282504085,0.0055714470834786756,0.003179955789707672,-0.004096212929493248,0.0049788693668298386
2022-07-01,81.31697081440782,104.26009238794934,88.28402955028871,59.74041926164757,0.000512984491828572,0.0031022658750938553,0.00038181295026662454,0.00388156892315121,0.0009538084115570111,0.0031788209426546125,-0.0037417392205443267,0.0050131005448941475
2022-07-02,81.44176633724618,104.6977581931009,88.27763530744924,59.8526487757012,0.0015346799270619105,0.003121985452700521,0.004197826753529199,0.003866008056238579,-7.242808095686559e-05,0.003181873602829994,0.0018786194579936133,0.005014413557930657
2022-07-03,81.71619412678191,104.05304025372732,88.15070054529717,60.47501668171057,0.0033696198139827604,0.0029875995626539517,-0.006157896315071798,0.0039314348431751635,-0.0014379039686551742,0.0031392251944008286,0.010398335223921418,0.005354201124790826
2022-07-04,82.07051958758782,103.2279757498164,87.72061167629805,60.72419632936097,0.004336049477000614,0.003039697487352479,-0.007929268591278515,0.004196049325046187,-0.004879018162517235,0.003264899825472364,0.00412037335949611,0.005155475335292653
2022-07-05,81.97830388000409,102.98717004086016,88.02477750756512,61.04454401881178,-0.0011236154961260514,0.0030342052192438265,-0.0023327562824621006,0.004127325364868737,0.003467438558106384,0.0033164571271101437,0.005275453753447401,0.005203963104349326
2022-07-06,81.6493528317614,102.3182000816489,87.78411203229618,60.96424695604686,-0.004012659846246547,0.0030807267634808486,-0.006495663090323345,0.004222111514315675,-0.0027340651357881107,0.003222027065360531,-0.0013153847580575917,0.005184041018630714
2022-07-07,81.54798957201733,102.15529351751948,87.54497803979727,60.77256236443989,-0.001241445966545962,0.0030558206516528305,-0.0015921562732672534,0.0042083010140438895,-0.0027241147283112443,0.003250219171028621,-0.0031442132262400335,0.004997524036057924
2022-07-08,81.6124531405526,102.37326246474,87.85151232266803,60.533258675975326,0.0007904985625468708,0.0030577578900723083,0.0021337019327649642,0.004166338984483561,0.0035014490806246634,0.0032036334330797873,-0.003937692918549618,0.004943899696839453
2022-07-09,81.37679759892958,102.01896438667734,87.27250026464242,60.37603461967553,-0.002887494892687137,0.0030243209897722746,-0.0034608458256830676,0.004201024980908677,-0.006590803535617806,0.003386225517611063,-0.002597316908732661,0.004809564801158476
2022-07-10,81.14539989963568,101.45077144826784,86.81218428580279,59.79510676475407,-0.0028435341045781604,0.003023578255098705,-0.005569483495793004,0.004328266278058452,-0.005274467643802794,0.003315997404486746,-0.009621828571234947,0.005116570228319021
2022-07-11,81.23327982037578,101.4986799647597,86.81576714611077,59.58054417691689,0.001082993254686082,0.0030027265337266907,0.0004722341270346764,0.004278062864035558,4.127139914134048e-05,0.0031853823387614035,-0.0035882967594875748,0.005116612696749038
2022-07-12,81.224949815698,101.86818712126708,86.91399601151538,59.41215540631278,-0.00010254423674882496,0.0029272827730096253,0.00364051194198467,0.004326469294779505,0.0011314634269059543,0.003194998582706017,-0.0028262375399610296,0.00511686786710581
2022-07-13,81.23658187869012,101.19318171277868,87.06977207666424,59.34817646871824,0.0001432080046650519,0.002828775421755461,-0.006626263091193074,0.004349495174492882,0.001792301266739793,0.0032215485960102705,-0.001076866125408027,0.005028521867102918
2022-07-14,81.05532186242328,101.54759101526382,86.98483051841417,59.36666782736392,-0.0022312609919692417,0.0028321695412714194,0.003502304171945747,0.004307374267301422,-0.0009755573745533486,0.003212913166689545,0.00031157416699101326,0.005000692432084296
2022-07-15,81.00439643056987,101.8984787479458,87.76300640738978,59.44669015163468,-0.0006282799288596097,0.0028306241313433424,0.0034554018384269636,0.004308553840577666,0.008946110308404531,0.0036385808377596544,0.0013479335660788738,0.005003889812608573
2022-07-16,80.78535135057791,102.30277849236404,87.6941089266224,59.42539595302203,-0.002704113475861858,0.002846307838970656,0.00396767203383197,0.004361705791683106,-0.0007850401164194443,0.0036365355623483937,-0.0003582066311569321,0.0046096148718954965
2022-07-17,81.00845277341817,102.81276458339264,87.62503289219316,59.25274427169574,0.0027616568983166445,0.0027794434992243237,0.004985065885250162,0.0044337777588572295,-0.0007876929850219039,0.003620170793766905,-0.002905351803844658,0.004615509040890453
2022-07-18,81.2656603404448,103.72455398180742,87.38302111843844,58.71315017789926,0.003175070726829432,0.002846016840617732,0.008868445490299193,0.004691822451508924,-0.002761902230068003,0.003544534356960515,-0.009106651521864406,0.004868630979267397
2022-07-19,80.81915507473363,103.5736436794303,87.42549023717608,58.54837689833476,-0.00549439042075861,0.002951173984203676,-0.0014549139676568457,0.004650719496522105,0.00048601110597989994,0.003547972988065103,-0.002806411835598044,0.0048417305937852005
2022-07-20,80.60101304735501,103.6174630937966,87.61791720397594,58.2803998929888,-0.0026991376880506346,0.0029028984314569827,0.0004230749523683741,0.004641784918129164,0.002201039608446198,0.0035718905137519645,-0.004577018519425158,0.004862076328884154
2022-07-21,80.24815733034627,103.44285692673348,87.98963978818507,58.39248257476002,-0.004377807470005712,0.002892486076510156,-0.0016851036673718456,0.004604912040637034,0.004242540750469592,0.003613669365077688,0.00192316253795477,0.004849884546043378
2022-07-22,80.10351526405358,103.44350462759796,87.53041616833686,58.62059294268748,-0.0018024347362551874,0.002807816759923851,6.2614363496305e-06,0.004327495755705766,-0.005219064664359285,0.0037331060766714217,0.003906502307645665,0.004771524788394912
2022-07-23,80.0964948769651,104.07761600926678,87.45854966141604,58.85598527650013,-8.764143577655314e-05,0.002799896356729257,0.006130026084785634,0.004458944369543045,-0.0008210461010786929,0.003731674977999909,0.004015522907500957,0.004849605519968995
2022-07-24,79.76129185113172,103.51094533811003,87.59946041307101,59.04283868683928,-0.0041849899467920615,0.0026933822327175018,-0.005444693036649517,0.004583093335474436,0.001611171831690461,0.003736100460428249,0.0031747563049251415,0.0048721795916092416
2022-07-25,79.55650136642414,103.1536334891784,87.78244731572566,58.9925916347035,-0.002567542224489072,0.0027073262105297958,-0.003451923347473018,0.004577039749499491,0.002088904449773832,0.0037014752688840566,-0.0008510270382202645,0.004688042587634394
2022-07-26,79.33431719037061,103.72479243941063,87.78590679131577,58.8395718456862,-0.002792784652887015,0.0026135212874715667,0.005536973647100263,0.004684852807262023,3.940965074322733e-05,0.0035479521297378377,-0.002593881448111901,0.004291914510027494
2022-07-27,79.40283657959402,104.14503586403806,87.95403543575125,58.628238538285565,0.0008636790691598506,0.0025886789173872114,0.0040515234086673235,0.004732129424620895,0.001915212254230747,0.0035420930089777223,-0.003591686696070462,0.004174541644693981
2022-07-28,79.43806200862406,103.98643024648256,87.70504871674714,58.21829342114921,0.00044362935314934404,0.002458897075779141,-0.0015229301736721101,0.004368514645761912,-0.002830873168815362,0.0034486861416430305,-0.006992280978536436,0.004320186437413465
2022-07-29,79.28454257894367,104.33616867611995,88.18555425391105,58.46839079307771,-0.0019325676608742404,0.0024659389375708794,0.003363308354834338,0.004409889637241351,0.005478653101439468,0.0035293128089594296,0.004295855430170414,0.004404642240782171
2022-07-30,79.34630767628816,104.4692842295404,88.4900340034543,58.411171257293525,0.0007790307585238132,0.0024798248491630544,0.001275833252356362,0.0044079865308720495,0.003452716855036897,0.003437838993629579,-0.0009786405099926343,0.0043649232925413485
2022-07-31,79.23545474136291,105.08554855163244,88.06894605546948,58.07266712459598,-0.0013970774213905024,0.0024695204781194037,0.005899000138049892,0.004533919805428038,-0.00475859177507354,0.0035462756336686776,-0.005795195087023308,0.004427239403096329
2022-08-01,79.19105547083517,105.09968854990574,87.73679301844486,57.847811533168446,-0.0005603460051144538,0.002428722154969885,0.00013455702014386617,0.004472905852630123,-0.003771511433955599,0.0036099118456834867,-0.003871969423155708,0.004425759375624936
2022-08-02,79.60918319236583,105.51355814102877,87.41751210562431,57.614592405682,0.005279986723812025,0.002566501330600961,0.003937876475499813,0.0043613312398890795,-0.0036390766272186292,0.003658020199658591,-0.00403159810726339,0.0038807094667324166
2022-08-03,79.94670798108433,106.60691622811883,87.62998539072115,57.61959160439131,0.004239772036134459,0.002559822148055689,0.010362252077867451,0.004424180273018346,0.0024305574475753655,0.0035832418762422463,8.676966200016345e-05,0.003742876399501905
2022-08-04,79.64982299420959,106.82839301578788,87.23919535212755,57.89019164537526,-0.0037135361088912466,0.0026118013598310607,0.002077508622378099,0.004379794507450127,-0.004459547001533282,0.0036087585159456518,0.004696320009379029,0.003706759275950411
2022-08-05,79.86524904721165,106.81349263015925,87.14480943247715,57.791764241973446,0.002704664554216585,0.0026286667566299583,-0.00013947963839944233,0.00414033986928934,-0.0010819210249410904,0.0035827263340472977,-0.001700243177717664,0.0037058321992949504
2022-08-06,80.07518967402831,107.08637216301982,87.29105176319923,57.198774902693245,0.0026286855587536184,0.0026969239814620843,0.002554729052868021,0.004104600030576228,0.0016781530842109316,0.003567485461749343,-0.010260793160723813,0.004011770577956115
2022-08-07,79.8132864032029,106.89112940876328,87.27717839145012,57.14636081683761,-0.0032707168336606474,0.0027262896339053694,-0.0018232268991176248,0.004149548905447219,-0.00015893234723241,0.003502394958545733,-0.0009163497984844282,0.003999623921282326
2022-08-08,80.02536367317892,107.87554700690798,87.36277347903851,57.10278018419305,0.0026571674909443566,0.0027633207141555725,0.009209535006222902,0.004275493900888222,0.0009807270258495038,0.003293510986139523,-0.0007626143121211015,0.004002772095221894
2022-08-09,80.40900476950415,107.90572518579944,87.04270569051742,57.04182470126427,0.004793993787919781,0.002893885701961419,0.00027974995009327763,0.004052006977448051,-0.003663663317624466,0.003216108455028475,-0.0010674696176291576,0.0037249824981874257
2022-08-10,80.14966729168478,107.7400853737476,87.2325656963266,56.87795761914335,-0.003225229295683696,0.002929576239139209,-0.0015350419244820612,0.004095573197171707,0.0021812282178386155,0.0032385657827063785,-0.0028727531592670497,0.00371384362263174
2022-08-11,79.94259274013372,107.33398526964676,87.05239514049498,56.93174936634583,-0.0025835983922112282,0.002954535928465342,-0.0037692573074551428,0.004214874803638917,-0.0020654047532985276,0.0032581948565299557,0.0009457397813519286,0.0037325817272644015
2022-08-12,80.20186040857263,107.7636682069518,86.96214531310584,56.94652741844323,0.0032431731265172292,0.0030319465463679806,0.004003232864461248,0.003922923839613722,-0.0010367299744422631,0.00324719484580413,0.00025957488153594,0.003744696695670397
2022-08-13,80.28040362165416,108.09131036695038,87.04398624692948,56.93791600810752,0.0009793190916196348,0.0030225581919281347,0.003040376830615754,0.003918160375988571,0.0009411098763603132,0.00324692960984216,-0.00015121923541416837,0.0037384819421106288
2022-08-14,80.4258700161741,107.82645302422642,87.08422002035306,57.04144733481425,0.0018119788635531098,0.003046597425800411,-0.0024503111473513917,0.003994863388835131,0.0004622234706650463,0.002779149196477467,0.001818319565682458,0.0037513022416556245
2022-08-15,80.51959368030266,108.02826541605222,87.10006424042997,56.92832774026984,0.0011653422475841335,0.0030202286495226356,0.0018716408280670116,0.003975634519000753,0.00018194134451920974,0.0027783977677122624,-0.0019831122776466925,0.003747934293509136
2022-08-16,80.62482161270083,107.32734278154884,86.87968522038022,56.80154078248746,0.0013068611947542053,0.002984069816740096,-0.006488326289456725,0.00420627477002831,-0.002530182060961672,0.002808662633986857,-0.002227133007680071,0.0037407238475984845
2022-08-17,80.3140456150239,107.36556371426316,86.79899238860773,57.15290324933959,-0.0038545945462032938,0.0029896441152956533,0.00035611552213787867,0.003968417555914862,-0.0009287882612352139,0.0027725336731309435,0.006185791124885487,0.0036960823450269812
2022-08-18,80.57895537121067,107.51841791055088,86.81079110489279,57.2933424802538,0.003298423758361979,0.0029015021801520008,0.0014236799118805266,0.003937736306960175,0.0001359314890687635,0.002770196325166292,0.002457254538785536,0.0037268168702178635
2022-08-19,80.87220804277162,108.20943143865104,86.40407349363015,57.50231557353296,0.0036393208401621635,0.0029359188479487794,0.006426931697181892,0.004045140573809143,-0.004685104306574095,0.0028459462873812796,0.0036474236662171755,0.0037354395798928916
2022-08-20,80.82478656648134,107.82479877144463,86.27879496152592,57.81413883352054,-0.0005863754364812124,0.0028149096481578334,-0.0035545207297801307,0.004109064291949506,-0.0014499146514599381,0.002707954032394243,0.005422794836650091,0.003864245901308034
2022-08-21,80.82290167538906,107.22680789421749,86.41157311947374,57.94369718566702,-2.3320706089680066e-05,0.002788962836605522,-0.005545949392353644,0.004294486009032247,0.0015389431204624326,0.002593495163456771,0.002240945809459438,0.003812986518886644
2022-08-22,80.46037437485127,106.80281076495012,86.03986013432333,58.17773440562497,-0.004485452675206059,0.002922520977285449,-0.003954208258121872,0.004290516033494084,-0.0043016574254061135,0.00268793443285467,0.0040390453375460655,0.0038139238669940485
2022-08-23,80.59614787973265,106.19658441208618,86.40597374021588,57.75483431357767,0.0016874580305683562,0.00281653633222409,-0.0056761273277546875,0.004302454558773554,0.004255162727147432,0.0028018818242029784,-0.007269105549878696,0.003952467013293266
2022-08-24,80.74507827248978,106.7358126615478,86.80471544529814,57.80097957330689,0.0018478599371691828,0.002773808940439126,0.005077642114827308,0.004289280412433544,0.004614746965077909,0.0029165147224715373,0.0007989852326244495,0.0039621554665875735
2022-08-25,80.7394901253907,107.3625536567394,86.43785999575142,57.74627096489745,-6.920727824699657e-05,0.002706128429595792,0.005871890413941427,0.0043015176024677835,-0.004226215680390055,0.0029987296614407315,-0.0009464996754952049,0.003945989210853374
2022-08-26,81.02139656584245,107.45872568486108,86.86319914339364,58.175374137562784,0.0034915558670725044,0.002757374348354237,0.0008957688211215231,0.004266778937712461,0.004920750556100417,0.0031299304430096654,0.007430837792559375,0.004166505737199177
2022-08-27,80.94755728265626,107.94129149385208,86.83059046609077,58.40882080709707,-0.0009113553495240234,0.0027723776084411633,0.004490708464254478,0.00428279929034955,-0.0003754026748318262,0.0030963985664305225,0.004012809079358526,0.004034807269025297
2022-08-28,81.092667860461,107.95136770524891,86.96915295712891,58.23231585039372,0.0017926492494151347,0.0027367766096803017,9.334899793578266e-05,0.004268850021433243,0.0015957796704406668,0.0029214644854071753,-0.003021888719278998,0.003994445249264579
2022-08-29,80.85149004327536,107.86244866442112,86.82821324749992,58.320269589016746,-0.0029741014021223977,0.0028201775332278994,-0.0008236953613276476,0.0042838126546349015,-0.0016205712581617293,0.002832727109241655,0.001510393968342072,0.004001991356346877
2022-08-30,80.8546371182396,107.67193510788188,87.12022028401869,58.35401637982783,3.892414304984548e-05,0.002796666464033339,-0.0017662639676572223,0.004214187436265761,0.003363043250543596,0.002812360004372757,0.0005786460016199424,0.003852547104063421
2022-08-31,80.82122590538793,107.49358917446206,87.25308730388353,58.46286131923955,-0.0004132256855324812,0.002794547745597738,-0.001656382726298422,0.0042368472675155255,0.00152509967756842,0.0027563187382518583,0.0018652518912021243,0.0037869110893866864
2022-09-01,80.88504825950324,106.7854271042402,87.01240249579614,58.18370933866198,0.0007896731755840936,0.0026567048146652335,-0.006587947017682283,0.004397369185629664,-0.0027584675284799687,0.002722701315372142,-0.004774860044109874,0.0038189262071668738
2022-09-02,80.80411124968168,106.8635233282698,86.66761718311358,58.26853976019607,-0.0010006424124503477,0.002575658360016522,0.0007313378440054752,0.0039771331813570334,-0.003962484689458146,0.0027635406678447397,0.0014579754797057198,0.003824057957349847
2022-09-03,80.78166269494862,106.8106704357659,86.237722165759,58.1987802210988,-0.0002778145119831654,0.0024622246692822037,-0.0004945830986832211,0.003960449630350231,-0.004960272721543646,0.00279050777175605,-0.0011972076078166083,0.003745267644392394
2022-09-04,80.99149797894526,107.09411648633056,86.31121019960393,58.2632370274703,0.0025975608448296494,0.0024589533137849523,0.0026537241027349,0.003989732427097532,0.0008521564809387261,0.0027960926163655996,0.0011075284761403736,0.0037316147357262038
2022-09-05,80.89339413484353,107.09607352015864,86.50033932489052,58.06341630727321,-0.0012112857096090446,0.002442588510311637,1.8273962121284626e-05,0.003962596326181665,0.0021912463612687727,0.0028102479976769832,-0.0034296192657967683,0.0032427830328919886
2022-09-06,80.5123585250322,106.98827198784971,86.71206173712869,57.90184712304069,-0.004710342715700366,0.0025286342034762294,-0.0010065871582923824,0.003952356049760492,0.0024476483432389617,0.0028546857071554293,-0.0027826331020119888,0.003288574725387533
2022-09-07,80.94686883404532,106.57855815952963,86.68914784547525,58.19996360136712,0.005396815060113136,0.0026628392565082554,-0.003829520943815279,0.0036111957347699083,-0.0002642526448386473,0.002845775634426604,0.005148652299346246,0.0033893881799074215
2022-09-08,81.29085625669073,106.57696788821607,86.35123961026696,57.91505398279018,0.0042495457526670055,0.0026334482410033983,-1.4921118666078037e-05,0.0036096924875571117,-0.0038979300593727784,0.0028557581881980152,-0.004895357332667771,0.003525219774399422
2022-09-09,80.98150942196197,106.8593773771854,86.1611521677382,57.65242415257365,-0.00380543211098594,0.0026627072912612003,0.0026498172594431324,0.0036452677110465344,-0.0022013284741098094,0.0028385143971560844,-0.0045347420429681096,0.00359266913621122
2022-09-10,81.15740006785546,106.33528714213828,86.52636751537256,57.63278515449797,0.0021719852735393452,0.002623450975978073,-0.004904485202053999,0.003688512069523591,0.004238747259592834,0.0029430094166746556,-0.0003406447927274403,0.003594312936481925
2022-09-11,81.04190656912317,106.3428814143382,86.39427553833173,57.42645881519584,-0.001423080318439629,0.002593742070543495,7.14181755090415e-05,0.0035989184436927657,-0.0015266095276375014,0.0029491771793771137,-0.003580016803786501,0.0036676239022522773
2022-09-12,81.11390632133222,106.4123423422048,86.45348553658393,57.192822069532525,0.0008884261890809153,0.0025930353680121646,0.0006531789146841938,0.0035453961351303424,0.0006853463135521043,0.0029460904554583865,-0.004068451206702184,0.003752485759897352
2022-09-13,81.19291192756558,106.0762969809177,86.14340038840439,57.21629619439421,0.0009740081549072244,0.002581203433259742,-0.003157954743693403,0.0035610314354385477,-0.0035867281261704465,0.003005771897031893,0.00041043830348397314,0.0037397578972647276
2022-09-14,81.14263589673159,105.80015142977486,86.26294009486547,56.82508021456494,-0.0006192169937054848,0.0025816055236653735,-0.0026032729177237757,0.0035502702721482027,0.001387682700266124,0.0030212570602107364,-0.0068374922155062245,0.003933398557510999
2022-09-15,80.95911626359448,105.87404792928736,86.14185945367645,56.56588118046968,-0.0022616917864323183,0.002613728923412015,0.0006984536270870922,0.0033839896203744467,-0.0014036229353633356,0.0029997305962366242,-0.004561349198567877,0.004000403880122434
2022-09-16,80.80018584479618,105.36957713594104,86.47561269007865,57.0887697378805,-0.00196309478330825,0.0025356633941110876,-0.004764820116099133,0.0034700499363567536,0.0038744605528475695,0.0030907077788625945,0.00924388600510917,0.00420085217412866
2022-09-17,80.58819984023829,105.4980489161975,86.72514911020745,57.20385270019609,-0.002623583130923479,0.0025169235535896922,0.0012192492724034665,0.003466097731468516,0.0028856276627160504,0.0031389483103622046,0.002015859911572493,0.004192609240695285
2022-09-18,80.39892199610074,105.09985002399864,86.58802244353504,57.00805729151301,-0.0023487042087152465,0.0024556144005999704,-0.0037744668862566,0.003243533405893895,-0.0015811638040328369,0.0030293979155180447,-0.003422766115234177,0.004176658723957332
2022-09-19,80.39608604715713,105.53059425989414,86.56419173474957,57.11285927834162,-3.527346975806811e-05,0.0024546290999854755,0.0040984286447329765,0.003332680715268498,-0.0002752194600703639,0.003016568175764711,0.0018383714830465525,0.004057484959391535
2022-09-20,80.2368886301521,106.49677896193808,86.41202624030667,57.255582354627485,-0.001980163772048016,0.0024763811660442367,0.009155493805563797,0.0036618743985253805,-0.0017578341736171899,0.003022929740355934,0.0024989656986056374,0.004063542252724089
2022-09-21,80.41579790246368,106.09899011881508,85.99887807131243,57.507886307073456,0.002229763334122614,0.0023810200967607498,-0.0037352194780009285,0.003654387019885277,-0.004781142011938244,0.0030476493141430427,0.004406626254943369,0.004077886930506076
2022-09-22,80.78796429597628,106.29895079406214,85.76046557025978,57.46960813533335,0.004628025875761388,0.002510555989790832,0.001884661437617119,0.0035230500320151442,-0.0027722745505465163,0.002977673534247954,-0.0006656160432625402,0.00386579341085996
2022-09-23,80.6578538451917,105.96103808793852,85.8416773702019,57.71699805682376,-0.0016105177537077964,0.002506085719214269,-0.003178890323934369,0.003437242346479715,0.0009469608099967886,0.002843505411931978,0.004304708688944503,0.00394782899099664
2022-09-24,80.72733556267323,106.37703356171036,85.96048844831681,57.18096735527742,0.0008614377170870213,0.00251137638323169,0.003925928636397513,0.003334817360959811,0.0013840721867832695,0.00276439047235556,-0.009287224207652156,0.004292455582778451
2022-09-25,80.85939761876416,105.80895064376918,86.02532719469382,56.90570142386822,0.0016359025746415234,0.0024443209613094325,-0.005340277867512011,0.0034499517264320848,0.0007542854577424762,0.002598958409789684,-0.004813943242668595,0.004108350048909029
2022-09-26,80.98393880341936,105.98884220410172,85.95413290847242,56.94578843840836,0.0015402190508813085,0.0024559622214049043,0.0017001544693338033,0.0033465465773992505,-0.0008275968083244489,0.0026006029493346587,0.0007044463654273247,0.0040201872248264835
2022-09-27,81.01148914447452,105.5933030572411,86.2551362356807,57.02815610089903,0.0003401951234063283,0.002433987492841726,-0.0037318942129674904,0.0033916745910670004,0.003501906389176135,0.002671711147795945,0.0014464223737944426,0.004019236500799999
2022-09-28,81.2009096202999,105.48474475631046,86.29214439541263,56.791595869236986,0.0023381927406316283,0.00240552550685491,-0.0010280794121175774,0.0033920737669184925,0.0004290545623952813,0.002662207627256069,-0.0041481304645990535,0.004045178835865582
2022-09-29,81.32583896524645,105.0297739730035,86.52210695764082,56.85667852321692,0.0015385214960119686,0.00241875621341316,-0.004313142951220428,0.0034500926436507344,0.002664930438794455,0.0026328512689402206,0.0011459909337605545,0.004053536669209626
2022-09-30,81.03037126506081,105.36020819597412,86.0006311052916,56.6954822610965,-0.0036331343635065405,0.0025162236718133542,0.0031461004862827213,0.003520739612039247,-0.006027082218472923,0.002814411272325736,-0.0028351332914143823,0.004035440337382358
2022-10-01,81.25056636152259,104.98891641350896,84.84009235597489,56.62415972142952,0.0027174390666617754,0.002558981003305563,-0.003524022862355647,0.003384722209949562,-0.013494537591193456,0.0036676315217033938,-0.0012579933501318807,0.003973045839825237
2022-10-02,81.47403751913693,105.2061519354757,84.95409709729972,56.88502677515218,0.0027503950756480045,0.0025920712953997295,0.0020691281459763733,0.003411030433868707,0.0013437602218357991,0.003639489279064959,0.004606992050849357,0.004077647447433985
2022-10-03,81.29291163597834,105.0444920381004,84.55931598766622,57.11596275329842,-0.0022231116644494398,0.002630514718214577,-0.0015366011815968195,0.0034161140661628352,-0.004646993177755077,0.003627150725513012,0.004059697098483417,0.004171535174716614
2022-10-04,81.30910875620991,104.9812879026664,84.52855066364144,56.85663734340405,0.00019924394274495327,0.002591725005855067,-0.0006016891910056721,0.003362115296556727,-0.00036383127826233874,0.0036165811257684423,-0.004540331588464563,0.0042181872390713035
2022-10-05,81.48265238945453,105.02892712135156,84.47158446682558,56.58456673306108,0.002134368902812156,0.0026038074562384794,0.0004537877143337976,0.003366076266680934,-0.0006739284699502912,0.00357549329853437,-0.0047852040334308565,0.004254370190102628
2022-10-06,81.43699418020022,104.69398408054538,84.97381828539727,56.47985186840253,-0.000560342697683458,0.002436303601910194,-0.0031890551487704366,0.003397619201511195,0.00594559486177193,0.003737879546669953,-0.001850590553296061,0.004243165187579002
2022-10-07,81.70505788474823,104.77077184873636,85.12167632078209,56.47363106330879,0.0032916699252780734,0.0023141870196309046,0.0007334496711091099,0.003355337425559012,0.0017400422667628312,0.00376317118366816,-0.0001101420221185645,0.004094101978730013
2022-10-08,82.2882782369197,105.40001295865083,85.19882721028809,56.30705363636624,0.007138118095383339,0.0025333213306777567,0.006005884072544099,0.0035629887928117308,0.0009063600817171835,0.0037200157135183513,-0.0029496496649171755,0.00404530587048932
2022-10-09,82.0933201633509,105.05319273364395,85.47556939333757,56.57228786550048,-0.0023692083215970383,0.00246352752664274,-0.003290514064196004,0.0035547802861235307,0.0032481924001890317,0.0037638885373730297,0.004710497388961787,0.004112834031230455
2022-10-10,81.7539203520954,105.530557703299,85.6107383778395,56.66078912162083,-0.0041343170257963635,0.0025785621238079864,0.00454403104973089,0.0035752762010627776,0.0015813756546028124,0.003684818205452748,0.0015643923811383686,0.004131990893362344
2022-10-11,81.8319776668776,106.1428130618057,85.4974610471553,56.7638962374276,0.0009547837516050706,0.0025619372297634004,0.005801687888621565,0.0037420550819528726,-0.0013231673132435562,0.0036827608997326714,0.0018197260822727657,0.0041134020974203525
2022-10-12,82.01207192432054,105.76958258275332,85.84293753005937,56.43935789992272,0.002200780948690584,0.0025829788629681866,-0.00351630476229281,0.003791903897595737,0.004040780611175521,0.0037650463547834897,-0.005717337233995146,0.004174961588939136
2022-10-13,81.95680038757537,105.13133329786884,85.53154456783959,56.73664683776134,-0.0006739439139663572,0.0025872183087944103,-0.006034336803637519,0.003904111591433498,-0.003627473280614857,0.003766306374212464,0.005267404678234833,0.004301085886700317
2022-10-14,82.31614289253775,105.24254054107492,85.65297725802856,56.01576024976049,0.004384535551205548,0.0026843529873990576,0.0010577935209001854,0.0038865171450524587,0.0014197415795835777,0.0037667859140343993,-0.01270583702385919,0.004722769096152019
2022-10-15,81.98470296144393,104.9951618959638,85.2127486923302,56.22919799663951,-0.004026426888423473,0.002764689931161865,-0.0023505575201746565,0.003902887015720335,-0.005139676165279994,0.0038673553120722928,0.0038103159883460247,0.004719846285528124
2022-10-16,82.15702345816834,105.76566539383934,85.30096343776434,56.46761995225482,0.0021018615729504475,0.00274322327580719,0.0073384666870555115,0.00404524850816771,0.0010352294320730149,0.0037943567190671375,0.004240180619854428,0.004456082222156369
2022-10-17,82.00822578321423,105.75788918457036,85.38529650502531,56.35842204334882,-0.0018111376080934827,0.0027145828165674388,-7.352300238483434e-05,0.004040160313155164,0.0009886531624287986,0.0037524477393640343,-0.0019338146179763704,0.004441944509324854
2022-10-18,82.4330308153189,105.39614117296624,85.91237425678094,56.68254280094728,0.00518002954030039,0.0027811153521460435,-0.0034205298005975937,0.004028988018888701,0.006172933436198846,0.003938696558273854,0.005751061613278763,0.004547367193269741
2022-10-19,82.92412828190217,104.89403901160254,85.46355165829077,56.66591609318719,0.00595753257797238,0.0029276693122897188,-0.0047639520363434995,0.004050678444170031,-0.005224190372724369,0.004041921897476285,-0.00029333030838929464,0.004531353904659876
2022-10-20,82.727720677022,105.33824003300349,85.30933954706181,56.681401139099066,-0.0023685217915402346,0.002942291003091508,0.004234759435203017,0.0037473128374164587,-0.0018044196413172786,0.004042463095027842,0.0002732691356548411,0.0045028930040315425
2022-10-21,82.5873307856971,105.07976390114776,85.58182441412085,56.76748389886162,-0.0016970114754278898,0.002973963253457644,-0.002453773024637118,0.00371464737800054,0.0031940801383032458,0.004007866841526363,0.001518712629409169,0.004428481636367667
2022-10-22,82.79751833254244,105.0831652340914,85.70691410495223,57.58050025507405,0.002545033782369588,0.0029073202530490627,3.236905772685539e-05,0.0036921499943669707,0.0014616385159784695,0.003986988887516957,0.014321867033263658,0.00518145655002593
2022-10-23,82.69687220430025,105.46988894474572,85.78466499956643,57.92316100601487,-0.0012155693826227942,0.002896793983588605,0.0036801680820408578,0.003724874686878993,0.0009071717891859787,0.003986665104961962,0.0059509860008661875,0.005236201394899713
2022-10-24,82.68200535142202,105.24645042579404,85.52065746185467,58.09819975130177,-0.00017977527422685657,0.002902717384611895,-0.002118505302198037,0.003659811458051748,-0.0030775609803115334,0.004015808535792718,0.003021912862606335,0.004946935499488594
2022-10-25,82.68487288958046,105.21039299371576,85.36911789071988,57.85080329643552,3.4681526485114134e-05,0.002901573926403701,-0.0003425999825400483,0.0035364765605220725,-0.0017719645245054538,0.00402238844225834,-0.004258246484835415,0.004927188603394923
2022-10-26,82.2052825388806,105.18710896700355,85.76773038816977,57.88090438173694,-0.00580021875755099,0.0031327947589047,-0.00022130918866158922,0.0035185483399545817,0.0046692821397094075,0.00411908185758526,0.0005203226850138964,0.004927118355223027
2022-10-27,82.20247257389487,105.45857946304686,85.77562789305249,57.66166049092403,-3.418229217078128e-05,0.003134214360491039,0.0025808342743640633,0.0034916168635502217,9.2080143044182e-05,0.004063964441718092,-0.0037878449404824543,0.004986771085533718
2022-10-28,82.03305326315798,105.6888598607527,85.91166087381252,57.86882106595636,-0.0020610001795819954,0.003147709590566516,0.0021836098957366268,0.003509362680364176,0.001585916467200299,0.004075393820460073,0.003592691803680159,0.004944463084062825
2022-10-29,81.91380409468019,105.57444035743065,85.89928788001328,57.89802360844331,-0.0014536721935151098,0.003155972472223719,-0.0010826070360945295,0.003418606989057051,-0.00014401995809887325,0.004040868288054919,0.0005046334442111444,0.004943578952059086
2022-10-30,82.271692746027,105.5812107893062,85.5660125714902,57.59749345825641,0.0043690884009384146,0.0031550668157460217,6.412946024281219e-05,0.0033723342791714727,-0.0038798378513754672,0.003952753981883335,-0.005190680639106882,0.005018438640240175
2022-10-31,81.96181263430267,105.4040437755092,85.87090228029042,57.61274732957724,-0.0037665459574404148,0.003220171908978955,-0.0016780165000243041,0.0033208420654572152,0.0035632104341134507,0.0031045087016903406,0.0002648356795575957,0.0050073305044814834
2022-11-01,82.16459841178977,104.76282986909456,86.04490105363354,57.386670655698055,0.0024741494968136823,0.003213297833476628,-0.006083390005228839,0.0034866958845785846,0.0020262832778346063,0.0031140940796220797,-0.003924073826681029,0.00501352894346222
2022-11-02,82.09705399861366,104.8594031599271,86.76061255469297,57.42118532763339,-0.0008220622321744031,0.0031856300079383545,0.0009218278176832406,0.003481501493569443,0.008317883945421878,0.0032803936661351756,0.0006014405704490855,0.004963727471825548
2022-11-03,82.02997017200563,105.64068723927836,86.46759021134318,57.19447059972423,-0.0008171283053489686,0.0031924993999898647,0.007450777477339576,0.0037386508254990663,-0.0033773660042460962,0.0033642984929536683,-0.0039482766964069604,0.004945416691408343
2022-11-04,82.22688700944451,105.24656812263846,86.73443449027585,57.19813059801856,0.0024005474709545283,0.00319814052857228,-0.003730751161692192,0.003806890835404085,0.0030860612430674284,0.0033789742311968103,6.399217015129466e-05,0.004854963296557103
2022-11-05,82.31161895359466,104.90469168017812,86.35198356968002,57.38786259246421,0.0010304651827621747,0.0031964332395839463,-0.003248338150674712,0.00380865909639215,-0.004409447330157024,0.003373309224627069,0.0033171013189061682,0.004865089625620604
2022-11-06,82.45272150615148,104.52654180316222,86.41851773760645,57.36963247118802,0.0017142482962990702,0.0031593220561980813,-0.003604699379592735,0.003864701006464995,0.0007704995898878408,0.0033660714286154014,-0.00031766510290942573,0.004866198026728425
2022-11-07,82.69129220846791,104.82074609449656,86.73234582497554,57.264298945476405,0.002893424230983488,0.0029296096418836345,0.0028146371845760854,0.00373336818818143,0.003631491207960469,0.003413582732004539,-0.0018360502093945907,0.00484288140257708
2022-11-08,82.60625738133317,104.99695341983288,86.11918694327818,57.31287501681093,-0.0010283407703965963,0.002899656838260376,0.0016810348323361701,0.003700592175716804,-0.007069552608835239,0.003649249592696651,0.0008482784602108495,0.004780038649076157
2022-11-09,82.45244030546827,104.91669006202258,86.07850057808012,57.48859943074677,-0.0018620511416566066,0.0028105264589129986,-0.0007644351116490311,0.0036008362035986805,-0.0004724425141734434,0.0036427973257584924,0.003066054771886595,0.004799989374631812
2022-11-10,82.18324631239966,104.51862660533368,85.93029411685933,57.19706847346808,-0.0032648396102202826,0.0028806886804497614,-0.0037940908777581717,0.0034743856382672927,-0.001721759326957173,0.003649220534861862,-0.005071109057542378,0.004898265283754843
2022-11-11,81.98122928958463,104.54868012702454,85.74193747324583,57.26075034931201,-0.0024581290211768136,0.002891700003443128,0.00028754225602622974,0.0034299408136141477,-0.0021919701957187065,0.0035986016079820314,0.0011133765688267072,0.0047676091542699405
2022-11-12,82.70972750732345,103.885505329502,85.88191506647229,57.59647267617787,0.008886158746967743,0.0033120549523878184,-0.006343215397045632,0.0034479118471774954,0.0016325452555832065,0.0035451737403399634,0.005863044490647118,0.004789369561597201
2022-11-13,83.0158060686985,103.9432179074918,86.24204268286185,57.73943000274622,0.00370063559147793,0.003285289814792566,0.000555540234479901,0.003441845770704396,0.004193288145831753,0.0036151091060570763,0.002482050027127425,0.004096538560433952
2022-11-14,82.6740579792858,104.30311128234332,86.22211946602303,57.74787420613787,-0.004116662905493951,0.0032894142520800244,0.003462403628602617,0.003491992033207409,-0.00023101513158818587,0.003471709371402881,0.0001462467397279621,0.004064941550368284
2022-11-15,82.34368684919926,103.77489566697054,86.30465474058175,57.90751142244332,-0.003996067668159298,0.0033608623666589433,-0.005064236424769053,0.0032956124768651947,0.0009572401498578742,0.0034712452516584206,0.0027643825595311533,0.0040318795023155055
2022-11-16,82.46312741275824,103.13808641091816,86.35906548613998,58.01787672481206,0.0014505127002355511,0.0033502783129225394,-0.006136448049015586,0.0034430425146200557,0.0006304497216491622,0.0034697515063775272,0.0019058892302177277,0.004001372638215364
2022-11-17,82.59798233788283,103.79562274868734,86.37908569753627,58.20642779000711,0.0016353360508580828,0.003228510416815024,0.006375300925687499,0.003647339337710438,0.00023182524363352108,0.0032929891843366654,0.003249878758738056,0.003923741902230844
2022-11-18,82.73239228942462,103.54080455110824,86.06910542367271,57.6669811835539,0.001627278872163851,0.0030480439810435644,-0.002454999457887297,0.003578039819733197,-0.0035886033217459312,0.0032128961884686363,-0.00926781846842395,0.0043375313225705245
2022-11-19,82.66644548795875,104.01311169608184,86.42502140115462,57.25773712689772,-0.0007971098096035689,0.0030206083540509168,0.004561555678664453,0.0035931857535335915,0.004135235003662752,0.003265130432185588,-0.007096679039840015,0.0045592995793530145
2022-11-20,82.63325992556742,103.94600101087428,86.53338593697507,57.5129110569398,-0.00040143932880443156,0.0030050308903282977,-0.0006452137053993834,0.0035729263511321595,0.001253856048440527,0.0032276647002091605,0.004456584259984631,0.0046165199011967304
2022-11-21,82.71279045366349,103.87634805658116,86.67119087166284,57.11812141571707,0.0009624517799213805,0.0029729481325635643,-0.0006700878688524758,0.0035725994352106246,0.0015925059813115539,0.0032292738326133662,-0.006864365478420509,0.00399984047441034
2022-11-22,82.73174081197868,104.05694652664376,86.4436305924726,57.21841219833068,0.00022911037351369679,0.002964768920946774,0.0017385908673284156,0.003513633809769049,-0.0026255584687557842,0.003273423350763453,0.001755848759164902,0.003845532607507514
2022-11-23,82.17844800530577,103.6855806215054,86.32375876282543,57.12427231756171,-0.006687793599440384,0.0032078910035463694,-0.0035688718296502664,0.003547292440466467,-0.0013867051722097345,0.003228214906398553,-0.001645272511978546,0.003796382556964608
2022-11-24,82.1239315713593,103.74099974905046,86.29066816171759,56.86524621449783,-0.0006633908922563103,0.0032086719192380496,0.0005344921368319877,0.003552176055645056,-0.0003833313282703976,0.003207121212342369,-0.004534431556938223,0.0038059917852045558
2022-11-25,81.91679953886701,103.5826129044089,85.84778958755027,56.95326233844716,-0.0025221884599168076,0.0030647452662775484,-0.0015267526342014337,0.0035571106200771685,-0.0051324040432427775,0.0032522398365926702,0.0015478016857137789,0.0038206952446257995
2022-11-26,81.96422522923417,103.0370757358071,85.36479147146892,57.00282774051327,0.0005789495028387659,0.0030673298067672226,-0.005266686689061051,0.003610419883873799,-0.005626214936946927,0.00341247634036933,0.0008702820528798672,0.003778204650248535
2022-11-27,82.70230659281447,103.18338966877296,85.2135397621318,57.54191897584568,0.009004920884886802,0.0034623418143349418,0.0014200124753251941,0.0035915380428476738,-0.0017718277843818964,0.003408490509277337,0.009457271800382472,0.0041263123009061264
2022-11-28,82.7914887853349,103.08046061899992,85.39890671688065,57.37477267358637,0.001078351937141564,0.003449545000123697,-0.000997535069389044,0.003591335210984542,0.0021753227863352542,0.0034375401288654476,-0.0029047745579960926,0.004153649770441825
2022-11-29,82.71093025444698,103.0225431226484,85.23174412171232,57.7422088164066,-0.0009730291370505517,0.003372534691543933,-0.0005618668756787182,0.0035880164552332147,-0.001957432496442979,0.003383864892328361,0.006404141152952958,0.004221222878188364
2022-11-30,82.93768983617574,102.53129287883372,84.95730058159852,57.82725501954298,0.0027415914804871377,0.0033186070800255577,-0.004768376210921521,0.0036574512775026575,-0.003219968603738743,0.0033554323363767834,0.0014728602330884577,0.0042286810966501035
2022-12-01,83.0539805761112,103.1964377200684,84.74681709511756,57.64821658446017,0.0014021458780100193,0.003301228503457878,0.006487237433167925,0.003763367781322737,-0.002477520884491713,0.0033461403320536967,-0.0030960908488965044,0.004203921284386816
2022-12-02,83.153920079901,103.56404629940695,84.64527462240389,57.84958616552279,0.0012033078137443365,0.0032968393418725457,0.003562221598537363,0.0038279706800044984,-0.0011981862705203739,0.002902999131782847,0.003493075640381482,0.004247314389682763
2022-12-03,83.29978480917565,103.96540574782532,84.57482817342662,57.98970989671003,0.0017541533716569635,0.003296676601948938,0.003875470906747003,0.0036251752360034204,-0.0008322549521107003,0.002862543528030502,0.002422208013490579,0.004188686794542274
2022-12-04,83.8070152760625,103.8361950453994,85.25085220634394,57.991085547001965,0.006089217013571124,0.0034352104029866932,-0.001242824009549115,0.003577486124448956,0.007993206105380235,0.0032077195499933277,2.372231719016682e-05,0.004188827468229793
2022-12-05,83.51174381577124,103.11716965069932,85.59509819774946,58.052595192330514,-0.003523230833583857,0.0035170112372049354,-0.00692461231255348,0.003736315634850803,0.004038035779071247,0.0032297524925368904,0.001060674149282681,0.004156026078971545
2022-12-06,83.62201514822631,103.92931374427434,85.92889625535071,57.88829517635646,0.001320429048857319,0.0035130113651717166,0.007875934689888009,0.003993442111405048,0.0038997333332111417,0.003314546651582402,-0.002830192438937895,0.004195950759087048
2022-12-07,83.38034196318529,103.90217822589544,86.30442790524363,57.66581264337561,-0.002890066504767197,0.0035343703421639775,-0.00026109590645106984,0.003953100276857631,0.004370260369421786,0.0033464628083812492,-0.0038433077412809435,0.0042470210336516085
2022-12-08,83.51211236532295,103.58954196084623,86.02371307416462,57.85683223229015,0.0015803533427081184,0.003533093830162295,-0.00300894813166952,0.0039653540403062106,-0.0032526121531935015,0.003140931231095514,0.0033125274778640357,0.004282837819075597
2022-12-09,83.27369781375944,103.76408664627448,85.67907121257183,57.79135354043298,-0.002854849970990614,0.0035592706736126698,0.0016849643518475066,0.003983663307718712,-0.004006358819871658,0.003223201389854426,-0.0011317365526387624,0.004258660561539592
2022-12-10,83.16323706712815,104.24856429141016,85.3734471505039,57.76374200798708,-0.0013264782221912297,0.0035088768671277418,0.004669030112385952,0.004031499013087003,-0.0035670795416264944,0.003271476836435659,-0.00047777964616424473,0.004144249000395569
2022-12-11,83.08439580274828,104.23398412333226,85.80107295593946,57.82985880881964,-0.0009480302494265791,0.0034771326373650158,-0.0001398596534830654,0.004030916443953106,0.0050088853116321275,0.003383409162697207,0.001144607300950451,0.00414445467158042
2022-12-12,83.3231093172791,104.76227787748842,85.66214085242423,57.89189007109937,0.0028731449777592566,0.003130156993813693,0.005068344634424182,0.003958514900823159,-0.001619235036682709,0.0033823371743193346,0.0010726511106451397,0.004014488865885645
2022-12-13,83.5462284398466,105.20578455114796,85.3135531406422,57.51216190576057,0.002677758000099395,0.0030966778639599886,0.004233457716318334,0.004023514145380431,-0.004069332243080037,0.0033587044349064413,-0.006559263566493279,0.004171871797142748
2022-12-14,83.22570348704905,104.73781090727064,85.21436516594031,57.83991611786673,-0.0038364981733236547,0.00308355270691879,-0.004448174079722755,0.004075476224006296,-0.001162628574833513,0.0033618209670915195,0.005698867878470848,0.004305270379893502
2022-12-15,83.23386626273997,104.44551187006294,85.17356815141859,57.864401655659634,9.807998429467446e-05,0.002979064780523335,-0.0027907690133650576,0.003995594178188289,-0.0004787574775950709,0.003352240195604724,0.0004233328717664353,0.004275715258619207
2022-12-16,83.05110908073874,104.8386461701612,85.28433407735072,57.80443562308671,-0.0021957069905214066,0.003007401279135671,0.0037640133411125376,0.0038587929124917248,0.0013004730027890155,0.003361796490555749,-0.0010363199282655833,0.004263839252967592
2022-12-17,82.73355193332824,103.6900700668172,85.3891368813202,57.90966735539839,-0.0038236352400999873,0.0030843074186242907,-0.010955655622257532,0.004235879410378327,0.0012288634847570368,0.0033732883700409336,0.001820478500955236,0.004232826108078896
2022-12-18,82.67838149901891,103.62910785898931,85.17071211969876,57.96385014741725,-0.0006668447446060988,0.003072507267300062,-0.0005879271543417497,0.0042126010462507435,-0.002557992381689189,0.003344596750379786,0.00093564329572704,0.003870312156153376
2022-12-19,82.60106450338765,103.03768725605782,85.40602724829262,58.15615231319951,-0.0009351537152693101,0.003073818628249244,-0.0057070895923976295,0.004249309851984407,0.002762864401828047,0.003290157473433569,0.0033176223679618477,0.0036564190248908916
2022-12-20,83.20229675455694,102.84906702666903,85.24400715560135,58.28802672110266,0.007278747008697906,0.0033486504889186633,-0.0018305945563398263,0.004258081850781375,-0.0018970568929548293,0.0032861604934951052,0.0022675916933592166,0.0035966199777799994
2022-12-21,83.30529495781894,102.73587604279844,85.2278057022739,58.46661196009047,0.001237925000626472,0.003351093130461848,-0.0011005543087837522,0.004259940696090255,-0.00019005973402774767,0.0032631473488480907,0.00306384087837297,0.0033483385030051494
2022-12-22,82.95511818495814,102.59957748708096,85.46327494153893,58.81128444900639,-0.00420353559804465,0.003448061958249956,-0.001326688990910041,0.004244624104556077,0.0027628217965343094,0.003293375072995392,0.005895202019764678,0.003472762997714827
2022-12-23,82.81165425712383,102.38525894747666,85.30002091459855,59.03227536555109,-0.0017294162310086403,0.0032231989512291155,-0.0020888832571586136,0.004215763773576172,-0.0019102243279590647,0.0033003010040872985,0.0037576277854687312,0.003475156030495358
2022-12-24,83.06373071834656,101.95045561674884,85.16015711170586,58.97543232289484,0.0030439732605758163,0.003257428430272961,-0.004246737618262664,0.004268790964104876,-0.001639669033993818,0.003308144423602651,-0.0009629146480336637,0.003333718643426725
2022-12-25,83.58042992173407,102.90401920500943,85.36781763942636,58.663567734170414,0.006220515246775138,0.0033772929650067994,0.009353205755599836,0.004631575528903603,0.00243847046275536,0.0032251140184061194,-0.0052880424346352095,0.0035379480308226205
2022-12-26,83.17474207165301,103.68200402109365,85.14119895685702,59.09189068377439,-0.004853861728887243,0.003525093174346788,0.007560295721144694,0.004739354441543206,-0.0026546149220602056,0.003095149472931906,0.00730134504510338,0.00372039766966299
2022-12-27,82.70109976317478,103.20139949928564,85.05809484126269,59.01410932759023,-0.005694544962582482,0.003316862888226064,-0.004635370683134465,0.004814781647853216,-0.0009760740582999139,0.003083563585220454,-0.0013162780084393644,0.0034030101834625595
2022-12-28,83.16472702020047,103.86082170762052,85.25582863043545,58.87438321827719,0.005606059149797948,0.003467006116235938,0.006389663430285575,0.004948158067549544,0.0023246910190237724,0.0030874093183281925,-0.002367672932881537,0.003383945072215036
2022-12-29,83.25755670520809,103.69439882616312,85.89948699151188,58.40103714994154,0.0011162146300927045,0.0034645329103822698,-0.0016023643826532652,0.0049577783279915865,0.007549728521982324,0.003360829431057505,-0.008039932521767823,0.0035900733542757004
2022-12-30,83.03557392002867,103.7492669685696,86.10698062693926,58.47963658635727,-0.002666217866149956,0.0034697808509633115,0.0005291331357102358,0.0048671763043067725,0.0024155398675185236,0.0033164913293640057,0.0013458568589104214,0.0035888203316275322
2022-12-31,83.16555092100106,103.723749210082,86.27322727694289,58.50799410945841,0.0015653170663645355,0.003472108491935875,-0.0002459560364443947,0.004730363587488039,0.0019306988677711967,0.003279603278543992,0.000484912779156188,0.0035282500437526544
2023-01-01,82.50369951459503,103.45105329032975,86.45597342996159,58.09809442886052,-0.0079582399091509,0.003758324240195852,-0.0026290596110244424,0.004712772224438337,0.0021182255351601675,0.003272773601924962,-0.007005874784068555,0.003735685950159034
2023-01-02,82.50583521924868,103.8620495621102,86.15221593315812,58.208069514825496,2.5886168331989978e-05,0.003739667652559953,0.003972857295391652,0.004715584727154242,-0.0035134356222308316,0.0033520179254154323,0.0018929207067133191,0.003725819822131026
2023-01-03,82.58830646774165,103.91399489815686,86.21065122648275,58.06839235351633,0.000999580796604338,0.003549867356666333,0.0005001377910955895,0.004710764701560527,0.0006782796320639051,0.00304972256147257,-0.0023996185146389903,0.003754408444891326
2023-01-04,82.81800534143827,103.71504478153037,86.22481130596087,58.76304626858383,0.0027812517718392993,0.003550235597676629,-0.001914565182692396,0.004541262244267874,0.00016424976817441816,0.002970377260977758,0.0119626854974475,0.00433778107545881
2023-01-05,82.56494290168672,103.1750442200032,86.34493517081036,58.59996308600944,-0.0030556451910213056,0.0035723852557545638,-0.005206578878355073,0.004405111813505878,0.0013931473207084988,0.0028985191343155773,-0.002775267671267345,0.004336375689416126
2023-01-06,82.58715135164034,102.81306925639308,86.40226407931752,58.47367144216401,0.0002689815940413176,0.0035434400459926373,-0.003508357726876965,0.004445526357496181,0.0006639521865845488,0.0027900583415588175,-0.0021551488634909965,0.004289896048396171
2023-01-07,82.35871500910345,102.14858250239934,86.53877749158373,58.23272555708116,-0.0027660034133427658,0.0035522221417485828,-0.0064630572630475225,0.004560240439472147,0.001579974943028084,0.002732217508932359,-0.004120587593361091,0.004334645621980835
2023-01-08,82.42458852090577,102.1708559439602,86.46503126635785,58.55827557838533,0.0007998365661125995,0.0035297633355517452,0.0002180494434207425,0.0045443205039406185,-0.0008521754913055624,0.002623178368343327,0.005590499468980825,0.004434689106308999
2023-01-09,82.2054734824235,101.69887858541922,86.50403136057393,58.44877536056672,-0.0026583698191795513,0.0035509691018187762,-0.004619491088533656,0.004495763367011172,0.00045105048416549387,0.002519023631698078,-0.0018699358329299365,0.004451972006378979
2023-01-10,82.10895187100803,101.61267559968223,86.15327518122746,58.247503886825214,-0.0011741506657231282,0.00355245617554327,-0.000847629658615956,0.004493953435364501,-0.004054795757256979,0.0024957872457635477,-0.0034435533080013903,0.0045041071459951095
2023-01-11,81.86861314148845,102.19226246134036,86.08078489613692,58.42341368987776,-0.0029270709714714904,0.0035266217719259483,0.005703883479473593,0.004524156968681813,-0.0008414106711329694,0.0024808816038594827,0.0030200401959599166,0.004530333103535546
2023-01-12,82.03549322288823,102.6994384747083,86.52444665677544,58.050065792637554,0.002038389011322028,0.003508133722241441,0.004962959045551996,0.004554103751246553,0.005154016209004464,0.0025093231045180933,-0.006390381418347246,0.004521593581531741
2023-01-13,82.25241285453532,102.69801906074906,86.64195955392455,58.2051520093304,0.002644216827681234,0.0035016292185426384,-1.3821048881257347e-05,0.0045030667077521356,0.0013581467630212618,0.002494829653429625,0.0026715941588564274,0.004430276489266383
2023-01-14,82.19844548405008,102.67412461451988,86.65564271184898,58.66261202121198,-0.0006561189953258051,0.0035007403479921603,-0.00023266706064739573,0.004485229163947376,0.0001579276137668728,0.0024884150436124287,0.007859441923770749,0.00464490734097234
2023-01-15,82.21228972734954,103.45832933727516,87.25068962339093,58.80030417471593,0.0001684246364750397,0.0034857629538634404,0.007637802861232057,0.004666129227300885,0.006866799355705222,0.0027390296607730617,0.002347187565636677,0.004648218011425521
2023-01-16,81.85936249473647,103.67798710105995,86.8500803272601,58.956376684048045,-0.0042928768166355935,0.003502979149085302,0.0021231520477071886,0.004240478123842727,-0.0045914742663928365,0.0029059919594615455,0.0026542806456981705,0.004658372916903838
2023-01-17,81.79303442422355,103.54395005583356,86.53125364791768,59.17353996642965,-0.0008102685934939791,0.003503527006775619,-0.0012928206746118942,0.004245825155755684,-0.0036710003967878047,0.00295400791882287,0.003683457067679141,0.004691935042974888
2023-01-18,81.78856455810957,102.95664667703726,87.07112660570958,59.61380359013037,-5.46484935477487e-05,0.003502168713129034,-0.005672020224065433,0.0042442095202225106,0.006239051614675084,0.0031086381207177335,0.007440211012396558,0.004829616255124191
2023-01-19,82.43954941773201,103.12822586739358,87.1017776114406,59.920640395344165,0.007959362817278937,0.0035549219414501582,0.0016665188299551659,0.004240719351629528,0.00035202261560041137,0.003072036042016089,0.005147076461073263,0.00488730105943169
2023-01-20,82.16721491531942,103.47797560330416,87.04425895718198,60.0195357470127,-0.0033034448190957244,0.003583713400181308,0.0033914065035920427,0.00427605775427379,-0.0006603614281582848,0.0030780526221753355,0.0016504388306941564,0.004872840355938084
2023-01-21,82.53308848388858,103.22060246263216,86.69589050114368,60.24338472566286,0.00445279262472531,0.0036195636224458263,-0.0024872262833849357,0.004296005078120256,-0.004002199113552929,0.0031687759600527773,0.003729601968160745,0.004811726892089678
2023-01-22,82.78191097818777,103.34758150850162,86.8517155067228,59.98150996870616,0.0030148210720086777,0.0036522877140818446,0.0012301715242888367,0.004277456006872366,0.0017973747622681557,0.003144454587899729,-0.004346946277159258,0.004867914106473215
2023-01-23,82.85160034348885,103.20275153005517,87.03593232336577,60.17101103118421,0.0008418429156515916,0.003610778379107089,-0.0014013872055103072,0.004203596161923841,0.0021210498326738048,0.0031267595135378926,0.003159324641492267,0.004882090457553572
2023-01-24,83.2881783524356,103.13376077448537,86.71971975419501,59.877503255201695,0.00526939741823651,0.00355733982252708,-0.0006684972498015584,0.003852371833266892,-0.003633126695258837,0.003207890263236146,-0.004877893373445241,0.004865344936257932
2023-01-25,83.37702733119515,102.11515880083152,86.69707248617509,59.75924000750559,0.0010667657825771393,0.003447662667748045,-0.009876513432697798,0.003997746704974932,-0.00026115476484611655,0.0031553183368112922,-0.0019750864893625097,0.004723681186452934
2023-01-26,83.46954358579133,102.04263179062582,86.61543453979503,58.91166670179496,0.0011096132538843673,0.0032736410836180204,-0.000710247244947837,0.00392122674968631,-0.0009416459407332045,0.0031547283059053482,-0.014183133948895255,0.005416781054600616
2023-01-27,83.45068725517764,102.45711382350326,86.71394471938589,59.004726030490055,-0.00022590671763178527,0.003117975546253669,0.004061851655569715,0.003804160101192796,0.0011373282384861128,0.0031398845947818565,0.001579641756974226,0.005406315391310371
2023-01-28,83.75166206617408,102.21301583529832,86.39438356980543,58.81983669382233,0.003606618721738064,0.003178012088600587,-0.0023824406046166757,0.003814983989109037,-0.003685233679710853,0.0029425220194712835,-0.003133466573036592,0.0052230676027244256
2023-01-29,84.01931508298512,102.25164502296504,86.79581501550794,59.10115167982863,0.0031957934948152467,0.003175781924304395,0.000377928264331473,0.003813714748899581,0.004646499333815557,0.0030275213794697495,0.004782654999037961,0.005285221012973463
2023-01-30,83.85154193950538,101.95924626189874,87.09356877880668,59.19041167047606,-0.001996840170787273,0.003197135082987614,-0.0028595995790642315,0.0038380183425565932,0.0034305082940409015,0.003068001811200704,0.0015102918997413894,0.005289330684829617
2023-01-31,83.5110877933964,102.12599583787328,86.99992753177479,59.47476156758449,-0.004060201377746875,0.0029178412434513264,0.0016354532039812852,0.0038378943401319466,-0.0010751798134455148,0.0030588466422860412,0.004803985799109789,0.005156947315681507
2023-02-01,83.45456873420066,102.05564758402711,86.95193995828662,59.16793067506771,-0.0006767850915265772,0.002923834572335375,-0.0006888378739321466,0.0037470955383630457,-0.0005515817639117904,0.0029812170240040223,-0.005159010047784851,0.005264714795330961
2023-02-02,83.24912563746042,101.69106061605368,86.92879247523763,59.42949137477244,-0.0024617357666129047,0.0029667377120740123,-0.003572433046130641,0.003780318253660986,-0.0002662100818002777,0.002982206174088974,0.004420649779711683,0.005279796487330105
2023-02-03,83.22988857206458,102.2555925452965,86.71060878778923,59.9761336549121,-0.00023107828759205695,0.0029295537881686654,0.00555144105905514,0.003940874497148883,-0.002509912783046575,0.003025463514694027,0.009198165212157772,0.0050990304647506425
2023-02-04,83.53570054672437,102.65242128625108,86.5965468364036,60.16241442232732,0.0036743047468459356,0.0029317425160324357,0.003880753424599259,0.003912977415839245,-0.001315432482601686,0.003028786889213405,0.0031059149042023115,0.005074046684215609
2023-02-05,83.4154154348638,102.41693240414844,86.53615573385346,60.35524700126895,-0.0014399246199329196,0.002950792538285555,-0.002294041184337736,0.0038833346975198717,-0.0006973846505015091,0.0030302659562018923,0.0032052001368825245,0.00505747050658746
2023-02-06,83.40007616682722,102.63615906100976,87.04673852367213,60.37894192826474,-0.00018389008742114576,0.0028942817149887686,0.002140531372256227,0.0037127939141422,0.005900225004089599,0.003202922867615056,0.00039259100365018895,0.004964050383922441
2023-02-07,83.41014700856235,102.86989719507514,87.35295819663533,60.213870584906914,0.00012075338774253375,0.0028938880713940303,0.002277346855180218,0.003732783375105297,0.0035178764667893603,0.003252409628186438,-0.0027339224253704053,0.004943889955712178
2023-02-08,83.61796688853616,103.14494798425348,87.65397359535578,60.39866785806401,0.0024915419457596233,0.0028587226834243785,0.0026737733455370893,0.0036421800931961137,0.003445966856014726,0.003301349258211936,0.003069015018666077,0.004929248748887382
2023-02-09,83.04814142541618,102.45390603490851,87.78018641571968,59.96668762463879,-0.006814629490807467,0.0031483394923468517,-0.006699716882405782,0.003865451419497066,0.0014398984459798037,0.0031937301712071983,-0.0071521483626156845,0.005091132416624244
2023-02-10,82.89562279724558,102.88145442573766,87.44859482573266,59.83407608122161,-0.0018365086268374853,0.0031149090063529047,0.004173080435639687,0.0038009779872089566,-0.003777522052831328,0.0032840457795885775,-0.0022114201846075154,0.005108504908771467
2023-02-11,82.9481178096309,102.65772295767113,87.45048788942526,59.33817356474714,0.0006332663971138075,0.0031002696705233765,-0.0021746530442765533,0.003717034539318473,2.1647731405893822e-05,0.00316647986077877,-0.008287961458639526,0.005211421700163932
2023-02-12,83.2463141272416,102.52380057834289,87.76215896738059,59.13434609746966,0.003594973888317421,0.0031290084269552034,-0.001304552404532311,0.003724580323827055,0.0035639718597042513,0.0032156901983725074,-0.0034350141743926255,0.00525267154233365
2023-02-13,83.1205939823418,103.6199770522676,87.38765623684127,59.29052465422424,-0.0015102187552429314,0.0031428528651422758,0.010691921951206718,0.004208682186459241,-0.004267246099523558,0.0033282786522895627,0.0026410803037739683,0.005085726454891827
2023-02-14,82.65087731831613,103.74831186448964,87.597618325456,59.40973328469848,-0.00565102631635972,0.003330162888857007,0.0012385141926571919,0.003980695877288285,0.0024026515603723375,0.003116988008119394,0.002010584847569774,0.0050815778727690605
2023-02-15,82.80669976168369,103.58990278569294,88.32322762353301,59.406974328851526,0.001885309006066871,0.003233472362207968,-0.0015268593382377071,0.003972529435756182,0.008283436375874142,0.0033230326561038267,-4.643945856042109e-05,0.005063353053938142
2023-02-16,82.6497873968165,102.67969325652888,88.65873986522148,59.43617787070619,-0.0018949235426454214,0.0032533435757762207,-0.008786662644592935,0.004279060984982764,0.003798686378610805,0.003274087922045275,0.0004915844003938741,0.005022441492779537
2023-02-17,82.35707706553025,103.26341044345904,89.10189736946896,58.9152509110284,-0.003541573916952756,0.0033297816725126298,0.005684835710132452,0.004287072995938225,0.004998463827944777,0.0032104353707277235,-0.008764476087459339,0.005083474207691427
2023-02-18,82.2075357306587,102.71475254547484,89.17048949713906,58.80316654597067,-0.0018157678756927087,0.0030109900160942816,-0.005313187852580281,0.004387789235476974,0.0007698166896006331,0.003209448767725947,-0.001902467753672088,0.00498106104189406
2023-02-19,82.16801179054774,102.3150898933604,89.47252052344696,58.61024769488839,-0.00048078244603344533,0.0029505940830800697,-0.0038909956185456673,0.004388008213322702,0.003387118630963526,0.0032314737170254216,-0.0032807561635554983,0.004985076845021472
2023-02-20,82.02529279269184,102.19615478521308,89.24501448817828,58.424975102489086,-0.0017369167726692947,0.002843278297477399,-0.0011624395606871785,0.004372577690286138,-0.002542747582583771,0.003165079775432573,-0.003161095536804326,0.00492857182076068
2023-02-21,81.49011566516214,102.79305735320284,89.49299046896031,58.572285455350304,-0.006524537850566392,0.003000229584056806,0.005840753688279854,0.004507986202093355,0.0027785975743763736,0.0031789504743312104,0.0025213592749129266,0.004927710929594908
2023-02-22,81.72133961654558,103.12288117036638,89.6951748284645,58.33426505776079,0.0028374478241450785,0.0030531166583372977,0.0032086195863427758,0.004542982279566147,0.0022592200623166026,0.003180724293953497,-0.004063703434808885,0.004904984009097099
2023-02-23,82.04400187459808,103.06632554986012,89.78163355259635,58.16575911702761,0.003948323162181522,0.002976291954585451,-0.0005484294063974327,0.004542440323215878,0.0009639172262854157,0.003057750408501321,-0.0028886271313494083,0.004864326065474284
2023-02-24,82.2119105843678,103.20257797736014,90.1898879838153,57.61071415231024,0.00204656898655875,0.0029993334721539556,0.0013219878245693817,0.004146731010294237,0.004547193173755071,0.0031062257656980937,-0.009542469197395764,0.005109104770465863
2023-02-25,81.93754693983793,102.96251793757038,90.01087727133097,57.52898458092675,-0.0033372736697112604,0.003028592288777382,-0.0023261050692203744,0.004171551308537786,-0.001984820210847227,0.0031381161352501447,-0.0014186522869237272,0.00448454111029217
2023-02-26,81.89652214600915,103.03029835252867,89.94469330346668,57.24236719110847,-0.0005006836958263428,0.0030277971025519123,0.0006583018395043272,0.004111781980197627,-0.0007352885547907695,0.003159752230367609,-0.004982138862803964,0.004525238014597964
2023-02-27,81.90380279921801,103.07011950039112,89.96814487606837,57.2594403075604,8.890063971067619e-05,0.0029247498913760575,0.00038649939385981824,0.004082926735367003,0.0002607332544073415,0.0030276777135717237,0.0002982601399927898,0.004512814249662087
2023-02-28,82.0598042261648,103.47874029421934,89.63717164036261,57.01094627859164,0.0019046908887638825,0.002873907193889131,0.00396449325768633,0.004137837800629394,-0.0036787824864197294,0.0030964758328295636,-0.004339791441097196,0.00442415380116261
2023-03-01,82.23199033335722,103.88411903130788,89.70465050310756,57.035776791762615,0.002098300243537743,0.0029112429961277476,0.003917507460333702,0.004138403043964535,0.0007527999992646972,0.003064784050634061,0.0004355393971122723,0.004405847081278284
2023-03-02,82.05717416498752,104.09026771602667,89.16069216155357,56.99651253243471,-0.002125890029671229,0.0028538694765080173,0.0019844100006918275,0.004141810034213266,-0.006063881175649266,0.0033064907393284297,-0.0006884145625167815,0.004258287222104486
2023-03-03,82.0851286524839,103.93816464112513,89.48806320162707,57.42346433884057,0.000340670852742031,0.0028587374609557845,-0.001461261251786805,0.00415276464775117,0.003671696934343327,0.0033357075428154014,0.007490840885447048,0.004493929682836635
2023-03-04,82.20532600065249,104.2469516073974,89.50045145506216,57.54758479858063,0.0014643011485973023,0.0028579445544855814,0.0029708718384477972,0.004096550912703527,0.00013843470281815762,0.0033313762109613634,0.0021614937581553306,0.004418478495108371
2023-03-05,82.5710146149672,104.20578172099972,89.33500314824292,57.06610058603873,0.004448478366374964,0.0029929322142093332,-0.00039492652555184193,0.004003317641814999,-0.0018485751091692482,0.003309619411829102,-0.008366714506388373,0.004168636536344076
2023-03-06,82.74924690441564,103.75245012225363,89.07337417470131,56.73898968899043,0.0021585333579774435,0.0029364764779563823,-0.0043503497719525885,0.004055114027508663,-0.002928627797857186,0.003361234265727274,-0.005732140337066038,0.004133227656378198
2023-03-07,82.94742570491003,103.58745603193132,89.0018839824681,56.75266728695741,0.002394931771684927,0.0029689308238785273,-0.0015902669298690775,0.004041222854204226,-0.0008025989011373191,0.0033630624190242944,0.00024106171156645928,0.004040308380412605
2023-03-08,82.9689916136644,103.62658463517552,89.2186098596802,56.51470319772164,0.00025999491329709024,0.0029700334295232294,0.0003777349569442645,0.004027636411244652,0.002435070669456696,0.0032443230562352607,-0.004193002736462725,0.004031778604157865
2023-03-09,83.32063967776348,104.00760100364192,89.39010234559852,55.76065614466884,0.0042383070742439966,0.0030770712333996644,0.003676820671141501,0.004058975309425183,0.0019221604796133551,0.0032115991635385636,-0.013342493375833486,0.004516790387354545
2023-03-10,83.42075979309881,103.93105001414604,89.16833684974951,56.10434156567533,0.0012016244201020765,0.0030494929117732264,-0.0007360134139927643,0.004040071851925153,-0.0024808730500344156,0.0032238185898803102,0.006163582797785061,0.004681813264977793
2023-03-11,83.20216666107083,103.4289801995147,88.90530206378777,56.28933547931882,-0.002620368509830606,0.002817103088392448,-0.0048307970963730185,0.0039422627594732865,-0.0029498675791717055,0.0032823540849260813,0.0032973190395069185,0.004708156363715122
2023-03-12,83.55123599676105,103.45829350720685,89.11310088734125,56.4234314592924,0.004195435644268386,0.002890953054348055,0.00028341483823579594,0.0038746659964405267,0.002337305185740046,0.0032009262019780374,0.002382262622781406,0.004778464934194714
2023-03-13,83.72207319379238,103.51080731367932,88.88940462559665,56.27061189648894,0.002044699817941087,0.002908556165494146,0.0005075843095054822,0.0038489944905249433,-0.0025102511248866755,0.0032506117776841376,-0.0027084414905484966,0.004629262198180589
2023-03-14,83.6053098207341,103.59279849941286,88.91168062921712,56.381149591634525,-0.001394654582764554,0.002856651543676941,0.0007921026592427882,0.003838193409090723,0.00025060358671868954,0.0032005526097822214,0.001964394759895738,0.004666600029219173
2023-03-15,83.48059127506333,103.97819297105411,88.95368410630414,56.20406932230295,-0.0014917538842711409,0.0028562840429976824,0.0037202824638764564,0.0033735502482809855,0.0004724179859132427,0.003074746471882742,-0.0031407708181574456,0.004605362568264832
2023-03-16,83.55150759556518,104.40223613975346,89.05401308171582,56.2585013694239,0.0008494947079158433,0.0026395341072175654,0.004078193288254095,0.003445080011349536,0.0011278788104132076,0.003057690630114111,0.0009684716387492465,0.004579720939990143
2023-03-17,83.66370072926044,104.14994770770696,89.32386098264543,56.02776281867456,0.0013428020262462592,0.0026306003381564753,-0.0024165041035020263,0.003464367548488792,0.003030159917464914,0.0027329736686622992,-0.0041013988132065915,0.004585867577607948
2023-03-18,83.70841699647575,103.8917847512844,88.92899979074988,56.41366259084325,0.0005344763239676364,0.002596388483567919,-0.0024787622279665023,0.0030700167537349075,-0.0044205566973001265,0.002789747844760488,0.006887652705634517,0.004844218186099461
2023-03-19,83.78146306395931,103.46074567690948,88.3376954884263,56.01649657794838,0.000872625120680981,0.0024864462057971257,-0.004148923568950358,0.0030102269085331354,-0.006649172977486795,0.0028938337016033936,-0.007040245122452604,0.004767461233331539
2023-03-20,84.20303779819605,103.75565859137558,88.17104947944398,56.3307977894827,0.005031837817333296,0.002572254690405858,0.002850481238430902,0.0028728556189208886,-0.0018864654331418595,0.002901136831737703,0.00561086877500383,0.00494869461017934
2023-03-21,84.46448897802014,104.35964633040632,88.73730150871977,56.34258995291259,0.0031050088768851403,0.0025937656153658074,0.005821251074213274,0.0029263454909808292,0.006422199039468168,0.0030838946119122004,0.00020933776712972474,0.0049444380831177425
2023-03-22,84.50137565724232,104.2245514669006,89.37074552292167,56.22035419499218,0.0004367122759929565,0.002546850191120093,-0.0012945124696762678,0.0029292856472255525,0.007138418719433881,0.0033342771335334535,-0.0021695090343302192,0.004934890903831054
2023-03-23,84.72831422285546,104.12176999235702,89.94335907377227,56.265155311923365,0.0026856197765781076,0.0021301992902885464,-0.0009861541555900022,0.0027739533806885167,0.00640716990218837,0.003498361652750156,0.0007968842881316274,0.004899125111309164
2023-03-24,84.45226883854414,104.73163409072323,89.87733513877306,56.45313788119252,-0.003258006332868324,0.002265117437476494,0.005857219853359963,0.002904453737503094,-0.0007340612545396752,0.003479451016202691,0.003341012181109493,0.0049428275392599695
2023-03-25,84.5419168023293,104.93602604411544,89.31211078761793,56.80159844977236,0.0010615222659859924,0.0022002798954719404,0.0019515780037877573,0.002908597293967241,-0.006288841900824238,0.0036625957247840625,0.0061725633270055535,0.0051027713976095745
2023-03-26,84.9889124527146,105.10960005213332,88.58020084638727,56.88092504467068,0.005287266568966498,0.0023290843163324276,0.0016540935897926268,0.0029120559649723544,-0.008194968574543271,0.0038318247653687998,0.0013965556791235567,0.004838913434355341
2023-03-27,84.91761367909035,104.597545047004,88.39686734984078,56.65177467243509,-0.0008389185314486847,0.002205974863019647,-0.004871629279108114,0.0030351790766537114,-0.002069689330061797,0.0038329189130481365,-0.004028597848147353,0.004880887595451784
2023-03-28,84.68663933629337,104.87560694083196,88.3442804812504,56.66609852128936,-0.002719981553766404,0.002299969659749807,0.002658397897417064,0.0030599655562281577,-0.0005948951605068142,0.0038328284989786175,0.00025284024970262386,0.004808175425849411
2023-03-29,84.50797781337907,104.47701434350564,88.75564635560502,57.12944003866504,-0.002109677799408516,0.0023679759376362985,-0.003800622556122013,0.0031636070080316775,0.00465639509557092,0.003948783233415137,0.00817669699285184,0.005052399374717305
2023-03-30,84.22032339842701,103.9985038399106,89.03087527826948,57.47332497751902,-0.0034038728933650786,0.002496501330730876,-0.00458005530309058,0.0032210364674082445,0.0031009736728380144,0.003951313181527524,0.006019399780940349,0.005103789586633764
2023-03-31,84.01314789926673,103.85467739917978,89.10500544845783,57.70379017573859,-0.0024599228642258053,0.002557119526382823,-0.0013829664410578424,0.0031531604690379317,0.0008326344086437842,0.0039520168225462005,0.004009950673807605,0.005149021469064542
2023-04-01,83.91267887045458,103.61327498976132,88.83015498903933,57.904490606195246,-0.0011958726856968749,0.0025269161703267108,-0.0023244250087127716,0.003157565573421869,-0.0030845681231397304,0.0038357201617545147,0.0034781152129768067,0.005174749645873739
2023-04-02,83.55265728282099,103.52590109832322,88.53659176903885,58.079653665233806,-0.004290431344581513,0.0026889647075075914,-0.0008432692765163452,0.003150712778962029,-0.003304769872761182,0.0038095136333077453,0.0030250341071098585,0.005030112116831141
2023-04-03,83.553467582638,102.93458017175986,88.62312272084044,58.374375630907565,9.698073566655196e-06,0.002685849577412174,-0.0057118162729320465,0.0032533879881897153,0.000977346767846221,0.0038162897801094263,0.005074444268771128,0.005093185252890846
2023-04-04,83.77656910761166,103.3408373247356,88.84640957840195,58.24453939723399,0.0026701647630962277,0.002615449161592464,0.003946750958694789,0.0033495536859521266,0.002519510153855098,0.0038392676802137173,-0.002224199098839308,0.004842220258003583
2023-04-05,83.54352998247099,103.81432939251576,88.97343083979393,57.880265343794576,-0.0027816742512019044,0.0026616637044551633,0.004581848570592406,0.003371482179887829,0.0014296724200193456,0.003813878747344867,-0.006254218115710919,0.004866982559066441
2023-04-06,83.92142420048098,103.00817247098992,88.65533996777206,57.8913012269103,0.004523321172678285,0.002745859717200558,-0.0077653723358150906,0.003650480193173782,-0.0035751220226027947,0.003866465273996618,0.0001906674589373658,0.004867146373861853
2023-04-07,84.04400213593657,103.42213016220823,88.86418549256376,57.67131347737425,0.0014606274455346568,0.0027525979670717645,0.004018687850567471,0.003729350527588572,0.002355701583995007,0.0038646814317943117,-0.0038000139031906244,0.00485410726907602
2023-04-08,84.29683224067661,103.0934121999516,89.00181422647444,57.39181313217574,0.003008306343278422,0.002702668943883716,-0.0031784102855072494,0.0037024692254366298,0.0015487536755984799,0.003858455625686986,-0.004846436266934706,0.004212851992402017
2023-04-09,84.1213556651875,103.45678777189846,88.67228990045676,57.20172620675815,-0.0020816508856241756,0.002735030974059798,0.0035247215529357057,0.003765852760960962,-0.003702445044312941,0.0038903480702150487,-0.003312091307863252,0.00416499476612165
2023-04-10,84.32943381860045,103.43474519132504,88.43582762680637,57.83850376018763,0.0024735473146810794,0.002706577457773225,-0.00021306074785565343,0.0036606497457953337,-0.0026666986260965864,0.003883730357287232,0.011132138759725851,0.004563052156904587
2023-04-11,84.04388873234716,103.45318503212852,88.65801308100099,57.867259000424525,-0.003386066683045974,0.002698953618446678,0.00017827511219148384,0.00366042763210027,0.00251239186828478,0.0038877562920411955,0.000497164317322607,0.0045551291993402125
2023-04-12,84.26152905800924,103.3829591116699,88.59242796109379,57.95465987539128,0.002589603229274706,0.002713593451651664,-0.0006788183508975587,0.0036612174558725732,-0.000739754001110704,0.0038642686887921233,0.0015103683235819787,0.004506260574262475
2023-04-13,84.29634473487269,103.89132982575325,89.09299124970657,57.62851802524314,0.00041318591357963896,0.0026965736893764082,0.004917355030766846,0.003769217375245785,0.005650181399618148,0.004004571247298331,-0.005627534539058288,0.004660380899969099
2023-04-14,84.42738434574133,103.37809548470136,89.25270352795766,57.14495016222055,0.0015545111864669892,0.0026849665507303073,-0.004940107532675597,0.0038139831281882586,0.0017926469412554713,0.004016318707257888,-0.008391120917091266,0.004903395275359141
2023-04-15,84.11968375793393,103.63666195299008,89.10276782638083,56.93171048969788,-0.0036445590514486703,0.0027814721468277324,0.0025011726814698765,0.0037637223260318566,-0.001679900951458202,0.0040247203023351975,-0.0037315575902566733,0.004964765686485763
2023-04-16,83.88653398300353,104.09779521983327,89.10305002696394,57.2987741931731,-0.0027716435026231556,0.0028257778347938844,0.0044495187142592485,0.003834796778792397,3.167135993686898e-06,0.003984553826516231,0.006447438524469495,0.005007713143880061
2023-04-17,84.03158528067421,104.39589887109088,89.12633134871312,57.38146473224292,0.001729136856459812,0.002840599705348821,0.002863688425178257,0.003840221780487475,0.0002612853515355784,0.0038992498711328586,0.0014431467380269236,0.0048748839802448315
2023-04-18,83.78608484124153,105.36339379045316,88.90247579116786,57.53205499101056,-0.0029215257407400053,0.002890528348663735,0.009267556770184537,0.0040929902716085,-0.00251166579121731,0.0037221352583985804,0.0026243711182754037,0.00466902668212297
2023-04-19,83.89821227242767,105.1270076390666,88.62390985166739,57.718414922151936,0.001338258392173275,0.0027440196168752335,-0.0022435320549438753,0.004102735146221278,-0.0031333878727384246,0.003753290559541689,0.0032392364773081717,0.0046061821261980706
2023-04-20,83.54890915950855,105.51864319680102,88.84936704026074,57.55888331379263,-0.004163415446623464,0.0027704553290682455,0.0037253562764671955,0.004025156643121881,0.002543977003166553,0.0035942089307012576,-0.002763963781307499,0.00465157751653992
2023-04-21,83.75928716104526,105.45879874823862,89.11819040979954,57.91338627947389,0.0025180221220491017,0.0028167549569114757,-0.000567145736045771,0.004016929258475516,0.003025608155621251,0.0033869051216540618,0.006158961836500998,0.004721028573786411
2023-04-22,83.4456474061172,105.9646918751708,89.31015895754493,57.74138858012146,-0.0037445370604100026,0.0028271377664857945,0.004797068930586734,0.004086269814333455,0.0021540893824554264,0.003188842712950208,-0.0029699126644472384,0.004776389587775333
2023-04-23,83.58265413368716,105.94162788692908,89.78581197440863,58.10071451379893,0.0016418678724268165,0.0028040192868992236,-0.0002176572954025735,0.0039651337308573035,0.00532585567437871,0.0033440055721147143,0.0062230220386694235,0.004856024050928726
2023-04-24,83.73717600984045,105.7577286178228,89.61333842856722,58.20816938289907,0.0018487313875692468,0.002821228921137895,-0.0017358546661426777,0.00397222250371143,-0.0019209443234814438,0.0031515884345835704,0.0018494586512292077,0.004759521860079877
2023-04-25,83.55853464753777,106.2927115522795,90.13784906200576,57.73072882877214,-0.0021333578562726663,0.002632079251812188,0.005058570578704069,0.004060840263673425,0.0058530419983922055,0.002908232209854038,-0.008202294612398409,0.005034584185083446
2023-04-26,83.70237837847958,106.06043849627628,89.84832667830858,57.5304127291988,0.0017214726365004651,0.002664115463093384,-0.002185220911303798,0.00396961018078815,-0.003211995701140058,0.0029513506181342367,-0.003469834932579352,0.005018234385043602
2023-04-27,83.76456142380772,105.44036616423426,89.52724163789105,57.06349998927709,0.0007429065521527001,0.002638473878690729,-0.005846405510229746,0.00410921958085797,-0.003573634059620634,0.0030398785610320804,-0.008115928910844339,0.0052606536517802605
2023-04-28,83.62546258691776,105.20832994019574,88.97607637713513,57.36010524746958,-0.0016605929109588802,0.0026294720688126876,-0.0022006393991187423,0.0040658316198840866,-0.0061563972113114485,0.00316224523881987,0.005197810478646314,0.0051323537501172245
2023-04-29,83.36996586634822,105.45728724326104,88.84251232142775,57.34990238079181,-0.0030552503109203544,0.002616231450983687,0.002366326917334627,0.003978698531315121,-0.0015011232361074045,0.003122393794381905,-0.00017787391835766275,0.005011130792694582
2023-04-30,82.87880484641327,106.03031027105284,88.6923750098784,56.77106808995353,-0.005891342461652682,0.002782092699783381,0.005433697782022406,0.004062863213375398,-0.00168992645104582,0.0031313157500227153,-0.01009303009785334,0.005270975848377283
2023-05-01,82.96957139761999,106.05713608259484,88.86350525342705,56.8666314192171,0.0010951720572578427,0.002792317952214816,0.0002530013490804617,0.004023781559654198,0.001929480899903524,0.003102964320789614,0.001683310398743032,0.005233974370089555
2023-05-02,82.58320767037542,106.59578255574324,88.94577425574612,56.728201492275865,-0.004656691853848205,0.0028107765741204275,0.005078832910676789,0.004085921742286753,0.0009257906503288282,0.0030423278419705103,-0.0024342909626691167,0.005198758588035224
2023-05-03,82.61318179323227,105.9902890566547,88.58012917288899,56.34924122145361,0.0003629566312863819,0.002813226551476762,-0.005680276316484711,0.004084143499600647,-0.0041108763841415374,0.003135491194232738,-0.006680280016877593,0.00518592332282118
2023-05-04,82.55404340913013,105.78256528544487,88.46737889678113,56.77668649061632,-0.000715846827569866,0.0027542144160575223,-0.0019598377649370224,0.004078742247205222,-0.001272861951779225,0.003106245331076704,0.007585643744213666,0.005420681892825945
2023-05-05,82.72892681808815,105.64292504023987,88.36240552173014,56.80364942496325,0.0021184111854015697,0.0027586842377202575,-0.0013200686221608304,0.004031441797240198,-0.0011865772034850286,0.0030974330680591314,0.0004748944683727885,0.005327176239369564
2023-05-06,82.65926320613084,105.57850414682694,87.82416221399163,56.72804522101893,-0.0008420707802785365,0.002603208365852879,-0.0006097984639140686,0.0037196728407017134,-0.006091315696539645,0.003222805232093127,-0.001330974412906083,0.005326514718163658
2023-05-07,82.58348614659509,105.5987226693288,87.53835761618542,56.62591607175232,-0.0009167400796542546,0.0025774694971313155,0.0001915022633180996,0.003671811295052376,-0.0032542820859459143,0.003225617525659351,-0.0018003290765388202,0.005298337644510995
2023-05-08,82.77139366259439,105.87507347718146,87.32041767159731,56.24072353604822,0.0022753642982054068,0.002545550211041787,0.0026169900626358267,0.0036126476031593706,-0.002489650828767842,0.0032216097668488083,-0.0068024071383854245,0.005364071928973708
2023-05-09,82.85968646452022,105.66827057327124,87.77869822392915,55.91314689963432,0.0010667067209928494,0.00254748828049514,-0.001953272825400032,0.003613544194655937,0.0052482634022135155,0.003339612673610729,-0.0058245452017333665,0.0054261410051614925
2023-05-10,82.9426905277819,105.71085414034556,87.85378502154731,56.240846202568456,0.0010017424250963192,0.0025020053103811304,0.00040299294048518064,0.0036098570511796987,0.0008554102434579214,0.003316542718299993,0.005860863161974539,0.00510406313300682
2023-05-11,83.06323513085013,105.67516315905011,88.07306803879752,56.12350248370601,0.001453348116647435,0.002468600768255335,-0.0003376283503305766,0.003613813079136255,0.002495999656661585,0.003316079237551072,-0.0020864500942925357,0.0051011108500344585
2023-05-12,82.6834156729936,105.26758632030652,87.62493830340678,56.13232043812886,-0.004572654282706368,0.002516552329187293,-0.003856883931469879,0.003701592711890726,-0.005088158563902101,0.003432774745832192,0.0001571169658451943,0.005084039143499576
2023-05-13,82.87714136747512,105.2079006501328,88.00892956109485,55.6191306139477,0.0023429812726616372,0.0025681906730869574,-0.000566990013356139,0.003615913308164806,0.0043822143002083536,0.003363323418176465,-0.009142501506717693,0.005231488618709999
2023-05-14,83.03388029510131,105.13628043124956,88.42420028176217,55.29525738945197,0.0018912202452932014,0.0025784772699564357,-0.000680749434601946,0.0034789697316721037,0.00471850666447482,0.0034699062953220754,-0.0058230544224745495,0.00512925156787321
2023-05-15,82.78383719820904,105.05647903185772,87.8166818090237,55.45478191340042,-0.0030113382152395785,0.0025547663394233644,-0.0007590281781371111,0.0034674057157039477,-0.00687050005318246,0.003664765126665186,0.0028849585204910877,0.005153653356096766
2023-05-16,82.72854134168729,105.06031941590236,87.61614676119201,55.55596513931736,-0.0006679547408433573,0.002519755535484472,3.655542314029425e-05,0.0033849229618326754,-0.002283564394607862,0.0036781683190833386,0.0018246077691721485,0.004994180426624208
2023-05-17,82.72460889035565,105.08259967297263,87.78619762061551,56.00069230917698,-4.753439705162954e-05,0.002487193857348802,0.00021207109586329764,0.0033504496575554018,0.0019408621094350043,0.003703703547923937,0.008005030040327599,0.005243132949684921
2023-05-18,82.69713286762384,104.8911614083025,88.00080169634958,56.34306528408635,-0.0003321384422407814,0.002445539029278669,-0.001821788433726601,0.0028997011838576953,0.002444622065322033,0.0037212951589949885,0.00611372754142292,0.005359098938167896
2023-05-19,82.78613570756126,105.41746732970896,87.80664160921329,56.28661192699334,0.0010762506129431415,0.00243945532204677,0.005017638420054649,0.0030191392018364817,-0.002206344526340276,0.0037010333307016504,-0.0010019575045903117,0.005307786285156146
2023-05-20,83.14711984862682,104.9110913365352,87.7292962402073,56.40876701039769,0.004360441974737395,0.002486978070343394,-0.004803530249782972,0.0030668176378253857,-0.0008808601216091505,0.0036628389331350764,0.0021702333685102992,0.00532200761789243
2023-05-21,83.41951934175752,104.60070062713044,87.56312588014022,56.33008052854928,0.0032761145981559103,0.0025187513817773537,-0.002958607192532936,0.003107821129152866,-0.0018941262176788154,0.0036132211266351427,-0.0013949335541034724,0.005164688255663272
2023-05-22,83.0914710880467,105.75930089282927,87.61569638661858,56.8530687055656,-0.003932511914469972,0.0025282628712781107,0.011076410184181151,0.0036285258004575276,0.00060037265629731,0.003583690425729412,0.009284349891018895,0.0054716774779343495
2023-05-23,83.2496549524086,105.30336975630152,88.00114957481296,57.14620472775231,0.0019037316621135503,0.002535065047455916,-0.004311026384239858,0.0037107549790495755,0.0043993622614548755,0.003534227009087123,0.005156028141679148,0.005429762767159754
2023-05-24,83.58340901816229,104.72122712119764,87.77873806475363,57.187337790789066,0.004009074463365403,0.0026223894025910453,-0.005528243174469205,0.0038278155340177866,-0.002527370507475646,0.0035433925050417136,0.0007197864360846129,0.005416537480594396
2023-05-25,83.67952123417797,105.02315309492296,88.10325385575648,57.23617130937952,0.001149895860251382,0.0026012134224348876,0.0028831401428850434,0.0037420314495947037,0.003696974895714078,0.0034261763817541625,0.0008539218728647047,0.005225822063418837
2023-05-26,83.95176180805795,104.1416732416397,87.87650993675678,57.60529558591976,0.0032533715521401163,0.0026497102193499284,-0.008393195474587944,0.004006800248895778,-0.002573615718789779,0.003412345117890014,0.006449143401731083,0.0053293780572217266
2023-05-27,84.45468228841659,104.04404871899987,87.63210784378882,57.75037798570424,0.005990588756296544,0.0028584344950207423,-0.0009374203390538627,0.0038835238409386194,-0.002781199357414721,0.003392614169298199,0.0025185601134201097,0.005116425798232753
2023-05-28,84.70595061003236,104.93851341114686,87.90162934920089,58.14942343931088,0.0029751852094792586,0.002875304059541602,0.008596980828406098,0.004201752254611438,0.003075602219822393,0.003298709020305926,0.00690983275824486,0.005180793995538931
2023-05-29,84.75909738728971,104.28209513234786,88.20145575823346,57.56704193705178,0.0006274267259218647,0.0027988847377471335,-0.006255265654728337,0.004321992924918913,0.0034109311881065363,0.0033634227498122587,-0.01001525841209605,0.005523138244642881
2023-05-30,85.0142242100124,103.45435655428447,88.47794006450866,57.68159906693645,0.003010022883525254,0.0025529809419409864,-0.007937494706189763,0.004392319548530768,0.0031346909628460207,0.003406568227117412,0.001989977703039436,0.0051810988846949
2023-05-31,85.03840901216284,102.8415607771204,88.08177139798997,57.54221684961639,0.00028447947828946774,0.0025546026221762853,-0.00592334433825914,0.004484549523535073,-0.004477598215214429,0.003476681579877388,-0.002416406957759909,0.005204015062667302
2023-06-01,85.03157854250186,103.22498925621412,87.95291359013268,57.99223980941243,-8.032217136144659e-05,0.0023439675461612223,0.0037283416956757076,0.004427676373150674,-0.0014629338830511873,0.003475262519927634,0.007820744219364295,0.0053458323338616935
2023-06-02,84.92911381001583,103.6994021021934,88.22221005083303,58.38837843150461,-0.0012050197613915348,0.0023754024151446318,0.004595910829322092,0.0044554089602656935,0.0030618253529983708,0.003455577854868318,0.006830890191412919,0.005266938598679382
2023-06-03,85.31556511707102,103.4919256117755,88.24871350576441,58.38722809273881,0.0045502806954946795,0.0024435853392577663,-0.0020007491481334183,0.004455808247392991,0.0003004170368903214,0.003449555499030266,-1.9701502194546805e-05,0.0051301924170739175
2023-06-04,85.09090199204451,103.78205970702072,87.93057956289961,58.780935911026894,-0.002633319309533033,0.002527863324817887,0.002803446679826793,0.004500036221063675,-0.0036049697522675395,0.0035042107625578123,0.00674304691537575,0.005236895949759279
2023-06-05,85.4688849153143,104.36353484790408,88.08792837622049,59.24045042198588,0.004442107374829973,0.0025827743567409874,0.005602848339345767,0.004639522355925853,0.0017894663506490271,0.003335354944724493,0.007817407188863479,0.00535226252561687
2023-06-06,85.5806243269157,105.10799214312672,87.8825406452647,59.24532742414374,0.0013073694796896795,0.002554115434498049,0.00713330854792904,0.004837647455436067,-0.0023316217640921844,0.0033074446950028123,8.232554146903048e-05,0.005323684810325196
2023-06-07,85.20400589444827,104.99493582270574,88.45133089136348,59.88936945079665,-0.004400744157097458,0.0027405214578314,-0.0010756205890322112,0.004811884860660625,0.00647216434484621,0.003463158433383067,0.010870764913528896,0.005348518895000726
2023-06-08,85.28395752406843,104.0200980222192,88.94152625920873,59.86192087521172,0.0009383552895294578,0.00274046486248658,-0.009284617327950495,0.0050792157419721744,0.0055419784293275764,0.003477620438757853,-0.0004583213320934476,0.005160388213911795
2023-06-09,84.7319915572856,103.68052243669048,89.13728119767248,59.78530776643734,-0.006472096075361589,0.0030583215793079242,-0.003264518991860421,0.005100539550572854,0.0022009397263236252,0.0034917490982807934,-0.0012798304440329034,0.005154689250762561
2023-06-10,84.88114318870008,103.50903286726302,89.56791513957033,59.99991650969633,0.001760275294764524,0.00306138434307577,-0.0016540191484102351,0.0051035664366161524,0.004831131666926947,0.0035633147571302584,0.0035896569119857613,0.005101439853785161
2023-06-11,85.09547671021846,103.40912954846904,89.59047725184645,59.88470264315063,0.0025251017300969014,0.0029081662688755405,-0.0009651652230399099,0.005068636261699099,0.0002518994914748607,0.003400729151214642,-0.001920233781109948,0.0051446216499011896
2023-06-12,84.93136814848373,103.33978194530324,89.83259459788069,59.88874066905479,-0.0019285227379780556,0.002942636826614455,-0.0006706139338817918,0.005068661582421118,0.0027024897451279895,0.003352267527794921,6.743000676179278e-05,0.0047019033297332966
2023-06-13,84.95142641288719,103.811381327771,90.2971955514266,60.24960070962993,0.0002361702730184767,0.0029373836298333396,0.004563580197192385,0.005154932174339687,0.00517185277376897,0.0033720204519817375,0.006025507241323558,0.004472524520569957
2023-06-14,85.43790626618687,104.34484714502962,90.37062541064314,60.23354456965019,0.005726564859962036,0.0029828315137377195,0.005138798948973289,0.005252690487674838,0.0008132019911373245,0.003053598425250511,-0.00026649371598530536,0.004509119449605636
2023-06-15,85.29255722053908,104.27194008765012,90.28513872819616,59.75294726825605,-0.0017012243394044502,0.0030092814421591573,-0.0006987125802020433,0.005253200266689057,-0.0009459565213644217,0.0030141063684822407,-0.007978897885353775,0.004916735279373395
2023-06-16,85.00720236576964,104.72963714112228,89.74253907055747,59.83359786942516,-0.003345600883223665,0.0031083258019294923,0.00438945562044224,0.005320467946309261,-0.006009844646439388,0.003267855892779354,0.0013497342784956068,0.004805981925449812
2023-06-17,85.37317696904887,104.87423057013164,89.71742998696695,59.62749900646301,0.004305218770810804,0.003159194082540273,0.0013806352524121657,0.005316824516778835,-0.00027979020708090996,0.00325669091607993,-0.003444534012678302,0.004855547564856296
2023-06-18,85.86082547176338,104.8945549557951,89.97727446564924,59.842347159629455,0.00571196387468742,0.0032710559214746975,0.0001937977094370602,0.005232376484882984,0.00289625414727146,0.0032355846126009913,0.0036031723071792143,0.00483332630597545
2023-06-19,85.84254533010287,105.26799649962103,90.27407264931028,60.01115500801128,-0.00021290433163290157,0.0032259806584663247,0.003560161382860194,0.005198724911749022,0.0032985905099220947,0.0032497987154538064,0.0028208761252550563,0.004835319358924715
2023-06-20,86.08400298178043,105.28756499571028,90.42980051474144,60.38877509923719,0.002812796973214793,0.003216144267654554,0.00018589216798980956,0.005165979396925348,0.0017250563850832457,0.0032071396587212073,0.0062924983059482464,0.0048486615575719485
2023-06-21,86.40933690114109,106.14317546519104,90.2534844682616,60.61326343825724,0.0037792610484146394,0.0031103254931865525,0.008126415208819848,0.004977044057512684,-0.0019497560038418404,0.003253729198424148,0.0037173852036433974,0.004676944503179007
2023-06-22,86.1929176669306,105.51228252512765,89.6256931349026,60.88706539380541,-0.00250458158772926,0.003184586175520834,-0.005943791838697088,0.005035893337547135,-0.006955868098142748,0.0034954622160410223,0.004517195412635511,0.004664211759321595
2023-06-23,86.0454559555066,105.28147460769532,89.47271271022663,60.67839541330275,-0.0017108332727965303,0.003179581183344949,-0.002187498098881191,0.004943734157968264,-0.001706881356506873,0.0034731594640364668,-0.0034271643600002344,0.004767638903287126
2023-06-24,86.34257307844047,105.21729860838968,89.38118636973537,60.8739395769592,0.003453025143913546,0.0032116414484782098,-0.0006095659235849649,0.00491918207128311,-0.0010229525597115208,0.0034367688169034093,0.003222632410177173,0.004767822059504788
2023-06-25,86.75583487514373,105.39206258444092,89.28793861561897,61.387911926233606,0.004786303928281388,0.003259743733823161,0.0016609814009926893,0.004658039162738228,-0.001043259302138555,0.0034009623136472445,0.008443224684425488,0.004844306811027215
2023-06-26,86.87548407142266,105.91457319863191,89.48676937849636,61.16905954985744,0.0013791486930085917,0.003127252669510489,0.004957779564968234,0.004723198984227451,0.0022268490678607478,0.003355080047890405,-0.0035650728214888794,0.004953731210214176
2023-06-27,86.61830391165923,105.88664730271938,90.11250303085018,61.63728511623359,-0.0029603306676484475,0.003181808483678993,-0.00026366433880786744,0.004476813349101461,0.006992471140702339,0.003522591468611469,0.007654614437786478,0.00498133415445372
2023-06-28,87.10913388847399,105.2670036507932,90.14971656624824,61.45465071406601,0.005666584943932351,0.0033057483434264096,-0.005851952703296748,0.0044569811894239674,0.0004129675033588409,0.003489343996563407,-0.0029630507220292923,0.004544156101678279
2023-06-29,86.94048861201003,105.6111456151082,90.07930221299902,61.18999457972729,-0.0019360228822832282,0.0033210814774010146,0.003269229220740799,0.00420317564016548,-0.0007810823586724691,0.003469644310296173,-0.004306527354131506,0.004696597247417077
2023-06-30,86.82476318788258,105.91581664832366,89.99623368858097,61.244255785061,-0.0013310878047154695,0.0033419641814697895,0.002884837878057045,0.00402883229175886,-0.0009221710468141353,0.0033487023108075874,0.0008867659771241154,0.0046281774806919695
2023-07-01,86.88671116170111,105.07562295730663,90.03487301311723,61.41390787663148,0.0007134827846806413,0.003338725314130716,-0.00793265555235012,0.004308370645390608,0.0004293437953188928,0.003323848980782554,0.002770089854073454,0.004502720769979931
2023-07-02,87.26408855553682,105.06551734022254,89.77302368955587,61.63711417307425,0.00434332694597428,0.0033815220647657085,-9.617470541378736e-05,0.0042430345106491425,-0.002908310022531113,0.0033613707163893357,0.0036344584502121524,0.004419620648711246
2023-07-03,87.45655884657006,104.38886687730178,89.81236070119726,61.34010874195397,0.002205607074103,0.0033210393473162565,-0.0064402715567433155,0.004405583282554583,0.0004381829866555442,0.0033610605115192444,-0.004818613510786829,0.004572551784883863
2023-07-04,87.53261105408853,104.110106826029,89.9553404047572,61.43178174814395,0.0008695998164287566,0.0032559484247274705,-0.0026704002027384544,0.004411548436977759,0.0015919824670416194,0.0032700300980250457,0.001494503483448817,0.004470471994082626
2023-07-05,87.6208294730792,103.73584013905612,90.02139708517133,61.21338963194776,0.00100783488494538,0.003188560644433443,-0.003594912140454154,0.004335940310246669,0.0007343275020350593,0.0032642929911984894,-0.003555034706490212,0.004396197900207499
2023-07-06,87.59807107178257,104.0772402251332,90.16505344133488,60.7758182676319,-0.00025973734137751947,0.0031933734990203947,0.0032910524040623557,0.004165501037090621,0.001595802340499386,0.0032157014658823857,-0.007148294955512391,0.004645185020737665
2023-07-07,87.710808408389,104.12796931149832,90.30018755135464,60.49724343335896,0.0012869842363771866,0.003040238119156584,0.0004874176741753722,0.0041654997324158975,0.0014987415285867556,0.0030397877705340788,-0.004583645966660721,0.004344002793422
2023-07-08,87.0102782262254,103.59409515832756,89.73726142471766,60.27004775436337,-0.007986817073921793,0.0034523517393819075,-0.0051270965591739825,0.003916917780675914,-0.006233941942998089,0.0031505143871043187,-0.003755471590137227,0.00440631168975006
2023-07-09,86.9043575691955,103.96591115700296,89.9394950733942,60.39019808143313,-0.0012173349998318983,0.003201473061462917,0.003589162085996689,0.003927610502987429,0.0022536195719120578,0.003151623925720933,0.0019935329661500134,0.0044080122822022895
2023-07-10,86.93978121472887,103.37296619286266,89.72871140248506,60.68123996396119,0.0004076164478308275,0.003197721462154139,-0.0057032632864139066,0.004057368649017743,-0.002343616347157962,0.0030672975873665127,0.004819356315665768,0.004444788644895015
2023-07-11,86.61181282063978,103.51892396700102,89.38694926507111,60.25500983293183,-0.0037723627723313946,0.0032863190450658592,0.001411953042597558,0.004061803938786879,-0.003808838130762271,0.00314729110752192,-0.0070240840708346575,0.004629927158206015
2023-07-12,86.68742644645928,103.18984794957268,89.04690153016513,60.32923489030941,0.0008730174713706962,0.003251785878677319,-0.003178897198866104,0.0041026178143568435,-0.003804221283999598,0.0031736578421928583,0.0012318487306428594,0.0046335192646726605
2023-07-13,86.60885675070955,103.05029277381804,89.19056494658072,59.98810411695367,-0.0009063563076043835,0.003263922163780282,-0.0013524118750793956,0.004014939848420985,0.0016133454836373406,0.003025607350789276,-0.005654485325000014,0.0046225981230245804
2023-07-14,87.0403345071489,103.27098304872958,89.12841305616791,60.13841685226394,0.0049819126198755725,0.0032265978914494454,0.002141578339771577,0.0039125296365285795,-0.0006968437799450555,0.0030171649068027055,0.0025057090488675993,0.00464751297360611
2023-07-15,87.4226128818875,103.49698821727884,88.61165345773648,59.949435542156266,0.0043919681249295905,0.0032666703615535143,0.002188467291365015,0.003938755917411943,-0.005797922129565758,0.0031704358924293592,-0.0031424390597432073,0.0044420519435592835
2023-07-16,87.26855986610168,104.0587894144693,88.77242706454963,59.64656027631775,-0.0017621643955432198,0.0032092013815478784,0.005428188847496074,0.003985157910090975,0.0018143618873993628,0.003030371001412146,-0.005052178775320271,0.004533715922113527
2023-07-17,87.19863293733765,104.02708904994763,88.33629777779151,59.84384931308403,-0.0008012843213102139,0.003156278690906264,-0.0003046389901327773,0.003973875829154902,-0.004912891324250879,0.0031422520520672068,0.003307634771432255,0.004529268299637008
2023-07-18,87.14953574788554,104.15749664645544,88.39453876258345,59.66720935675977,-0.0005630499905588948,0.003018293946053927,0.0012535926718586499,0.003982774322029147,0.0006593097770346557,0.0030845928061777592,-0.0029516810558113393,0.00451405464356767
2023-07-19,87.00219160919407,103.97668366373468,88.48288398811873,59.56490109576376,-0.0016907048032672733,0.003042312647336481,-0.0017359574542628042,0.003926075272032745,0.0009994421235972606,0.0030124479290877756,-0.00171464799676313,0.00448915973990774
2023-07-20,87.02521710384399,104.0558386216348,88.77098125944434,58.95302212863642,0.00026465419116505906,0.003009518862972477,0.0007612760391177975,0.003930458751366573,0.0032559661071207557,0.0030667802612891998,-0.010272475163580097,0.004673057780670043
2023-07-21,86.79921276148464,104.2414314270692,89.33593028638037,59.19108621514119,-0.0025969983170471833,0.002985276819310137,0.0017835885798704876,0.0036147586626581224,0.006364118306689592,0.0033079229671711323,0.0040381998735419256,0.004684085056519918
2023-07-22,86.47885192849797,104.20120352166556,88.91568910955246,59.3952395745816,-0.0036908264809610847,0.0030292430104143834,-0.00038591090752415624,0.003470789520679967,-0.0047040555292899855,0.003175407670664282,0.00344905580374677,0.004646335075431624
2023-07-23,86.61737033577344,103.4505998127433,88.90957724005953,59.380935273029934,0.0016017604788509665,0.0030207624449278343,-0.007203407288536634,0.0036741806751173145,-6.873780717586708e-05,0.0031637360046423654,-0.00024083245819228605,0.00462093945676625
2023-07-24,86.75673204750625,103.5967529558806,88.8339101489521,58.95707288372167,0.0016089349190879787,0.0029711712154342185,0.0014127819790494822,0.0036920916041646577,-0.0008510566966608568,0.0031623600094030906,-0.007138021443403808,0.004703326976051365
2023-07-25,86.52197127305038,103.75533600228836,88.97981028837319,59.26486980611477,-0.0027059660837307487,0.0028827943881053132,0.001530772363833588,0.0036895263091676666,0.001642392405968085,0.0031756471402149067,0.005220695454134061,0.004511814203294257
2023-07-26,86.73110307687047,103.47895436635012,89.05678709146918,59.07223671584924,0.0024170947649828634,0.002907110287811076,-0.002663782380620261,0.0035598103171181885,0.0008651041494303069,0.0031507224728188287,-0.0032503756592349164,0.004506398627216489
2023-07-27,86.54167829782585,102.95610055390672,88.95608513926756,58.937967735996544,-0.0021840466951830173,0.002883685169198672,-0.005052755080925175,0.003642779524593502,-0.001130761118725121,0.0028499164302981483,-0.002272962517037569,0.004190846065588102
2023-07-28,86.58405740151143,103.57804172187348,88.82893560115988,59.53823963780157,0.0004896958843314536,0.002678947520598155,0.006040838421625283,0.003734492276760164,-0.0014293517740647799,0.002851052436509038,0.01018480828001822,0.004688651484952398
2023-07-29,86.77346569813265,103.78946036504156,88.4931202801628,59.333087174970586,0.0021875654976861725,0.002692452948945456,0.0020411531213901934,0.0036979370155608834,-0.003780472193260165,0.002913592080340584,-0.0034457260422715574,0.004670601654932447
2023-07-30,86.73939202607086,103.7000092592893,88.81335810690736,59.515901503622025,-0.0003926738639243865,0.0026826167321046825,-0.0008618515351910272,0.0036399356253648068,0.003618787830406589,0.003011923047704102,0.003081153153422278,0.0047183696040461786
2023-07-31,86.83275528337616,103.2349696312179,88.96763118229745,59.64995495287016,0.0010763651338163704,0.0026868962323940092,-0.004484470458518852,0.003453265239489384,0.0017370481049077124,0.0030342667107337434,0.002252397189009603,0.004705249950919738
2023-08-01,86.67246968792861,102.90700752484692,89.26364248887133,59.73736639368976,-0.0018459116600004766,0.0025758552155016354,-0.0031768509018071933,0.0034839533418150287,0.0033271798140532827,0.0030693857626084083,0.0014654066526733622,0.004648535391505091
2023-08-02,86.5971146736634,103.45795204806214,89.1743421120235,59.79530854482308,-0.0008694227190771953,0.002536745173536144,0.005353809584660141,0.0034776482736295533,-0.0010004115265513924,0.0030705497998057625,0.0009699482021263695,0.004605904866736059
2023-08-03,86.52008701124885,103.52408699389184,88.9778523175975,59.87836154920439,-0.000889494560007309,0.002528472686499366,0.0006392446836660515,0.003452020996374452,-0.002203434191632825,0.003070951106353744,0.0013889551940191591,0.0046041004089032375
2023-08-04,86.30349458590555,103.30460335466393,88.65233762500864,59.93289212304644,-0.0025033773407455717,0.0025430163284471275,-0.0021201214673920443,0.0034120171957002688,-0.003658378844962007,0.0031213052052294667,0.0009106891443120269,0.004585551152990588
2023-08-05,86.23689121478654,103.52600324593656,88.77690052998119,59.899804727557175,-0.0007717343479378691,0.0025430545393440754,0.002143175464432323,0.0033785652830936796,0.001405071860591356,0.00311706788027489,-0.0005520740667969148,0.004420588475525224
2023-08-06,85.81605214856151,103.19730085346582,88.46597831882404,60.28829667937737,-0.004880035218070011,0.00263948056820687,-0.003175070824379067,0.003419854193186981,-0.00350228729884694,0.0031394532285559796,0.006485696465742707,0.004526469864501162
2023-08-07,85.67316958400252,103.82876592795948,89.05330279081888,59.91084104729478,-0.0016649864562825467,0.002265542760266716,0.006119007660775111,0.003487459681059827,0.006638986909500488,0.0032323894505298482,-0.006260844191534498,0.004618314862790267
2023-08-08,85.58481550916206,104.39607950906392,88.65557022686772,60.16728883224661,-0.0010312922385092849,0.002263803987655043,0.0054639345467908385,0.003568344298329444,-0.004466230352909051,0.0032853165041172474,0.004280490483339783,0.004674119295175898
2023-08-09,85.50472537502517,104.2008534263264,88.75386153294306,60.369383517361584,-0.0009357984084022997,0.002258360317811868,-0.0018700518607173144,0.0034171828657148374,0.0011086873145569331,0.0032780230375161023,0.003358879700869233,0.004628360668634127
2023-08-10,85.42921005768737,103.94048981938036,89.25315740439966,60.53726962917988,-0.0008831712751148357,0.0021764198828566144,-0.002498670580756146,0.0034466427387518732,0.005625624201953894,0.003386395359239935,0.002780981054246068,0.0044705395731244385
2023-08-11,85.40051875954758,102.85636528922691,89.44854169271652,60.8186383191176,-0.00033584880534909267,0.00216211131404898,-0.010430242651707222,0.003910555700086782,0.002189102256983322,0.0033333080269861916,0.00464785894146269,0.004541577051845384
2023-08-12,85.51078865050152,102.26233099099026,89.5100995193772,60.76856466103106,0.001291208678303457,0.002184842309547518,-0.005775377115127989,0.004040595098119684,0.000688192624449524,0.003323619980622039,-0.0008233275106195315,0.004407593193396428
2023-08-13,85.72165650724631,101.73595749322712,89.2127533279021,60.23307504159117,0.0024659795573473975,0.002011647674846433,-0.005147286323930134,0.004110495190452683,-0.003321928956304343,0.00338006772904212,-0.00881195108732391,0.004699411305564217
2023-08-14,85.53929371835265,101.81777709722938,88.79005359871557,60.1925212787072,-0.0021273829312694614,0.0018058037105877676,0.0008042348646268849,0.004087084288404587,-0.004738108772777139,0.003322019962236974,-0.0006732806328744179,0.0046628133854692356
2023-08-15,85.21690618505234,101.71092953187195,89.0418722862696,59.90334273392275,-0.003768882338002544,0.0018811752308502587,-0.0010493999024885348,0.003929128853218508,0.0028361137013399595,0.003345648821202069,-0.004804227147181206,0.004653493155877311
2023-08-16,84.9397294156372,101.19069044422032,89.52161713926357,59.68719669891287,-0.0032526030552345597,0.0019341302311677053,-0.005114878902848008,0.004007569278518464,0.005387856754085263,0.003341332414479952,-0.0036082466377536093,0.004663154608790448
2023-08-17,84.8072413001366,101.1091382520967,89.39028686070763,59.33599132437644,-0.0015597897051484733,0.001937186272752998,-0.0008059258392804081,0.003986756078339077,-0.0014670230805999829,0.00335923914188655,-0.005884099002137155,0.00475531708216496
2023-08-18,84.71055045403244,101.34659078988116,89.04130312224055,59.19322378627714,-0.001140124883463156,0.0019320963456200412,0.002348477515379699,0.004029629685931829,-0.0039040454027280402,0.0034461740864556033,-0.0024060866754348487,0.004764705115981737
2023-08-19,84.50859128151525,101.59134123026084,88.2857485049593,59.01987586443987,-0.002384108843995536,0.0019381384063531005,0.0024149844456742287,0.0040635400892068615,-0.008485439799145622,0.003742915615482184,-0.0029285095615532164,0.004404259839121817
2023-08-20,84.17548346971451,100.84776517443028,87.99984540931447,58.37506145471663,-0.003941703520901174,0.001991731974896045,-0.007319285746461568,0.004202184786705142,-0.0032383833233148307,0.0035709854363342847,-0.010925377261115976,0.004768908072174329
2023-08-21,84.05866186931455,100.83172457452864,87.98450439189261,58.54955748056649,-0.0013878340293940195,0.00192865189663239,-0.00015905756437828433,0.004203706937542022,-0.00017433004967792876,0.003481566993968752,0.0029892221352987303,0.004756661776651378
2023-08-22,84.10380655492273,100.30966637294505,88.49679586714434,59.12406198097217,0.0005370616734103884,0.001889592901262371,-0.005177519315339274,0.004117442418823617,0.0058225193037393375,0.003659296717035737,0.00981227741296542,0.005113848114962087
2023-08-23,84.25300056329648,100.7124305254004,88.72077344287196,59.271369645998845,0.0017739269420145032,0.0018976092575692198,0.004015207776266738,0.004197086807109201,0.002530911696100979,0.0036888855528329546,0.0024915010926360726,0.004958783705176257
2023-08-24,84.10995760378478,101.0654120456892,88.82909528722625,59.20235407924535,-0.0016977788156546936,0.0018746658711237237,0.003504845612873675,0.004252147797061525,0.001220929892186362,0.0036830715104118044,-0.001164399729003951,0.004871638320991544
2023-08-25,84.00485147707337,100.73604959690768,88.71738958526342,59.17330679774515,-0.0012496276268088025,0.0017645179922599616,-0.0032589037348665917,0.0042621982508748175,-0.001257535063276638,0.0036852745745022983,-0.0004906440284675462,0.004834522795825922
2023-08-26,83.77134762064141,100.4642842833059,88.55002948818613,59.04692670916164,-0.002779647274249286,0.0017808469402401145,-0.00269779601929232,0.004204107032727929,-0.0018864407289220786,0.0036949862968413123,-0.002135761805833747,0.004832296036442794
2023-08-27,83.76548795953266,100.31848413393706,89.00090205023169,59.05735173083266,-6.994827318862473e-05,0.001766686097874917,-0.0014512635053237632,0.004000862763603028,0.005091726842459288,0.003806993115517457,0.00017655485648493396,0.004439640483328733
2023-08-28,83.55441907559799,99.45548981045438,89.0747766124112,59.03395580208765,-0.0025197594985256755,0.0016709842491637475,-0.008602545492319091,0.004184327459432874,0.0008300428476311073,0.003738578261423202,-0.00039615607641263484,0.004398926579159615
2023-08-29,83.70202530401589,99.63839279125354,88.43001356616433,58.79711494360626,0.0017665879321637767,0.0017539822734216302,0.0018390435877169153,0.004225434029587974,-0.0072384469629647175,0.003919849835225521,-0.004011942877001129,0.004409371679101638
2023-08-30,83.25634680531445,99.57718948855693,88.23797257782944,59.23042098868368,-0.005324584406203869,0.0018556658496786092,-0.0006142542144856877,0.004184442230283834,-0.002171672044256834,0.003920379978004918,0.007369512015904522,0.0046097564740410915
2023-08-31,83.17302927359563,100.01176306463546,87.99106064203468,58.81942374625356,-0.0010007348978888775,0.0018550677935846892,0.004364188006415581,0.004286436252226314,-0.0027982503289836202,0.0038860933730868056,-0.006938955279562231,0.004756526009945381
2023-09-01,83.2554021026581,99.6163802431375,87.84313516588911,58.99746341121203,0.0009903790902157095,0.0019028731762569173,-0.003953363178313629,0.00414968935475661,-0.0016811420963245283,0.0038912738435844846,0.0030268855697486163,0.00479320573775667
2023-09-02,83.30792748116208,99.41750247136872,88.03782601341113,58.95741920480887,0.0006308945387016873,0.0019344208265301003,-0.0019964364423137315,0.004136143166680763,0.00221634675440896,0.003907950449874178,-0.0006787445440501472,0.004780901332359751
2023-09-03,83.987204546973,98.86812984999617,88.02472759003935,59.44879671915897,0.008153810643825254,0.0025715509142088416,-0.0055259145292929635,0.004204469265037154,-0.00014878176762100903,0.003857597931006588,0.008334447487315044,0.00504173977976368
2023-09-04,84.07595829573337,98.52586864115344,88.02121902971771,59.52402990766265,0.0010567532190064455,0.0025963251424024536,-0.0034617951139767067,0.004163465274540882,-3.985880351686788e-05,0.0038454857280075805,0.001265512384701184,0.005048999862822665
2023-09-05,83.82262777977844,98.11815959653704,88.44612051568024,59.41120678588935,-0.0030131148200993607,0.0025173821903736538,-0.004138091348388273,0.0041793880117098545,0.004827262001666499,0.003904886636708715,-0.0018954214280908488,0.004896012589281423
2023-09-06,83.80071323226984,98.57094994483064,88.24716865657105,59.3292673561761,-0.0002614395192450658,0.002513408299885662,0.004614745630732164,0.004090770799613756,-0.002249413065821382,0.003716432951188266,-0.0013791914715441944,0.004776818963718204
2023-09-07,83.3564837136492,98.3533809760925,88.84137030954622,59.32471799446492,-0.005301023123626347,0.002648142792171218,-0.0022072321394885908,0.003859268255887092,0.006733379234948655,0.0038434601795156323,-7.667989027870803e-05,0.004697892010477928
2023-09-08,83.3423890308982,98.46201408193976,88.64594320378787,59.00446488956054,-0.00016908921925518072,0.0026512397983367952,0.0011045182663691477,0.0039001406682785743,-0.0021997308807534255,0.0038602626522027273,-0.005398308086930315,0.004724456916925661
2023-09-09,83.14032728605576,98.37085223617812,88.6886853565188,58.78764812182876,-0.002424477474092135,0.0026667921399937465,-0.0009258580236412017,0.0039020965779058836,0.00048216704776526953,0.0037116179533110212,-0.0036745823919867027,0.004705003865583786
2023-09-10,83.37658207407051,97.9310060629402,88.61614435495083,58.303580010523774,0.002841638898074983,0.002751775379711152,-0.004471305912669088,0.003588075106334256,-0.0008179284795615249,0.003685249637386078,-0.008234180593546192,0.0047624386766240475
2023-09-11,83.24516331916847,97.92881059188406,88.66985372555885,58.05247425490535,-0.001576207031193655,0.0027264778768217065,-2.2418548980551734e-05,0.003511701560430727,0.0006060901317583856,0.0036845170235943,-0.004306866843735824,0.004790385085842442
2023-09-12,83.22317237117676,98.22726425135578,88.82284550429723,58.06955759231242,-0.0002641708793025277,0.0026551926842243133,0.003047659393266011,0.0035317573599332615,0.0017254091702001428,0.0036572732712848877,0.0002942740619815698,0.004596451860661885
2023-09-13,83.07189125572548,97.81378704415413,88.97145023820136,58.140450615614135,-0.0018177763613308473,0.0026511863569060627,-0.004209393495308911,0.0035540012635661604,0.0016730463098812987,0.0035654575636201694,0.001220829402549084,0.004617018255358845
2023-09-14,83.51392929390795,98.19523013271908,88.74941636104799,57.61462976811459,0.005321150529987495,0.0028336510538330365,0.0038996863335101217,0.0036801153366673427,-0.0024955632009922013,0.0035559075537186665,-0.009043976129045173,0.004794362659591543
2023-09-15,83.43853588932024,97.92288080627212,88.41509149056773,57.574195362301474,-0.0009027644277445068,0.002791936111059527,-0.002773549449182511,0.0036177670810033902,-0.003767065567171324,0.00345992847233415,-0.0007018079605103367,0.004775157240369655
2023-09-16,83.90301698697186,97.79762538154688,89.20713638347091,57.71554508089026,0.005566745541505602,0.0030019007277775904,-0.001279123159918516,0.0036175296193948444,0.00895825451911314,0.0038513728284959854,0.002455088042469411,0.004735014556799096
2023-09-17,84.10989269469867,98.07031586505512,89.0665984378787,57.66778884610298,0.002465652787657646,0.0030412222602809063,0.0027883139538855684,0.00363285926104313,-0.0015754114669491726,0.0037942957304004927,-0.0008274414582820633,0.004726599022961628
2023-09-18,84.23179159038052,97.87268565895096,89.29642731458335,57.49815588786553,0.001449281312536188,0.00302821600007255,-0.0020151888403837637,0.0035751217572513854,0.002580416011564113,0.003462679538397689,-0.00294155475061042,0.004726796566717721
2023-09-19,84.3242496173389,97.95185111816858,88.80387089698982,57.38734471842518,0.0010976618829146023,0.002946719551316655,0.0008088616214485533,0.0034020144660934473,-0.005515970038289408,0.003568227915271846,-0.0019272125815035235,0.004335321356618428
2023-09-20,84.42241819973665,97.89230870504352,88.73122672248276,57.24417555764576,0.0011641797329149384,0.002940219588351099,-0.0006078743019692912,0.003399333268903008,-0.0008180293693652585,0.0035731687338759117,-0.0024947862892400474,0.004295963449954718
2023-09-21,83.93196822465714,98.00728896361932,88.70667183586252,57.07746525301738,-0.005809475558010591,0.0031332526284515733,0.0011745586563112198,0.003325905074138843,-0.00027673331618682795,0.003417527772715349,-0.0029122666717507073,0.0038197037093335253
2023-09-22,83.86369025633574,97.13726606312352,88.86868195088847,57.1203848161589,-0.0008134918049179651,0.0031164991057640074,-0.008877124443456008,0.003514094424457202,0.0018263577211612425,0.0034025250217137497,0.0007519528582997648,0.003775202347557429
2023-09-23,84.07888710945389,96.49755406406445,88.03574240504014,57.71158692135142,0.0025660312879194347,0.0031405957142980096,-0.006585649617144473,0.0035312934954699732,-0.009372700568560655,0.0038040314140661688,0.010350107183193735,0.004326587888550684
2023-09-24,84.06736135184408,96.81224805090378,88.10804263755095,57.51304725696314,-0.00013708266136780445,0.003131980038698739,0.0032611602427810027,0.0036210023245258406,0.0008212599852701619,0.003804770430305496,-0.0034402045582084817,0.004351798460665918
2023-09-25,83.71392225121468,97.2880600954587,87.77402748695911,57.42647357475913,-0.004204236875595124,0.0031863682386502187,0.00491479181750587,0.0037839804768547546,-0.0037909723175427734,0.003849118307597504,-0.0015052876926727743,0.0043473399529641585
2023-09-26,83.70471660146363,97.00366584335217,87.89711469451906,57.40938494444961,-0.00010996557685383213,0.003186399131819923,-0.002923218448671827,0.003798698127770536,0.0014023192404863938,0.0037284134472272924,-0.0002975740846644648,0.004344084155211406
2023-09-27,84.13672133872583,96.98148088739264,87.60074613030791,57.22818575059633,0.005161056088620164,0.0032855910409273444,-0.00022870224301996256,0.003527306462108521,-0.003371766698385459,0.0037590520662833006,-0.0031562643290572456,0.004361497670856082
2023-09-28,84.45196357891282,97.16853392329668,87.36347231487241,57.50843599796078,0.003746785412731546,0.0033368756069197887,0.0019287500478697428,0.0035296872344695728,-0.0027085821287703427,0.0035671729298918497,0.004897066780795711,0.004453496094938288
2023-09-29,84.434156478206,97.50903982049624,87.30688026792697,56.8906833447745,-0.00021085478598947827,0.003165725320932338,0.003504281514305374,0.0036173845017516207,-0.0006477769878636686,0.003551865775357459,-0.010741948419675018,0.004544490958453543
2023-09-30,84.67326193386239,96.786195050967,87.01291893359401,56.75409449623794,0.0028318569833536422,0.0031814863752719007,-0.0074131051937330605,0.0036880013069473722,-0.0033669893304039133,0.0035668839991940065,-0.0024009001211814374,0.004425408027479935
2023-10-01,84.57628130708464,96.51770731557592,86.8982162713711,56.96323287837023,-0.0011453512544904454,0.0031963325372307925,-0.0027740292430102897,0.003662576931543876,-0.0013182256569331807,0.0035628844382175626,0.003684991963815998,0.004448558025070436
2023-10-02,84.14095232788969,96.466254341014,86.56638543428743,56.88680514045759,-0.005147175691188499,0.003359927534784985,-0.000533093625957104,0.003659229404138399,-0.0038186150570388433,0.003583050961744762,-0.0013417029555858884,0.004447734751199476
2023-10-03,83.90831481220684,96.81499657334912,86.04489841292872,56.67607616314773,-0.002764854797177585,0.0030621882879699343,0.003615173354842849,0.003649723388308124,-0.006024128404374385,0.0037180803518117207,-0.003704355988872199,0.0040881212822054605
2023-10-04,84.30444969400375,97.85689087559426,86.38972777654186,56.78908558042973,0.004721044424303988,0.003177795964551505,0.010761703652551136,0.004165080226592458,0.0040075515222099956,0.0038169048965971857,0.0019939527386598765,0.0041077381082141725
2023-10-05,84.23459136691903,97.8326236148415,86.03333848222576,57.02066273052133,-0.0008286434148883082,0.0031287618473046634,-0.0002479872447982423,0.004098879748047759,-0.004125366562537924,0.003725503028328313,0.004077846081244285,0.0042336790509150905
2023-10-06,84.17316252675121,97.34725600292704,86.01799397561179,57.07335315462535,-0.0007292590748169125,0.0031321408711804935,-0.004961204084900195,0.004092801706542959,-0.00017835535485055676,0.0037191030316907057,0.0009240584304155419,0.004254141647663208
2023-10-07,84.0980878398844,97.57354536594482,86.2832963453174,56.86591967506629,-0.0008919076414998228,0.0029664800186555078,0.002324558208512517,0.004107716915493029,0.0030842659476670864,0.003516845024812261,-0.003634506614620614,0.004268930498129115
2023-10-08,84.5798097087047,98.15675059365329,86.13410368419896,56.98219333053381,0.005728095384730514,0.0031254817112292034,0.005977083496568447,0.004257030858660196,-0.0017291024733379068,0.0035122051302270197,0.002044698408676382,0.004244833670256939
2023-10-09,84.98968019967617,98.2614916671319,85.92312900382198,56.87797229353692,0.004845961375215646,0.0031727272723629497,0.0010670796745526623,0.004259163429424622,-0.0024493745375292475,0.003511715993514689,-0.0018290106242899729,0.004220333222753582
2023-10-10,85.54925305984504,97.96653015220676,86.03072382337696,57.06817390618916,0.006584009480376851,0.0033280415892570016,-0.003001801722330333,0.004214519974868389,0.0012522218499537718,0.003536672864188355,0.0033440294191684483,0.0040714067304203905
2023-10-11,85.49750834285784,98.40605774904375,86.40607435703735,57.44747115474828,-0.0006048529371847078,0.003308155890681931,0.0044865077506992534,0.004292605189340286,0.004362982397207338,0.0036591797093682853,0.006646388391235769,0.004225531095620056
2023-10-12,85.56290554361692,98.72735402691552,86.08815707431259,56.77009385604184,0.0007649018319555445,0.0033010432230915843,0.0032650050740894443,0.0042978080067139724,-0.003679339503506407,0.0036607921039193397,-0.011791246596073224,0.00471112352225333
2023-10-13,85.16265358267547,98.37930189357476,86.0812806278513,56.79856095186548,-0.004677867802624025,0.0034222109956978633,-0.0035253870294738032,0.004275485128672151,-7.987679949239546e-05,0.0036299309173239585,0.0005014452837761585,0.0047026041895029055
2023-10-14,85.53255412113505,98.58980284682588,85.597777752964,56.35485328303896,0.0043434595200873005,0.003382435983938482,0.0021396874057799664,0.00423486534604286,-0.0056168178651707645,0.003715222642427927,-0.007811952651450849,0.004632692606188204
2023-10-15,85.22231888580515,99.04156503293272,85.52242131720584,56.97652196158255,-0.003627101265917143,0.003465337947025081,0.004582240485953015,0.004272990679610463,-0.0008803550481841782,0.0036836342498891878,0.011031324585680125,0.005105930184730477
2023-10-16,85.26988647327839,99.5640890706161,85.57576040824136,56.8554242784164,0.0005581588027072648,0.0033417880809351566,0.00527580554194218,0.004351694632493912,0.0006236854641625822,0.0031784057754067592,-0.0021253961982411473,0.005088069637455398
2023-10-17,84.98096983988916,99.58703266327906,85.3625085120146,57.04600415412392,-0.0033882610302263805,0.0033961889275486083,0.00023044044170061895,0.004332478797175141,-0.0024919661269667825,0.003184753160248545,0.0033520086803726645,0.005135448569970458
2023-10-18,84.82515799106024,99.49360683872402,85.27045860645389,57.03547348208886,-0.0018334910642050506,0.0034123647683816207,-0.000938132426045124,0.004315167427928477,-0.0010783411495898232,0.003095476637633362,-0.00018459964358952252,0.005112061254298594
2023-10-19,84.60779136132358,100.03215246053789,84.89544991879758,56.82795298025036,-0.0025625254922551077,0.003445897919648465,0.005412866604452615,0.004405372210346469,-0.004397873469721425,0.00305228428379517,-0.0036384462014446006,0.005140810720135331
2023-10-20,84.45109298368885,99.59296310744467,84.9666586251325,56.59194665460122,-0.0018520561181597506,0.003458290146533765,-0.004390481882977304,0.004497563003266356,0.0008387811879555507,0.0030798144395131266,-0.004152997130323466,0.00517387857954435
2023-10-21,84.31347507951914,99.81691178846216,85.32839567829195,56.996887703785504,-0.0016295574078158959,0.0032958358524201423,0.0022486396029395284,0.004506691573960295,0.004257400008577772,0.0032456308272943587,0.0071554536134932345,0.005327454326843249
2023-10-22,84.17497647951183,99.31703512609757,85.04569228037337,57.24090161785054,-0.0016426626927271704,0.003307705473798804,-0.005007935563303811,0.0042749395361119154,-0.003313122152025949,0.0032110131679235817,0.004281179620423847,0.005384059282550183
2023-10-23,84.386808404397,99.7921585932472,84.90761086199232,57.738968467628005,0.0025165664873898486,0.0033064607564527553,0.004783907076428395,0.004102801329583533,-0.001623614490970704,0.0028431181294920754,0.008701240471413962,0.0052831184767475016
2023-10-24,84.1067593361995,99.73656946642777,85.10536422463449,57.74791226395145,-0.003318635619627308,0.003365719390653222,-0.0005570490467693423,0.004093552838029848,0.0023290416563903626,0.0028929950677536714,0.00015490052144695454,0.005242322143634499
2023-10-25,84.16446945383747,100.29063286374432,85.51329610192406,57.81721897230208,0.0006861531474215976,0.0032711154336338647,0.005555268245947209,0.004116277907101566,0.004793256935166079,0.0030434947807968654,0.0012001595492119321,0.005236146900607221
2023-10-26,84.47362293107503,100.5304702263698,85.11006387046926,57.74178390182067,0.0036732065115330226,0.0033317490117133176,0.002391423364047629,0.00405453656991658,-0.004715433152923665,0.0030909281684462302,-0.0013047163426789243,0.005242932170787692
2023-10-27,84.34263777769681,100.079003070426,85.10673545349836,57.66171766698508,-0.0015506041866476528,0.0032181935522296915,-0.004490848942884762,0.004179051551696527,-3.910720800270884e-05,0.003065087444525745,-0.0013866255841995523,0.005213675331057376
2023-10-28,84.16120815666974,100.69408191763,85.23809898076283,57.3863722906239,-0.0021511020500124545,0.003166613613367719,0.006145932996266756,0.004279116620422087,0.001543515052768507,0.003079613153279928,-0.004775185122846803,0.005216399775158401
2023-10-29,84.10480288648095,101.35777057016026,85.25368122251149,57.40467519145219,-0.0006702050912077429,0.003168227686587419,0.00659113862394789,0.004372588941851335,0.00018280841472284592,0.0030849069808598114,0.00031894159009726586,0.004810275477281255
2023-10-30,84.40478420827989,101.74791467465816,84.56059098431427,57.19730142710792,0.0035667561364340905,0.003194612994681626,0.003849178038380918,0.004071806180201538,-0.008129739716320916,0.0033346321674152116,-0.0036124891161330996,0.0048388309602508
2023-10-31,84.45377919963974,101.46657248976192,84.76038580478512,57.30875055237199,0.0005804764720320765,0.0031906934624610357,-0.002765090427610639,0.0040714696377944,0.002362741534149171,0.003387803199791247,0.0019485032070281072,0.004806860044473438
2023-11-01,84.31866855696984,101.37378971152424,85.26108313631349,57.34966150715721,-0.0015998176037866907,0.003058000605045593,-0.0009144171914059473,0.004079192459933398,0.0059072092083387595,0.003552733130673123,0.0007138692501738042,0.004798581316731655
2023-11-02,84.44173481549898,101.46511423113893,85.34194162150173,57.42073818210598,0.0014595374978672027,0.003019752686598562,0.0009008691484708731,0.0040644854240239016,0.0009483633354618881,0.0034038502949386945,0.0012393564858250716,0.004741536972874032
2023-11-03,84.16217319832315,101.2109877098657,85.07940208415006,57.85000525461224,-0.0033107043310592887,0.002962028235677599,-0.0025045703954397203,0.0037389292424122415,-0.003076324868680147,0.003342186965172898,0.0074758194703954395,0.004906022770874379
2023-11-04,84.3362860516356,101.93012350909842,84.97419628758986,57.834104161385255,0.0020687780114965193,0.0029829966251123607,0.007105313518866341,0.0038836535363591437,-0.0012365601306899565,0.0032751938940640637,-0.000274867619406427,0.004864692985195643
2023-11-05,84.44033015216208,102.01590412055675,85.54906257384583,58.02505964384908,0.0012336813179416595,0.002986964492912919,0.0008415629109943534,0.003697178700400368,0.006765186508035592,0.0035275744048718473,0.003301779896701884,0.004891410665434998
2023-11-06,84.36218913577376,100.938874288534,85.8654621883405,58.55362503022606,-0.0009253992286328838,0.0029873580833769,-0.010557469850485113,0.004304613322432507,0.003698457995627402,0.003548867693879408,0.009109260544000186,0.005064609813154513
2023-11-07,84.15049522159845,101.1126195600034,86.0992418368602,58.88764086707816,-0.0025093459089191583,0.0028273406160771847,0.0017212919471714105,0.00420876368248447,0.0027226272655112016,0.0035737937895361322,0.005704443348805155,0.00513453964322933
2023-11-08,83.92902031674912,101.00686667573144,86.24622918297608,59.18093569227435,-0.0026318906890102634,0.0026968847217587522,-0.0010458920432695473,0.0042252161689134765,0.0017071851386842862,0.00355638351911813,0.0049805837163390265,0.00515063686932089
2023-11-09,84.06794993576118,101.01270992124678,86.08509081894594,59.08517790476455,0.0016553227773627999,0.0023882807979450768,5.7849982953106505e-05,0.004163574874502135,-0.0018683525709659587,0.0035680825322538935,-0.0016180512590696638,0.0051636113140651795
2023-11-10,84.3810602178192,100.89985223820013,86.06445854575256,59.1327456301861,0.003724490513891121,0.0025141659315172536,-0.001117262205267422,0.004128693756573497,-0.0002396730141898118,0.003472906803370512,0.0008050703595785524,0.005059113181866801
2023-11-11,84.2203046733585,101.26278195053276,86.08100398439562,58.76817638468072,-0.0019051140628681962,0.002517482077220193,0.0035969300676064186,0.004135847230192503,0.00019224473055001745,0.003407640489663641,-0.006165268357153253,0.004657871329733611
2023-11-12,84.33809654264783,101.75000234951146,86.28651504969868,58.88856897695017,0.0013986160433185901,0.0024140730425607974,0.004811445919160162,0.004111462758159906,0.0023874148277860385,0.0034352373346346935,0.0020486018058718525,0.0046588457088178326
2023-11-13,83.81108185253177,101.89412398212862,86.78051869731044,58.949022430829295,-0.0062488331100709615,0.002481917181017901,0.0014164287890834348,0.004107467248032324,0.005725154704964375,0.0034101037634482953,0.0010265736615673315,0.0043365853287508985
2023-11-14,83.66958087270768,101.78334495578954,87.15448256354033,58.942581996655,-0.0016883325772248936,0.0024270192789614038,-0.001087197396765549,0.004072364572119372,0.004309306649044942,0.003470692798236023,-0.0001092542998800683,0.003953218772504858
2023-11-15,83.66849861622717,101.79515384015124,86.75274105634557,59.20243557681274,-1.2934885883608693e-05,0.002419770557919015,0.00011601981018438678,0.0039901281665475335,-0.004609533501640173,0.003600429194505865,0.004408588347427411,0.003947155737214608
2023-11-16,83.44693364597036,101.8316809526834,86.85537416820995,58.86647921142789,-0.0026481289125682705,0.0023943064154294327,0.00035882958229538353,0.003989624206835951,0.001183053245519039,0.003558746499054693,-0.005674705138591141,0.004129649599142586
2023-11-17,83.22113708420181,101.53303934694851,87.11316649583478,59.2874225227459,-0.002705870088965834,0.0024149590091117035,-0.0029326983797277606,0.004035102873120571,0.002968064211266608,0.003570224510624495,0.007150815149078893,0.004268495862831064
2023-11-18,83.06496939332847,101.79934466082184,87.33358104733999,59.51329777290785,-0.0018765387778267861,0.0023992590889455583,0.0026228439095903333,0.003953696060677408,0.0025302093859227437,0.0034498654890850163,0.003809834203456708,0.004187161059785512
2023-11-19,83.14965961570455,102.01525205695928,87.17117757790133,59.47827466103152,0.0010195660456462363,0.0024052922827468093,0.002120911454359664,0.0038480886261824552,-0.0018595764365900713,0.0034878327007782876,-0.0005884922057246555,0.004068686035702048
2023-11-20,83.11416327406754,102.67030828770147,88.09161362214097,59.42258128570754,-0.0004268970167895514,0.0023960758840840942,0.006421159753410732,0.0039752393744737725,0.0105589492973992,0.0038684713440785574,-0.0009363650112815813,0.0039590666002034735
2023-11-21,82.56764752074672,103.20578853187604,87.72148018413073,59.5355610271162,-0.006575482827381518,0.0026362127115946905,0.005215531667383866,0.00388425762368979,-0.0042016875703728696,0.0039064044660805574,0.0019012930600481592,0.003922977382407473
2023-11-22,82.0583977815549,102.93726030382818,87.4157310999865,59.92677695501206,-0.0061676668099797105,0.00275200268483494,-0.0026018717735480923,0.003889123903001605,-0.003485452861744287,0.003964545885226577,0.006571130281575188,0.003802161909353579
2023-11-23,81.92918323620903,103.29230301928162,87.51664813432076,59.93549438331849,-0.0015746657117270413,0.002717983967005945,0.003449117592652984,0.0039010787630925775,0.0011544493544168866,0.003956539655996584,0.000145467998603932,0.003802255761357736
2023-11-24,82.06293117233248,102.91310144652114,88.19369184753405,59.95560608012558,0.0016324822345397116,0.00274205711154362,-0.0036711503343060947,0.003907588895617788,0.0077361705189413765,0.0040896327994852585,0.00033555570057464124,0.0038058990997253536
2023-11-25,81.40676453832214,103.21716387876728,87.95852852206635,59.94163604866499,-0.007995895645408924,0.0029028659100210855,0.0029545551341112475,0.003916500910100086,-0.0026664415622179582,0.0040065087093976715,-0.00023300625869615565,0.003786379993940727
2023-11-26,81.31018487310541,103.01838899401378,87.90170224869523,60.40354756815479,-0.0011863837822869705,0.0029022311093830863,-0.0019257929329173917,0.003821905537450571,-0.0006460575719711148,0.004014014358595949,0.007706021222290138,0.003928949216093534
2023-11-27,81.20808305137933,102.61329718299945,88.25868311730589,60.28158088920089,-0.0012557076568626702,0.0028968790945939444,-0.0039322281679037285,0.003794311495318095,0.0040611371506853455,0.004050077057903911,-0.002019197280032081,0.0038060811134931196
2023-11-28,81.57342446277282,102.74892309187967,88.27571515672076,60.252660455795535,0.004498830629487305,0.003076746091044072,0.0013217186524896452,0.003627450677815224,0.000192978626162299,0.004049992055424232,-0.00047975572270586575,0.003818478761469034
2023-11-29,81.50349881937429,101.6690267268292,88.19478966897589,60.62872358459567,-0.0008572110814158984,0.0029531824724852423,-0.010510050446804309,0.004083612870121409,-0.0009167355665281596,0.003675687963883111,0.006241436078594953,0.0037762322557869208
2023-11-30,81.62203629139621,100.98708668944322,88.39259034941077,60.64569800191293,0.0014543850722854579,0.0029751813440297664,-0.006707451220303917,0.0042356730693138105,0.0022427705897059003,0.0036746809617057264,0.00027997319279826627,0.003788535083974241
2023-12-01,81.68063332187948,100.95223815857334,88.4984557939824,60.93276726314716,0.0007179069911227298,0.0029926531561885877,-0.000345079079041577,0.004233401086936011,0.001197673290862511,0.003575007792805535,0.004733546990013604,0.00381629394703273
2023-12-02,81.18214847509648,101.02274156129826,88.83832477601636,60.65780023312354,-0.006102852371609568,0.003090475611293254,0.0006983837506819857,0.004231861636379984,0.0038403944903304676,0.003605479186659451,-0.004512629942377999,0.003997532854380522
2023-12-03,81.39678501593053,100.91005419233636,89.25769478664857,60.57845168949638,0.002643888402385608,0.0031480134463194873,-0.0011154653617623245,0.004212618603828827,0.004720597914127156,0.0035564231304590654,-0.001308134210640688,0.00389057114612716
2023-12-04,81.47529740939598,100.31020210852242,89.36780445987476,60.96031554923377,0.0009645638147757207,0.0031158775821542193,-0.005944423364104168,0.004116604615512932,0.0012336154713539216,0.003516728451960855,0.006303625284031389,0.003969079161780744
2023-12-05,81.62487792241934,100.02552005423853,89.47234184973723,60.74951551715596,0.0018359001780841044,0.003133620298856644,-0.0028380169544061085,0.004129260786479501,0.0011697432928365892,0.0033840341976398387,-0.0034579878758592697,0.004069375817463895
2023-12-06,82.61053264880306,100.22828171627523,89.55181104177805,60.68426022764898,0.012075420527067005,0.003953803198452271,0.0020270993035254037,0.003705355580436011,0.0008881984130277853,0.003359926188943507,-0.001074169710679529,0.003834014508802292
2023-12-07,82.11043940664288,100.50584953826976,89.71689129479614,60.73088638163402,-0.006053625683376085,0.00406147812126105,0.0027693562858861487,0.0037292397280768463,0.0018434049640947414,0.00335188522595107,0.0007683401562470493,0.003738736888378181
2023-12-08,82.55575581781737,100.54100882881652,89.74457991764585,60.43679425800943,0.005423383608619048,0.004200744841768145,0.0003498233257892558,0.003726949358422346,0.00030862218307059486,0.0033568754332727016,-0.004842546209131826,0.0038106972501168166
2023-12-09,82.50151591517573,101.04761268902574,89.75456053444076,60.30238088879146,-0.0006570093399826948,0.004180214960367769,0.0050387783662662056,0.003845468837744463,0.0001112113601073883,0.003310945527716882,-0.002224032079599536,0.003825026899228832
2023-12-10,82.59006603976997,101.24471760983738,90.14060592739298,60.311937307356736,0.0010733151216915093,0.004112717999558466,0.0019506143249343744,0.0038549994189826142,0.004301122869451168,0.00333720029391194,0.00015847497933618726,0.003826160264441414
2023-12-11,82.59555892832937,100.97659491943952,90.62568092204424,60.30354051014879,6.650786011919152e-05,0.004108658202102993,-0.0026482635018165723,0.0038293578393474655,0.0053813149985033615,0.00339836789681642,-0.00013922280700673362,0.0036070994125858976
2023-12-12,82.5072112087643,100.9005198136594,90.14994598859644,60.6299749290468,-0.001069642493027101,0.004091082980731986,-0.0007533934555905564,0.0037170153902242155,-0.005249449478421209,0.0036252587918259734,0.005413188282752168,0.0036963292677116466
2023-12-13,82.3836957431837,100.372305694829,90.15988216349112,61.02743917046637,-0.0014970263055926747,0.003959649292771042,-0.005234998985197525,0.003809996080545912,0.0001102183122321243,0.0035418461008341223,0.0065555732438402625,0.0038340818516161145
2023-12-14,82.48370307712672,100.3720020153017,89.94929618713165,60.76666542229293,0.001213921432400733,0.003966701667342316,-3.025531048472807e-06,0.0038093215514147104,-0.0023356948934072363,0.0035536474092905325,-0.004273057361050769,0.003955169747118577
2023-12-15,82.12609041302612,100.8616373830422,89.86006460074904,60.77311673927104,-0.004335555397727675,0.00402763731432028,0.004878206650354988,0.00393134861128031,-0.000992020951414374,0.0034132788966514524,0.0001061653940244156,0.0039059084005549924
2023-12-16,82.33173707214041,101.1765520605476,89.99617510449454,60.93349604835068,0.0025040356612626713,0.004047626505257042,0.003122244350539871,0.003979387874329316,0.0015146940339987314,0.0034138282759140597,0.0026389844339842483,0.003715039079178366
2023-12-17,82.24806509608577,101.77934913082632,90.21539638334418,61.324228912937095,-0.0010162785218698067,0.004026718823975615,0.005957873222621535,0.004098695485810411,0.0024358955099492707,0.0034056455429488904,0.00641244783126127,0.0036762082682727775
2023-12-18,81.98906882380682,101.68553489226038,90.1864445926699,61.49489868228276,-0.0031489649267296693,0.00404961680932768,-0.0009217413882786074,0.004074147081852237,-0.00032091851097415525,0.0034062376046580466,0.0027830724066333357,0.003655147690258017
2023-12-19,81.90033003306614,102.26349753158176,89.58925818576441,61.54667520506888,-0.001082324656368261,0.004041909674052899,0.005683823563831014,0.0041892903196457465,-0.0066216869907966824,0.00365007148416945,0.0008419645189372549,0.003641682421820839
2023-12-20,82.23191225365252,102.2091602916652,89.29877829765147,61.70221430540534,0.004048606647281128,0.00412628474451138,-0.0005313454089498348,0.004015654248065356,-0.0032423517505929533,0.0032398590718179686,0.002527173073414879,0.0036282486966305585
2023-12-21,82.11995899110494,102.83609992812556,89.59370444187888,61.85919662515798,-0.0013614332864139156,0.003961426003207767,0.006133888926113107,0.004061148363232173,0.0033026895759353803,0.003156238667980257,0.0025441926439726537,0.003634048884960935
2023-12-22,82.22931808756859,102.84614403463291,88.74655480691573,61.56981159953751,0.0013316993555183565,0.0038036141488981606,9.76710174187545e-05,0.004033884174810726,-0.009455459401310096,0.0035884308249796728,-0.0046781245377954805,0.00364996440919402
2023-12-23,82.06922623637819,103.15604646030285,89.13502758885532,61.59401949284919,-0.0019468950359032844,0.00380978767003812,0.003013262466754041,0.004021719330594355,0.004377328030195526,0.0036559960141636363,0.0003931779663244317,0.0036484587511571628
2023-12-24,82.27738003378998,103.78055724655144,89.31395507265401,61.96909271469769,0.002536319726132996,0.003826158135330911,0.006054039561208979,0.004109608206582286,0.00200737564837028,0.003412878430428831,0.006089442204564088,0.00376619366575828
2023-12-25,82.46652200768959,103.70974485465764,89.74019513215558,61.8794023723491,0.0022988332129916245,0.003525405185528463,-0.0006823281139796133,0.004081783108824442,0.004772379178089592,0.0034504407066178124,-0.0014473399305927614,0.003787573816691639
2023-12-26,82.94233681026462,103.81057799865944,89.68892940278576,61.884185623806005,0.005769793499120324,0.003641775194763138,0.0009722629647108683,0.004064809760730495,-0.0005712683072989222,0.0034494806254299548,7.729957422863976e-05,0.0035767655482574485
2023-12-27,82.91332896235255,104.35499396962211,89.05343996400983,61.78535920664256,-0.00034973511752423025,0.0036289975077791825,0.005244320775958933,0.00408342929150184,-0.007085483604358789,0.0036659153580303485,-0.0015969575452476903,0.003566048218301871
2023-12-28,83.09461009418949,104.30309366009236,89.20481643238922,61.111400585608735,0.0021863931180383656,0.0035695831612831026,-0.000497343802682404,0.004085375923982615,0.0016998385288717888,0.0036746350702996766,-0.010908063490895237,0.004157171550706994
2023-12-29,83.13259051400581,103.75618384393934,89.61875376784847,61.09089227295844,0.00045707440919784403,0.0035588490849609864,-0.0052434668710337196,0.003689544385409672,0.004640302530895202,0.003747623703281854,-0.0003355889810047197,0.004013820363728609
2023-12-30,83.46904974674618,104.65544541623755,89.92119323599822,61.14782439422641,0.004047260294188559,0.0036097758212044065,0.008667064833945748,0.00369519976889912,0.0033747341425121036,0.0037709758495806677,0.000931924860641864,0.004015691327563818
2023-12-31,83.29961367421767,104.45935208703054,89.72238904559268,60.98040182357053,-0.0020299269375008144,0.003645368820072112,-0.0018737040239722447,0.003727589712621218,-0.0022108713558079973,0.003802893229520818,-0.002737997178386742,0.00396145728943933
2024-01-01,83.49779186601141,104.52831936288612,89.76120994760622,60.63825019136405,0.0023791009712099687,0.003424955157355184,0.0006602307450473965,0.00372775409621374,0.0004326779795600366,0.003749106729079742,-0.005610845812338172,0.004009697806794105
2024-01-02,83.45944521494619,105.013600433841,89.60509636662461,60.37487169133069,-0.0004592534749512378,0.003418686824832595,0.00464257986651595,0.003755515797043464,-0.0017392098554902535,0.0036742697664346653,-0.004343438328153981,0.004081420239138105
2024-01-03,83.45416054177495,104.75487767473234,89.36087595414867,60.56109967256143,-6.332025282007603e-05,0.0034225455702560645,-0.0024637071583091252,0.0035721135388206977,-0.0027255192213252455,0.003704465075533516,0.0030845279834770256,0.00394725764713502
2024-01-04,83.48800966605705,104.33218257251112,89.67460236630727,61.07607962169604,0.00040560139916756555,0.0034176611957287394,-0.0040350875453619706,0.003627941942201629,0.003510780403714664,0.0037541901616079732,0.008503477511454971,0.004203795963713484
2024-01-05,83.56183405738051,104.4421326445504,89.31095119572717,61.43011464130179,0.0008842514226743425,0.0026684213672380037,0.0010538461798483834,0.0036266077449598026,-0.004055230366058815,0.0038254025989715853,0.005796623191904882,0.004318305704688894
2024-01-06,83.54278462190459,103.69598131405944,89.0470128006353,61.030251758211286,-0.00022796813510383984,0.0023800918199836773,-0.007144160231104757,0.00393425398143253,-0.0029552747066083906,0.0038423762851527168,-0.0065092322458676355,0.004498500556033921
2024-01-07,83.60688989842038,103.58724358862403,88.7207420419796,61.23935294043604,0.0007673346873211528,0.0021981842603686643,-0.0010486204388776565,0.003951079850307237,-0.0036640281172168887,0.0038908723305861245,0.0034261890816569274,0.004433397771096319
2024-01-08,84.01252628077512,103.70059658935752,88.2786827207202,61.029625333936,0.004851709982844454,0.002330836591182089,0.0010942756733989256,0.003877085597436291,-0.0049825926957446365,0.003979064631408775,-0.003424719505185303,0.00446368027286117
2024-01-09,84.26739612592532,103.59930407656216,88.34846830381078,60.84411585731735,0.003033712428768043,0.0023714646478025557,-0.0009767784962362303,0.003885818531758704,0.0007905145493771748,0.003882074583868452,-0.0030396627146832556,0.004507848965728438
2024-01-10,84.49153993057104,102.97145064119864,88.73162956774785,60.69323796179681,0.002659911364898182,0.00239573344114249,-0.00606040205539915,0.004036456787216165,0.0043369315993058155,0.003830351332974907,-0.0024797450566025336,0.004535927449534398
2024-01-11,84.3786580358833,103.64623720604064,88.69497196868157,60.8626685565761,-0.0013360141711287188,0.002403228538592574,0.006553142260695921,0.0041665572274372144,-0.00041312888363309597,0.003732657693373446,0.002791589318169807,0.004457089871271129
2024-01-12,84.15714223076975,103.70048023317128,88.24866536053585,61.10088749397246,-0.0026252586882734574,0.0024480259310988,0.0005233477701926947,0.004003451697688065,-0.005031926818842791,0.003819049332648133,0.003914040298363286,0.004350746304285186
2024-01-13,84.40381424165363,104.30491120602385,88.53310951709602,61.04788207751712,0.002931088251636238,0.002480006264657359,0.00582862269772999,0.004088930135055416,0.00322321199304354,0.0038717882329152705,-0.0008675064901563223,0.004277899554096468
2024-01-14,84.6291075152145,104.20098904207288,89.07807531950682,60.999908860496085,0.0026692309534239733,0.0023063834970621123,-0.0009963304963244157,0.004051664922857425,0.0061555027874127255,0.00405730885826112,-0.0007858293422877694,0.004281404967225038
2024-01-15,85.00461909211171,103.8398703204637,88.894555501235,61.101963433006325,0.004437144475731403,0.002375704966428013,-0.003465597830970335,0.004115975847014073,-0.0020602131064637597,0.004055176675242256,0.001673028278511568,0.004265511742437377
2024-01-16,84.84907854224089,103.96110638290855,88.76527010757239,61.2320902391144,-0.001829789387118752,0.0024047838252400596,0.001167529023974101,0.004003352943198114,-0.0014543679636355167,0.00402335742158965,0.0021296665245584823,0.0041160385869203064
2024-01-17,84.79050143489316,103.87957765125816,88.94625341037417,61.52929544913728,-0.0006903682203051043,0.002296520806015445,-0.0007842233936036225,0.004001492537719621,0.00203889767453469,0.004050606198171269,0.004853749216501946,0.004181880108057331
2024-01-18,84.3738624619535,103.39926710592154,89.47042526396554,61.14482313951085,-0.004913745831065519,0.0025191436248037384,-0.004623724472091251,0.0040030660659276926,0.005893130216210185,0.0040378714811211336,-0.006248605754705094,0.004331918937219663
2024-01-19,84.27848020966351,104.02118607181876,89.3223803732181,61.12401515968251,-0.001130471564378066,0.0024798456273412823,0.006014732824557889,0.004128352688758069,-0.0016546796364347305,0.004004671026590835,-0.000340306484832964,0.004300983052808705
2024-01-20,84.53525674048684,103.76992980139772,88.92190840151186,60.804067413786775,0.0030467627107719775,0.002476561135793097,-0.0024154336237578455,0.004026586576946609,-0.004483444910815537,0.004036535883238709,-0.005234403287478595,0.004357403565460406
2024-01-21,84.41965127614273,103.01634745850586,89.13805324974643,60.76603544508913,-0.0013675414117332307,0.0025117379122378803,-0.007262049269322279,0.004257497035257635,0.0024307266018022133,0.0036675856153032638,-0.000625483957163997,0.004287726213729742
2024-01-22,84.58557943945182,103.58162721740504,89.40515277097792,60.680344750939874,0.0019655158579880982,0.0024609716069490836,0.005487282094978951,0.004339762321683595,0.00299647021102345,0.0036211153388038286,-0.0014101741790722988,0.004288442732105553
2024-01-23,84.5396110288898,103.3849403345996,89.42259276943834,60.64429251091073,-0.0005434544619384862,0.0024593467498905267,-0.0018988587849910754,0.004207326426624425,0.00019506703942551162,0.0036033959652132202,-0.0005941337376561551,0.004104563067041916
2024-01-24,84.6246066450399,103.14787347349822,89.26332947867273,60.40299227633309,0.0010053939817757929,0.002445411736603913,-0.0022930502289224552,0.0042250066150129545,-0.0017810184857448563,0.003504320653752671,-0.003978943847588456,0.004146018513305681
2024-01-25,84.33537838791737,102.43621968253416,89.5908620541023,59.97722851008088,-0.003417779633950957,0.0023844367392303616,-0.006899354945469671,0.004392569433141168,0.003669284770604797,0.0035725066132367336,-0.007048719777066892,0.004295672533595395
2024-01-26,84.36155751548951,103.17349106755536,89.77048429025335,59.393155079739245,0.0003104169101100229,0.0023788093237587307,0.007197370103134704,0.004492967305895021,0.0020049169305076386,0.003330803112280165,-0.009738253081225001,0.004580210192897023
2024-01-27,83.60899623223371,102.65785039213245,89.54155962147412,59.34295999753878,-0.008920666064251126,0.0029224189385393,-0.004997801955594294,0.004571815973446151,-0.0025501106581875543,0.0033582776528931673,-0.0008451324421656636,0.00420587952170547
2024-01-28,83.57286717149965,102.70360764037568,89.57153120846954,59.2130432979812,-0.00043211929770936575,0.0029243338001123747,0.0004457257586092389,0.00448631335283504,0.00033472263742240216,0.0032491539196310287,-0.00218925209600207,0.004209855308509067
2024-01-29,83.1751717725028,103.0998460438372,89.16214475053874,59.01891808314678,-0.004758666448295368,0.00296446772041201,0.003858076776124486,0.004232485798350289,-0.004570497482933367,0.003287129035925804,-0.0032784198214153015,0.00421232002646187
2024-01-30,83.49049530078923,103.29110479003178,89.39419984990124,59.35734645216,0.003791077572390167,0.0030245848854159965,0.0018550827526284674,0.004245193928430488,0.0026026190824788298,0.0033069117997188316,0.005734235394427856,0.004384201644783904
2024-01-31,83.69708041929583,103.28188247194198,89.3281879940683,59.11288368106582,0.0024743549282146837,0.0030271297847744446,-8.928472697178336e-05,0.0042411490087416424,-0.0007384355578301527,0.0033071132952003737,-0.004118492245794969,0.00433699646946664
2024-02-01,83.82447227230536,102.59442118916164,89.20862937563312,59.47638265660584,0.0015220585039685819,0.003036469969281704,-0.006656165305343964,0.004280230562167392,-0.0013384198327532904,0.0033013010919265054,0.00614923436151793,0.004465875940854856
2024-02-02,84.21617533480088,102.28464639223871,89.21612720074941,59.89536302691158,0.004672896254247494,0.00314614274544716,-0.003019411711985498,0.004289016790888737,8.404820440310878e-05,0.003265153002947371,0.007044483063550988,0.004630655122849809
2024-02-03,83.9824357743473,102.38712638572996,89.24646255999701,59.35129099051057,-0.0027754710959546625,0.0031959458711922043,0.0010019098379463465,0.0042559130391521755,0.0003400210275810167,0.0031965520610058953,-0.009083708803243384,0.004583129201138239
2024-02-04,84.43067633874378,102.0893853984461,89.54354178645463,59.36111494596361,0.005337313216311923,0.003329362210979635,-0.0029079924185210215,0.004263696577553525,0.0033287507194796895,0.0031700181679875155,0.00016552218644427796,0.004409559467769939
2024-02-05,84.6710965277446,102.20006654231128,89.74377810552485,59.23943915254763,0.002847545458906753,0.003358170518894505,0.0010841591751502566,0.004099717488712021,0.002236189400992794,0.003139510942401489,-0.0020497558633583157,0.004295734358638463
2024-02-06,84.61333679175584,102.50532487867574,89.70792559124516,58.44906556569169,-0.0006821659144313763,0.0033639107307409507,0.0029868702310293926,0.004146226312181947,-0.0003994986063272643,0.0030540587954735136,-0.013342016706482496,0.0047672299707915335
2024-02-07,84.90446653953288,102.92350823442165,89.96134533224435,58.05975433552713,0.0034407075623732464,0.0033090016120080347,0.004079625680332821,0.0042170960467449265,0.002824942604892078,0.002911227449633789,-0.006660692115377009,0.00484723037573115
2024-02-08,84.62312920558642,102.43805116123563,90.09897966432956,58.25520624246832,-0.003313575191188023,0.003334798614287979,-0.004716678254693019,0.004294137732028815,0.0015299274546962671,0.0029157276269488287,0.0033663922484354902,0.004924394986125335
2024-02-09,84.41668835658953,103.3623919503871,89.97473946627876,58.77636234685747,-0.0024395322051417034,0.003332194370538661,0.009023412478792459,0.004483389883454831,-0.001378930133433931,0.0028531394471974776,0.008946086332953795,0.005270609480377348
2024-02-10,84.26722492883258,103.69465603733627,89.94690704202972,59.00380811051453,-0.0017705436053780943,0.003339030686171146,0.0032145549331776824,0.0043583024805646355,-0.0003093359804556828,0.00285209713323127,0.0038696808474609767,0.0053013318460882345
2024-02-11,84.13945980362884,103.70552302021358,89.91198656437511,59.07704870410847,-0.0015161900170753695,0.0033154613824933226,0.00010479790659023713,0.004357321143905203,-0.00038823433515389194,0.0026628622813619075,0.0012412858752568479,0.0052376327934069
2024-02-12,83.87984059182781,104.16897859824692,90.08309244512849,59.05824300802955,-0.0030855821086437363,0.003313914326290793,0.0044689575302852,0.0043014337827381455,0.0019030374846724651,0.0026291571939684863,-0.0003183249077507444,0.00523946491845442
2024-02-13,84.19689574844477,105.1613277165742,89.97801213964374,59.49241497401423,0.0037798731421032628,0.0033530715824066633,0.009526340103175324,0.00463629576645607,-0.0011664819960388595,0.002425925259908888,0.007351589615113507,0.005461709424818475
2024-02-14,84.13820431724119,104.55253165692056,89.8666875633686,60.05184123905014,-0.0006970735759538327,0.0032391570727308486,-0.00578916292588505,0.004720299285587123,-0.0012372420064400425,0.002402410593627229,0.009403320831407935,0.005757683422967531
2024-02-15,84.23441171562033,104.46113077665125,90.49859040242012,59.87406165791844,0.0011434448733464997,0.003237372508798266,-0.0008742101106574696,0.004721165578617136,0.007031558146681993,0.002665885610736613,-0.0029604351417638064,0.0057506340178883125
2024-02-16,84.09675805781907,103.4711001258781,90.80333322231596,59.31712813320106,-0.0016341736708030963,0.003246500630651499,-0.009477502717158415,0.005037958840789341,0.0033673764258728145,0.00270058941888293,-0.009301749527188208,0.005856337207545076
2024-02-17,83.6451086054561,103.56485285740744,90.56600151208715,58.742469423971954,-0.005370592907427474,0.0032700264449980867,0.0009060764930042264,0.004968137984159196,-0.002613689407719555,0.0025795968350431023,-0.009687905118040518,0.005990636020062517
2024-02-18,83.72433099689668,103.72930508546835,90.75356592258436,59.08082157886335,0.0009471252146286968,0.0032734783064637886,0.0015879154319595745,0.004849666000021155,0.002071024527589005,0.0025664696050058354,0.00575992392232183,0.006126939735766632
2024-02-19,83.25487504050344,103.7244804440753,90.79610981461094,59.055175535292456,-0.005607162825948975,0.003356411887918672,-4.651184531778707e-05,0.004829611343015108,0.00046878479753487134,0.0023855627151906198,-0.00043408407137091043,0.006078121713182229
2024-02-20,83.25247869526193,103.46441497634235,90.92516007349256,59.09089728362275,-2.8783242306706924e-05,0.003353421499859677,-0.0025072718284008255,0.004658164287351038,0.0014213192519494378,0.0023673335069032977,0.0006048876835349493,0.006084565642840839
2024-02-21,82.92554493050095,102.63039394664074,90.97237430024512,58.601556851052095,-0.003927015386024579,0.0033790157096500813,-0.008060945687387466,0.0047785830221965375,0.0005192647086285085,0.0023260351763233194,-0.008281147436667524,0.006231451826759336
2024-02-22,83.43744616898155,102.80639404862424,91.35429296360046,58.39272557880903,0.006173022304642339,0.0036018178778049223,0.0017148925889829414,0.004782342711105691,0.004198182869173506,0.0024161481891844913,-0.0035635789126533535,0.006246007982349868
2024-02-23,83.6789695030808,103.42581687887308,91.46451172712328,58.30613183996926,0.0028946635496260864,0.003644068093318158,0.006025139155798609,0.004895172969899889,0.0012064979099202233,0.0023708469309801556,-0.0014829542204344293,0.006224874240895484
2024-02-24,83.71698114554678,103.19596628995808,91.44339068203224,58.35223430373919,0.00045425562350631665,0.003600639783092642,-0.002222371510821053,0.004736432875220763,-0.00023092065646235227,0.0023152188336304155,0.000790696661141288,0.006132938715947417
2024-02-25,84.04556061202952,103.39463611606703,91.77594778709418,58.23886785336814,0.003924884318409427,0.003679272452752652,0.0019251704620966148,0.004564743378152141,0.003636753871237186,0.0023659121255210367,-0.0019427953654858054,0.0059063809099876826
2024-02-26,83.84070204632417,102.7611092521121,91.84688267860822,57.958988899951066,-0.002437470393600205,0.0033170054765822637,-0.006127270115286798,0.004612488501428938,0.000772913745098025,0.0022829242732391062,-0.004805707317692809,0.005955252210786801
2024-02-27,83.98767251079094,102.97051126300713,91.881332846146,57.74800381367197,0.0017529727313778665,0.003328942397834639,0.002037755454558976,0.004626409539097154,0.00037508259979079916,0.002282621893474059,-0.0036402478767063595,0.005973049387604822
2024-02-28,84.04712234910684,102.82786386424756,91.97745235469291,58.05689280455853,0.0007078400500770687,0.0031968241323517017,-0.001385322817279322,0.004578209330751274,0.0010461266240866518,0.00204001512901847,0.005348912005395112,0.006057567358223768
2024-02-29,84.12235252565935,102.53511732515304,91.94161692223771,58.113913627277135,0.0008950952090902575,0.003132491589150844,-0.002846957313836662,0.004590222609444281,-0.00038961105725143774,0.0020340584286500695,0.0009821542277599349,0.005949278747203211
2024-03-01,84.45153537507929,102.24707341293256,91.93927089426928,58.2667347462019,0.0039131436477544135,0.003178304359552351,-0.002809222047379545,0.004614052209679076,-2.5516496739541594e-05,0.0020178849427064257,0.0026296821085722843,0.005942682141895688
2024-03-02,84.64249823160513,102.11280602798482,91.74524019109,58.02287781807937,0.0022612123708314336,0.003190912026163999,-0.001313166044425551,0.00446186693987925,-0.0021104224700935204,0.002052862954255335,-0.004185182663568154,0.005844873683923954
2024-03-03,84.71963987799259,102.29708734049736,91.50063924772752,57.24490617954815,0.0009113819653145949,0.0030865192256395156,0.00180468365997144,0.004441668279142052,-0.0026660886477927193,0.0021513116083497004,-0.013408015386110583,0.006085242796389442
2024-03-04,84.30226058336949,101.78643182330497,91.179750652927,57.10798055435476,-0.004926594296484121,0.00318162798407546,-0.004991887163831588,0.004529613638136222,-0.003506954677461316,0.0022924939556764417,-0.0023919267989351845,0.005917613485496004
2024-03-05,84.06623433924068,101.65610582379308,90.73741707505788,56.8839015605843,-0.0027997617441751776,0.0030673268243786196,-0.0012803867586017592,0.004505572764507753,-0.004851226009082277,0.0024520677215633673,-0.0039237772303502005,0.005930572387370783
2024-03-06,84.04407651135368,101.67190963074832,90.46398195998626,56.97314150845431,-0.00026357583471126045,0.003014995854935674,0.00015546343062400325,0.004500116193640142,-0.003013476952351768,0.002506510200509251,0.0015688084927678592,0.005953714635714213
2024-03-07,84.0766398150439,101.25748035128618,90.41725981584229,57.81492771433264,0.00038745507169468674,0.0030159518196597366,-0.004076143361202322,0.004514382290039321,-0.0005164723366326562,0.0025076774990067884,0.014775141120722868,0.006197895804360709
2024-03-08,83.8003674779391,102.0218083311408,90.45881839111524,57.99030975937098,-0.0032859583555260308,0.002985249524654411,0.007548360646571384,0.004674607068029212,0.0004596309969755463,0.0024611876875135327,0.00303350798784896,0.00610934050461851
2024-03-09,84.41779863664821,101.70263601105565,90.38153133462914,58.69776825772028,0.0073678812789412795,0.0032545421804703162,-0.0031284715033592647,0.004631454713535629,-0.0008543894101283867,0.002454807436692503,0.012199598541288603,0.0064798896402220975
2024-03-10,84.80788159245999,101.4626099965315,89.64569009827072,58.83726648132665,0.004620861502095952,0.0033320796440616395,-0.0023600766306396403,0.004301796058134828,-0.008141499988908563,0.0028711737284417907,0.0023765507232555994,0.006284733819341638
2024-03-11,84.96389393413921,101.10025507591148,90.15565606196748,58.65891332978296,0.0018395972019313866,0.0033251559300630363,-0.003571314798943237,0.004272105872392118,0.00568868356234109,0.0030600252322285273,-0.003031295677209833,0.006266509541762319
2024-03-12,84.98380291085228,101.86581817686064,90.50995878409437,58.74025594866641,0.00023432279043733573,0.0033078665442308718,0.00757231621596155,0.004538049916412187,0.003929900103919914,0.003137725259646854,0.0013867051785656503,0.006267700131713327
2024-03-13,84.93112702629828,102.12187867586026,90.65952955391906,59.19994998915397,-0.0006198344007887213,0.0032499891266507194,0.00251370384671179,0.0044765641737869715,0.001652533840850401,0.0031334381002350946,0.007825877382783064,0.0064352608242252834
2024-03-14,84.69050660494952,101.76755172749344,91.27186392522697,59.67355675726533,-0.0028331240826965365,0.003238516370775377,-0.0034696477675608683,0.004067822382004728,0.0067542195985446085,0.003339721314250478,0.008000121084530187,0.006461497010366776
2024-03-15,84.71419505584079,102.24965744644189,90.96122737935345,59.50233934070305,0.00027970609506167143,0.003234094216873589,0.004737322562690771,0.004101901856862163,-0.003403420643715682,0.0034010148330305898,-0.002869234311920432,0.006238228108293763
2024-03-16,84.78355264408829,102.35878072540358,91.5666371384854,59.55448048716399,0.0008187245148441047,0.003231482613832967,0.0010672239075113499,0.0041149075523037,0.006655690304255613,0.003376380757391271,0.000876287336576631,0.006220846425239648
2024-03-17,84.47102525964829,102.49008389385466,91.25629922612572,59.15547146817848,-0.0036861793908538054,0.0032932464327493764,0.0012827738619056728,0.0037756377351394186,-0.0033892029024755743,0.0033966747283738063,-0.006699899247236463,0.00610607502979251
2024-03-18,84.56170114848071,102.37354901988236,91.33443723667612,59.36149616511976,0.001073455525769873,0.003126462036476074,-0.001137035599395042,0.0037713589262304294,0.0008562478559073217,0.003357416517633311,0.0034827665442933586,0.005859428897204747
2024-03-19,84.52759341790971,102.09254449479384,90.92845617813578,59.76167020680312,-0.0004033472613222955,0.003127559210894681,-0.0027448938498160214,0.0037764092485634655,-0.004444994361637367,0.0034475901425176357,0.0067413065292396546,0.005893222879389274
2024-03-20,84.04941990774292,102.2591777327294,90.938099020578,59.75511707927389,-0.005657010815423025,0.003130829970601609,0.0016321783217387864,0.0037961006066818776,0.00010604867659180783,0.00344677902136808,-0.000109654357158262,0.005891939382657809
2024-03-21,83.8421242323835,102.06328443341248,91.06594187001744,59.55844687226112,-0.002466354623112843,0.003171596208257452,-0.001915654943255296,0.0037866619485594616,0.0014058227609368146,0.0034465687913949115,-0.003291269712547895,0.005930301299517477
2024-03-22,83.7495025446047,102.83402034732082,91.02046577286184,59.63898597044496,-0.0011047154235034329,0.003084385497494367,0.007551549199959151,0.0037770606149708555,-0.0004993754659728955,0.003446878510735881,0.0013522699535228888,0.005707388825407257
2024-03-23,84.2360031969832,102.33327338048326,91.25218060633648,59.73454238805533,0.005808997517560144,0.0030612525110851937,-0.004869467955704643,0.0038685553992531645,0.0025457443170295857,0.0033906078527919884,0.0016022475240897727,0.005655102539661373
2024-03-24,84.38489160071448,102.98847665659665,91.28604769541302,59.73928104594448,0.001767515053902935,0.0030353974805889337,0.006402641628371342,0.003889877658340692,0.0003711373125716566,0.003383511092341432,7.93286045177588e-05,0.005640786751625363
2024-03-25,84.05385754682865,102.96246817215892,91.12112424575098,59.770224839059736,-0.003922906667371051,0.0031306626488235133,-0.00025253781085088356,0.003869983821218783,-0.0018066665588626352,0.0033984605961358194,0.0005179806749173732,0.0056410638483683755
2024-03-26,84.18626939692072,103.10578417929752,90.94389508815622,59.70618442189464,0.0015753215135700938,0.003061297045225894,0.0013919247438685112,0.0038617279783474076,-0.0019449843168831693,0.003338405629875713,-0.0010714434710181742,0.005628598795040851
2024-03-27,83.80428520212979,103.46811075689398,91.20721116592463,59.95688947793792,-0.004537369306507166,0.0031432868792149967,0.003514124648587913,0.0037409281144166616,0.0028953683753392134,0.0033840642611278242,0.004198979694829408,0.005556504499867196
2024-03-28,84.08849783489526,103.22232299641075,91.00138626209738,60.13707136072768,0.003391385441448236,0.00318887199817137,-0.002375492880707153,0.003754354556277672,-0.002256673580916857,0.0034019716389845174,0.0030051906354491287,0.0054912293513125566
2024-03-29,83.97935838644526,103.59674339194248,91.29773240117616,59.8514346987546,-0.0012979117389432249,0.0031955130639731793,0.0036273199891534436,0.0037978057070344536,0.0032565013704874968,0.003455977235317519,-0.004749760098221478,0.005547936893099076
2024-03-30,83.96642882324454,102.48856409297352,91.6905895195292,59.56146438126032,-0.0001539612048619965,0.003190868293250768,-0.010697047635718993,0.004261100819579552,0.004303032594793921,0.003553851259400839,-0.004844834864089154,0.005650722548921393
2024-03-31,84.3112118958949,102.21842790855924,91.15368079005393,59.47731535622817,0.004106201460302161,0.0031993345568441154,-0.002635769042185321,0.004257282522149152,-0.005855657950164184,0.0037066088640377963,-0.0014128098747455686,0.005654669590726137
2024-04-01,83.99364644062413,101.8683497107217,91.51869282991716,59.65908469834385,-0.0037665862953422113,0.003238192402677767,-0.0034248051452200334,0.004297003689271808,0.004004358756547921,0.0037700301506750087,0.003056112082850504,0.00559311624362041
2024-04-02,83.6522859807174,101.38882210105574,92.17897087623903,59.68226115339176,-0.004064122399401349,0.003303343580936075,-0.004707326770559184,0.004362960038451634,0.007214679601564855,0.003962595408694588,0.0003884815726740154,0.004896270666376462
2024-04-03,83.51937432864209,101.33762825501232,92.25453647512516,59.49281675552015,-0.0015888585771098862,0.003200848505379973,-0.0005049259374213522,0.004272110489739445,0.0008197704765828817,0.0038992287602887623,-0.0031742161608908637,0.004919204426616445
2024-04-04,83.79423143809882,101.53049970880018,92.44158996149709,59.54729991596645,0.0032909383201937814,0.0032302456886659737,0.0019032560472256321,0.0042822960757531465,0.0020275803610194654,0.003780343194826216,0.0009157939297139706,0.004817708370146412
2024-04-05,83.42477002125298,101.8505088577894,92.76903507861633,59.44278962359416,-0.004409150970240305,0.003324644507944963,0.0031518523981173274,0.004321590998770463,0.0035421839591425197,0.003751997555965579,-0.0017550802894468198,0.004855042670196999
2024-04-06,82.73150499365124,101.98016067435032,92.6685029144388,59.66310019191934,-0.008310062196457024,0.0036328715023063256,0.0012729618930225062,0.004254561746440097,-0.0010836823309882115,0.003760518783037737,0.0037062622686492297,0.004179201492000003
2024-04-07,82.64073411467392,101.73887145319937,92.71753611110988,59.73594049746258,-0.0010971742745921054,0.003597443258256781,-0.002366040802009084,0.004047800897060706,0.0005291247309384683,0.003760306110370005,0.0012208602186096762,0.0041627241483712975
2024-04-08,82.79950126078545,101.92171361333014,92.28057016035322,59.63415741449335,0.0019211729882653295,0.0033152320077082073,0.001797171105980766,0.004019880313980084,-0.004712872764791931,0.003883837103199247,-0.0017038834932807667,0.003609781494548454
2024-04-09,83.11839777068192,102.00327211188576,92.31898930648777,59.6798930117173,0.003851430323137839,0.0032758740449992264,0.0008002072930703985,0.003995076262150699,0.0004163297438213309,0.0035081062753502166,0.0007669362527595869,0.003593375260047113
2024-04-10,83.021136157191,102.41530175365496,92.47327669488772,60.01638612901241,-0.0011701574633243839,0.003242431017537616,0.00403937671055532,0.0039899688989712785,0.0016712421741071903,0.0033973271449468335,0.005638299606687491,0.0036494006874195507
2024-04-11,82.93772848815073,102.75961577758468,92.63229161375186,59.843758224990935,-0.0010046558370672143,0.0032371411643881435,0.003361939261360858,0.00379991193487265,0.0017195769907538683,0.0033519396749453994,-0.0028763461973599913,0.0037070743229923892
2024-04-12,83.2446178355047,102.79475032582263,92.96823896066437,59.934497129789015,0.003700238153952151,0.003340199638788064,0.0003419100779238349,0.003776866739201746,0.0036266764112162786,0.003388868472081571,0.001516263474913071,0.003454992987075601
2024-04-13,82.79502973055624,102.44809788344875,92.70354652907622,59.89723086367167,-0.005400806882636777,0.003429431089977446,-0.0033722776822271427,0.0037736219422094654,-0.0028471275195407486,0.003262491941680895,-0.0006217832450757799,0.0031473473498439077
2024-04-14,82.71955261415947,102.20630422030528,92.52069904200482,59.99429412329526,-0.0009116140986046295,0.003424007139762252,-0.00236015766167319,0.003703061368115398,-0.0019723893412648685,0.0032131764658834042,0.0016204966110120456,0.0031063159249061817
2024-04-15,82.78848602756297,102.00975212133476,93.12623588947136,59.79894529776335,0.0008333388083592297,0.003424244683978425,-0.0019230917355828048,0.003713366493976235,0.006544879726769315,0.0032059972580765527,-0.003256123409510314,0.0031698973294998147
2024-04-16,82.92122918218517,101.9113024026768,93.06332781176638,59.81123507411333,0.0016034011610988053,0.003405990221829883,-0.0009651010477984556,0.003707026252609511,-0.0006755140171201823,0.0031278231469291052,0.00020551827944093048,0.002894764887429389
2024-04-17,82.81456112083116,102.0517620980272,93.11522265145138,60.09193157742184,-0.0012863781977912048,0.003392960903568302,0.001378254345091312,0.0037131231183518943,0.0005576293144164968,0.003127647441302637,0.004693039743464578,0.0029475701073850423
2024-04-18,82.84417584995778,102.37352595648235,93.07968721835088,59.819311852024775,0.00035760292303432806,0.003398019150156017,0.003152947600709499,0.0037242794239091687,-0.0003816286111832934,0.002984150937012026,-0.0045367109733496225,0.002829313093771919
2024-04-19,82.24661315100275,102.37924272525854,92.7986947351467,59.44393457784843,-0.0072130924452347145,0.0034875489047177014,5.584225729027281e-05,0.003712995575632026,-0.0030188378539027783,0.003062150700740755,-0.006275185430165364,0.003055171675572219
2024-04-20,82.10987584122418,102.41246354859186,93.31540542909713,59.08329894700409,-0.001662528152101772,0.003476713382600648,0.0003244878790760186,0.00369466949376049,0.005568081484606635,0.003187888334634515,-0.006066819657976175,0.0031919306522176327
2024-04-21,82.24839422905706,102.49747974361316,93.12762573719816,58.75910106774423,0.0016869881535410691,0.0035024908239631417,0.0008301352401405282,0.0034222572833203526,-0.0020123118046316835,0.0032212499247467603,-0.005487132320601273,0.0033145483044262763
2024-04-22,82.03177657349082,102.3114499464203,92.7465946835512,58.905545127805766,-0.0026337007256697076,0.0033035782104963696,-0.0018149694768905267,0.0033194709204944087,-0.004091493266694224,0.003321328186185354,0.002492278768742473,0.0033378228773069105
2024-04-23,82.0738069493671,101.9601051734006,92.59032623934878,58.521031294580105,0.000512367007419634,0.003276755321141983,-0.003434070900213859,0.003146352604256063,-0.0016848968389145957,0.00334620063561161,-0.006527633899175211,0.0035142884992738804
2024-04-24,82.21106718472244,101.27504790990642,91.933206669178,58.43305733863324,0.0016724000074714862,0.0032591324631603183,-0.006718875606582908,0.0033554320666653002,-0.0070970650699739846,0.003600517197522299,-0.0015032878608038924,0.003509890556892981
2024-04-25,82.15277790035806,101.03107911991889,91.72136468002788,58.58664252774413,-0.0007090199210454395,0.003229883831915567,-0.0024089723482981773,0.003351522452352407,-0.002304303274359265,0.0036088378978751945,0.0026283955710348916,0.0035627352775384766
2024-04-26,82.22149205479771,101.262323817533,91.41029368220332,58.68657704942471,0.0008364191229539575,0.003164367723894424,0.002288847151079576,0.0033059066588790238,-0.003391478080485788,0.0036347771698424817,0.001705756079694476,0.003474318160848051
2024-04-27,82.01022638927587,101.01541979106575,91.61045153710585,58.57424134952467,-0.002569470101333571,0.0030893742378515407,-0.0024382615089117987,0.0033070149650002837,0.0021896642800252053,0.0036268326229245917,-0.0019141634347737968,0.0034085022507207305
2024-04-28,81.98731203673871,100.95956734229723,91.395376160016,58.61473357367069,-0.0002794084780157746,0.003089642402714684,-0.0005529101288104243,0.0032042185893318515,-0.002347716592169924,0.003609792035092903,0.0006912974579456055,0.0033390872932494158
2024-04-29,82.16554724732991,101.18873261618047,91.68223329944222,58.632921757528734,0.0021739365050938986,0.003135201207554685,0.0022698717904194865,0.0026588593279056136,0.003138639518524222,0.0035684188198875045,0.00031030054645198035,0.0032493565822507065
2024-04-30,82.23102945473339,101.4380850759148,92.13128544874633,58.56357651678566,0.0007969545581723025,0.0030155594817347347,0.00246423147407282,0.002675421343736283,0.004897918965798498,0.0034990344337939316,-0.0011827014357197463,0.0032474437556851855
2024-05-01,82.11265499707011,101.03625333877396,92.37939669679317,58.498255656624494,-0.0014395351541651724,0.002966900674154091,-0.0039613497912555085,0.002699051831401382,0.0026930184121316536,0.0034599303927179085,-0.0011153837256241417,0.0031780127165293146
2024-05-02,82.1951877825475,101.47934233060434,92.30372130189645,59.07735230418956,0.0010051165131652606,0.0029155775624509863,0.004385445591937209,0.0026940924515803134,-0.0008191804406896264,0.0032095637072590525,0.009899383170743903,0.0037143094319438924
2024-05-03,82.39809602263571,101.9727899962338,92.34403327301158,59.27963340880592,0.002468614593654994,0.0029609899546794083,0.004862542999361175,0.002831826021611115,0.00043673180827985547,0.0032071571215402618,0.0034240042372721824,0.003735552157612919
2024-05-04,81.91649907211223,101.54293816193898,91.8455544137982,59.927255182181696,-0.005844758237995906,0.003032312650919456,-0.004215358178497386,0.002924647227463099,-0.005398062457805386,0.003332357981638658,0.010924861307923805,0.004243091599065096
2024-05-05,82.23032271088489,101.2435816934221,91.80161457061163,59.775093350619976,0.003831018687656451,0.0030625519497266738,-0.0029480776697584643,0.0029105648362414333,-0.00047841012520433157,0.003256220374195446,-0.002539108976360449,0.004258068805283069
2024-05-06,82.17393089168773,101.76415711247742,91.524673150071,59.73505280940898,-0.0006857788871318382,0.0026828447438545615,0.005141811563242449,0.0030597431520650825,-0.0030167380152951173,0.003290304688797111,-0.0006698532610586172,0.004208285830497683
2024-05-07,82.30587473838699,101.7375173503226,91.74920313108828,59.36003552993115,0.001605665510551857,0.0026977795159048934,-0.00026177942126881515,0.0030291684953177417,0.0024532180590159935,0.0033277549443676262,-0.0062780103446857805,0.004356365042598547
2024-05-08,82.62755188305623,100.8676036094997,92.5754818708819,59.12918802243761,0.003908313297096955,0.002773262985750058,-0.008550569774839811,0.00338605579841054,0.009005841049246621,0.0036351668094830878,-0.003888938162396216,0.0044003980719360385
2024-05-09,82.31108463449432,100.34481193853024,92.72994781158124,59.62208074361591,-0.0038300450799970687,0.002753682087017215,-0.005182949254880609,0.0034910995091321814,0.001668540498819926,0.0036459461053210355,0.008335861486737484,0.004670816677228112
2024-05-10,82.16200863626929,100.29171155177204,92.07483971929696,59.46580315311734,-0.0018111290707322203,0.002762963886858019,-0.0005291791945429836,0.003382387500795456,-0.007064687382499102,0.003863028812096266,-0.002621136138649449,0.004567975174978644
2024-05-11,82.11821847518065,99.87266090004752,91.95570346110172,59.96415434784674,-0.000532973351254018,0.0027604096695984354,-0.0041783178813156185,0.003350711310479578,-0.0012939067671303706,0.003852260114473291,0.008380466895338223,0.0048049873871438085
2024-05-12,81.95286214191964,99.7590363807126,91.99355387535785,59.61029333286577,-0.00201363761089135,0.002668531879327777,-0.0011376939225503646,0.0033420090304593867,0.0004116157327005432,0.003785200003205182,-0.005901209127844087,0.004917945816299184
2024-05-13,82.40848231722718,99.82459720555416,92.0198132882024,59.31157134657572,0.0055595395133185566,0.002726594127545138,0.0006571918416629074,0.003324025501991384,0.00028544840087518786,0.003756878617897818,-0.005011248386616374,0.004996545772508065
2024-05-14,82.22219157168536,100.46051110446422,91.78238473138656,59.20621911404155,-0.0022605773132031715,0.002750564543560018,0.006370312695583635,0.003561741382841323,-0.0025801895084510695,0.003768165552306931,-0.001776250909262922,0.004989645104897111
2024-05-15,82.11220285593488,100.3898000247535,91.86136396412488,59.17560981142997,-0.0013377010956291402,0.0027510721554012685,-0.000703869400357604,0.0035526903519829045,0.0008605053460908341,0.0035508288644518506,-0.0005169947189604951,0.004961101578641077
2024-05-16,82.19051132670731,100.86719648526606,91.46139208534612,59.40798585052882,0.0009536764092155092,0.002738345809681685,0.004755427945815738,0.0036796359947585938,-0.004354081645630226,0.00362170504974555,0.003926888794882455,0.005021302104856165
2024-05-17,81.9214854345465,101.48579534477702,91.16213707816746,59.51362990572382,-0.0032731989108990556,0.002786836502756537,0.006132805124620555,0.0038542920562463175,-0.0032719270979323367,0.0036479011138702746,0.0017782803722854457,0.004950798448455529
2024-05-18,81.85379218094316,102.10418753457807,91.37418528107168,59.38662100825216,-0.0008263186787235144,0.0027847412888692613,0.006093386642930687,0.003977346899634872,0.0023260556377961983,0.0036893095515919626,-0.002134114448620439,0.004899239514225817
2024-05-19,81.96187387344796,102.25056108525222,91.05349137936064,59.33626941371297,0.001320423765656109,0.0024841071542262634,0.001433570495084524,0.003986913855184579,-0.0035096772761865624,0.003701430612402888,-0.0008478609101567613,0.004766744114351455
2024-05-20,81.90935645848332,101.47621774465412,91.2320963539046,59.2366656151154,-0.0006407542004923661,0.0024690829985026534,-0.00757299844988113,0.004216528224825608,0.001961539001286816,0.003548734627712127,-0.0016786326404024665,0.00464140818171224
2024-05-21,81.9161950196615,101.6995806308753,90.80033130124652,58.97905863659505,8.348937745172869e-05,0.002446800668102082,0.0022011353121500488,0.004236553274638141,-0.004732600366686657,0.0036163109299146294,-0.004348775810477323,0.004598639482682807
2024-05-22,81.8158919942037,102.16021286245548,91.37066406341329,58.73117841752988,-0.001224459039311232,0.002410372270767725,0.004529342488166943,0.004313479730830917,0.0062811749031463915,0.003786282458625363,-0.004202851398366736,0.004642531041080978
2024-05-23,81.47477927616967,102.15670413592666,91.12742542050968,58.99213880764072,-0.00416927212696272,0.0025194452102800164,-3.434533298740661e-05,0.004265637632720681,-0.002662108734755364,0.0038010809557524517,0.004443302469697263,0.004548970205326267
2024-05-24,81.58669310683221,102.89926618253074,91.06271691253826,58.49454258641943,0.001373600906400707,0.0025122001082889447,0.007268852816708415,0.004262113444466402,-0.0007100881833632666,0.003593406923802795,-0.008434958136436355,0.004811021042390721
2024-05-25,82.04871857471966,103.27544930745664,91.17535667091094,58.911006937013305,0.005663000304258592,0.002731906413786205,0.003655838752616658,0.0042612832174573215,0.0012369470425626083,0.003583815971085982,0.007119712919860799,0.004961667032172158
2024-05-26,82.0821759609787,103.52870374762531,91.00124791615048,58.80829756705594,0.00040777463487828847,0.0027282904752222105,0.002452223077865412,0.00426343284025759,-0.001909603220845102,0.0035482440695344918,-0.0017434665489113321,0.004965436296526023
2024-05-27,82.16635841918453,103.99453843287073,91.05485113762516,58.59270898246514,0.001025587555644858,0.0026926650575194375,0.004499570345060988,0.004272857672536593,0.0005890383121347487,0.003523903142859851,-0.003665955205470306,0.004999888698218406
2024-05-28,82.36521057264841,104.14441399015487,91.2457103571876,58.77791258510766,0.002420116423432095,0.0027255980808722205,0.001441186811756312,0.004263719532946713,0.0020960906220577336,0.0035237675443215476,0.0031608643098912648,0.005031508161420956
2024-05-29,82.07813838084965,103.11564643625552,91.55831701464668,59.15979014926618,-0.003485357346905027,0.002776549337240248,-0.009878278771596971,0.00469808754635469,0.003425987438043343,0.003533108045016644,0.006496956890151173,0.005165224403492409
2024-05-30,82.52624040992062,102.92998955573395,91.81499219060768,59.444034933420426,0.005459456536303753,0.0029496321216647588,-0.0018004724495067626,0.004705491244437447,0.0028034064444406592,0.003451947836050508,0.004804695612291132,0.0052208887233358555
2024-05-31,82.60172385670539,103.44500640038548,91.76052260104862,59.563238917943806,0.0009146599482763307,0.0029379027544770655,0.005003564528418103,0.004697217929654552,-0.0005932537623701828,0.0034118780057924673,0.0020053144887774987,0.005218461556840007
2024-06-01,83.03094447774319,103.1277683665563,91.71472525187164,59.838778502393225,0.0051962671115968195,0.003073905438417592,-0.0030667312504318867,0.0046979172466909466,-0.0004990964292573841,0.003410434700187369,0.0046260006919538466,0.004978215333348082
2024-06-02,82.869801887091,103.0557554078874,92.4705609245584,59.35907357750735,-0.0019407534343461874,0.0030741241304352985,-0.0006982887326033582,0.004631037983319001,0.00824115942790038,0.0037427593650583486,-0.008016622947386698,0.005175935508761324
2024-06-03,83.34458094653198,102.64597488016896,92.77283725747589,59.20517950011111,0.00572921677896443,0.0030157275336127965,-0.003976299296400865,0.004623087948914685,0.003268892606416607,0.003640639942321405,-0.002592595674447362,0.004769709331531688
2024-06-04,83.55740890062103,103.40349783981826,92.46559731439564,58.94886968150482,0.00255359078745121,0.0029770211835320735,0.007379957767790213,0.0047502388694505805,-0.0033117446028685382,0.0036989222626592376,-0.004329178980122972,0.0048085217713824775
2024-06-05,83.71337155901249,104.1164368622478,92.49295841370508,59.261749454096254,0.0018665329674949493,0.0029773096415114304,0.006894728295690156,0.004816884532225811,0.0002959057217399863,0.0036472205154274026,0.00530764668231809,0.004921724232572767
2024-06-06,83.78824990564976,103.75850874462452,92.37926560795184,59.14558981448447,0.000894461007158176,0.002972043486029713,-0.0034377676417877145,0.004874967859188591,-0.0012292049870944455,0.0036361986486049525,-0.0019601115505670785,0.00480112560644752
2024-06-07,83.74131886305878,103.8335195190894,92.33142057755124,59.35742211756688,-0.0005601148447882398,0.002911858593577519,0.0007229361270939538,0.004553740295353293,-0.0005179195795260716,0.003237938944874717,0.003581540124070859,0.004792064982055232
2024-06-08,84.05889360303365,103.5640206816058,91.9305070836616,59.48607569433148,0.0037923302891156307,0.0028575171187305757,-0.002595489767965198,0.004456522257159444,-0.004342113349733556,0.0033109639465587677,0.002167438749442141,0.004554712716447852
2024-06-09,84.10770060488305,103.83468092461293,91.7981331005636,59.23997531864188,0.0005806286492406887,0.0028179999903090586,0.002613458237965105,0.004454747263063668,-0.0014399353087166666,0.003063735436318332,-0.004137108942169676,0.00459229167870289
2024-06-10,83.62442031649961,104.05954420290216,92.38160787072012,59.069756683187954,-0.005745969571249732,0.003052958109668253,0.002165589341508012,0.004341362241588069,0.006356063576122173,0.003271865215835972,-0.0028733745167575098,0.004326193479557256
2024-06-11,83.36121909192994,104.40829314359009,92.56495052579275,59.40097226964531,-0.0031474206167709795,0.003093314021102433,0.003351436366162641,0.00432897502097292,0.001984622905992328,0.003288610986611452,0.0056071940203474835,0.004340200107132596
2024-06-12,83.334001056549,104.55422005764864,91.75232667757736,59.17894783317473,-0.000326507165771206,0.00294942941469008,0.0013976563514725981,0.0043259451282477894,-0.008778958381109536,0.003675269589192145,-0.0037377239460444356,0.004296598989090642
2024-06-13,83.43102850431268,105.78767317395422,92.14507123803008,59.19883845646321,0.0011643200438418155,0.0029098527443910125,0.01179725806978893,0.004636637383622799,0.004280486115985305,0.003728079127178073,0.0003361097825622661,0.0042848925386514275
2024-06-14,83.43565275941242,105.34556916477082,92.49494309966578,58.97689229098902,5.542608286912554e-05,0.0028907208129612923,-0.004179163752438431,0.004741870492512466,0.0037969677263789414,0.003785799966962511,-0.0037491641941153064,0.004338758966925523
2024-06-15,83.75956770964044,104.62232670934216,92.37390085076848,58.88145213824832,0.0038822126934396906,0.0029540260275543874,-0.006865428334222989,0.004946981592088188,-0.0013086363950390867,0.003698292445904748,-0.0016182635102203191,0.004278861076261805
2024-06-16,83.28550316716489,104.46300698292012,92.60224670961088,58.85768709652741,-0.005659825563079868,0.003091822633675954,-0.0015228080987402803,0.004882438408967068,0.0024719737581646584,0.003653392213827367,-0.00040360828168972684,0.004261037185934941
2024-06-17,83.34148947243244,103.81468605630724,92.318087871251,58.63895149553511,0.0006722214927989967,0.003080818635794172,-0.0062062250105330286,0.004953775072904841,-0.0030685955088214367,0.003694425751824869,-0.003716347205991455,0.0042934150838236035
2024-06-18,82.90665463243242,103.2085073745594,92.16321574551156,58.37545557718364,-0.005217507423404766,0.0032548051079547007,-0.005839045560654621,0.005086027954567541,-0.0016775924340570736,0.003643225403110193,-0.004493530522481026,0.004357257864733092
2024-06-19,83.11886431491888,102.81491204512967,92.645163652206,58.44218546514389,0.002559621823209346,0.0032723504283056703,-0.003813593854247954,0.00492864039508989,0.005229287007793015,0.0037387995746671573,0.0011431154977801228,0.004362169289348376
2024-06-20,83.11690761582715,102.4594307255259,92.55119456834184,58.21116054145752,-2.3540974817937155e-05,0.0032728716233195693,-0.0034574879512393464,0.004967387617098546,-0.0010142902247646246,0.003618388061619958,-0.003953050726074658,0.004350527157586559
2024-06-21,83.24319810121699,102.09555494767284,91.94060527358258,57.991324127602994,0.0015194319544895585,0.0032616184009979974,-0.0035514132303530177,0.004946950953855779,-0.006597314033676693,0.0036896781595470852,-0.003776533774789703,0.004338449932037235
2024-06-22,83.04815057317802,102.3381917653716,91.92100623893992,57.74008975462316,-0.002343104691890918,0.0031860562499210704,0.0023765659320145183,0.004966075604924907,-0.00021317060709280522,0.0036507400199846333,-0.00433227515941903,0.004295328091021061
2024-06-23,83.38923056812672,102.1596027765846,91.89672770987868,57.71514928869755,0.004107014937655418,0.003246196744423234,-0.001745086420878339,0.004784952761035175,-0.00026412383909435455,0.0036474105629104637,-0.00043194366395338246,0.004039662751956958
2024-06-24,83.66943984183362,102.11666650512063,92.2834510429151,57.95569731975044,0.0033602573353639364,0.0031514664286422436,-0.0004202862021485121,0.004728362885276648,0.004208238341819159,0.003713187229361965,0.004167849065929596,0.0038820764405306145
2024-06-25,83.83328690502903,102.51280158266114,92.28585396124764,58.34264264146803,0.0019582665248523146,0.003159940089952165,0.00387924019749164,0.004764722147938691,2.6038453323717903e-05,0.0036882350196492477,0.006676570891430256,0.004090657439638167
2024-06-26,83.8167942457563,102.22552471706132,92.14748678608144,58.14380631963067,-0.00019673163109312775,0.003163591633504943,-0.0028023511323918004,0.004696164993210699,-0.0014993324461655133,0.003705654721857744,-0.0034080787711189275,0.004083511455183208
2024-06-27,83.97886344106243,102.14719199964648,92.48367065797017,58.69936398959272,0.0019336124313098502,0.003155536984021128,-0.0007662735665250331,0.004680979749573272,0.003648323829700928,0.0037407613308676384,0.009554889938027333,0.004420539521461926
2024-06-28,83.81575357478923,102.32728021823954,92.5188477199324,58.42358374405422,-0.0019422728480682494,0.003097824057817256,0.001763026619407082,0.004359780458841797,0.0003803597079568011,0.003698469797391026,-0.004698181152139824,0.004321525460321775
2024-06-29,84.04724883227951,101.56145773935154,92.27178370167108,58.699728200476684,0.002761954019583124,0.00299236271926403,-0.007484049974304852,0.004549012689062739,-0.00267041823747316,0.003708501148521339,0.004726592220569925,0.004318298981197987
2024-06-30,84.47766751828155,100.62906514070389,92.6429417817825,58.49870690144007,0.005121151399743784,0.0031034635518875802,-0.009180575184737472,0.004698797129898018,0.004022443971728462,0.003770876539056947,-0.003424569503116981,0.004327317572803476
2024-07-01,84.7599977735957,100.81392061272524,92.70049508260674,58.26027009593636,0.0033420697281094647,0.0030295155983892834,0.0018369988011206484,0.00470643049514453,0.0006212378376304617,0.003767970527542712,-0.0040759329245591,0.0042565662748707276
2024-07-02,84.58316882284888,101.05611037398006,92.69572028173948,58.05727487881882,-0.0020862311867817507,0.003033987697175225,0.002402344435995074,0.004741416655349235,-5.1507824882723874e-05,0.0034618580857830256,-0.003484282115123527,0.004070992426165946
2024-07-03,84.68509849989833,101.93198311083184,92.74781463710111,58.03703963012042,0.0012050822695344188,0.0028834132008053945,0.008667192252011402,0.004990220258563652,0.0005619931017666335,0.003410964017865804,-0.00034853941630297314,0.004056194990196081
2024-07-04,84.36598674988744,102.0293635574524,92.39419967757486,58.18209906953807,-0.003768216081265763,0.0029608474568828358,0.0009553473173840032,0.0047864928022041215,-0.003812650043668042,0.003428895996826681,0.0024994286466391014,0.0040345074953435514
2024-07-05,84.52298019678825,102.39589710939153,92.22085406845945,58.35021678144895,0.0018608618585382874,0.002960745842497244,0.0035924320132874055,0.0046480925105504564,-0.0018761525043815563,0.0034448886960097022,0.0028895092236178588,0.003938979766780599
2024-07-06,84.64810573614935,102.3442048538302,92.22095498938911,58.094083477011374,0.0014803730189087982,0.0029665577651350216,-0.0005048274102827932,0.004615879859455541,1.094339568741276e-06,0.003438206233007027,-0.004389586167210413,0.003994424476724222
2024-07-07,84.18314828533339,102.49479254596656,92.15712030542905,57.82862535447757,-0.00549282759221148,0.003149493333179032,0.001471384650957308,0.004624436468744311,-0.0006921928315252179,0.003439168630118315,-0.004569451941501823,0.0039780693625157786
2024-07-08,83.90352022295842,103.20576691656768,92.56718243158228,57.58492058804212,-0.0033216631602703828,0.003135936638559011,0.006936687737401526,0.0047943109263575,0.00444959786931487,0.0034360357225698764,-0.004214258335583754,0.003981126525356315
2024-07-09,83.84837930666689,102.3492452316745,92.6335158672906,57.55232444625353,-0.0006571943125271984,0.0031354022489785255,-0.008299164964159389,0.004990940103313555,0.0007165977613863284,0.0034222999931107054,-0.0005660534295389708,0.0039395669236966975
2024-07-10,83.78932727675544,102.5475127999472,92.90602446086508,57.49434945158078,-0.0007042715720892989,0.002951995882109748,0.0019371668821193122,0.00498695621234718,0.002941792622498385,0.0032674940758986287,-0.0010073441034842423,0.003922937090906868
2024-07-11,83.50246222008603,103.45049137477,92.90192235654035,57.24530802883093,-0.0034236467339319177,0.002962788041398843,0.008805465390314682,0.00522502099973544,-4.415326507112294e-05,0.003250101709821088,-0.00433158084447216,0.003771798066417017
2024-07-12,83.61944732976713,103.58510124356536,93.2383172312894,57.31299400063437,0.0014009779660479893,0.0029717769843838142,0.0013012008643604744,0.005223973747713248,0.003620967857457469,0.002841301583140356,0.0011823846204015442,0.0037657148756828226
2024-07-13,83.70117156689432,104.28555801659527,93.35787213673986,57.8943778231824,0.0009773352938449165,0.002969702751154926,0.006762138228574965,0.0048923606424952195,0.0012822507848773146,0.0027566493535664083,0.010144014157445591,0.004281566352068551
2024-07-14,83.67041187577563,104.03247735253169,93.35101078173972,57.75735061226078,-0.00036749415262493645,0.002970984244554579,-0.002426804524777171,0.004856818746412417,-7.349519481436584e-05,0.0026837096063746344,-0.0023668483205765423,0.004255352419567896
2024-07-15,83.49902022533612,104.03116711945847,93.33554376926703,57.63994874178057,-0.0020484140880525636,0.0029071212625403015,-1.2594461908044252e-05,0.004701230455324582,-0.0001656866095306464,0.002667996501789965,-0.0020326740966418733,0.004259148876072365
2024-07-16,83.78148005604787,104.05718206053152,93.0128268557637,57.78107447714218,0.003382792156715997,0.002776610573452501,0.00025006872260857627,0.004694883745340654,-0.0034575993289449602,0.002724320791298047,0.002448401472281425,0.004297678774354387
2024-07-17,84.21506742387362,103.14597906893589,93.1700183038641,57.630912653272745,0.005175217333660109,0.0029208898918727353,-0.008756752523488176,0.004830061255912148,0.0016899975349007335,0.002668352730469235,-0.0025988063605295597,0.004274572973072974
2024-07-18,84.10689519144071,102.6851500811579,93.14765207313155,57.8004212131233,-0.0012844759939270034,0.0027452856891824304,-0.004467735843294518,0.004781135923139636,-0.00024005824126382969,0.002644233451816418,0.0029412784224045474,0.00425467368608795
2024-07-19,83.96736993746276,102.26042390965164,92.97500365004382,57.60855851449552,-0.001658903870608519,0.0027432818508959077,-0.004136198575651728,0.004789995092762741,-0.0018534919479471501,0.00250689107534658,-0.0033193996618180455,0.004279648672030946
2024-07-20,84.10723804675398,102.62674959025638,93.32774578513798,58.07967105992141,0.001665743602489611,0.0027528354274801124,0.003582282046164842,0.0047957797288110905,0.0037939459128377706,0.002584280661729307,0.008177822142648283,0.004506290891135866
2024-07-21,84.03192984352556,103.01121412354388,92.908786742901,58.16317308295038,-0.0008953831439162396,0.0027542351334773345,0.0037462409637107896,0.004791069226219114,-0.004489115629145446,0.002413811060895493,0.0014377151506732577,0.00445852758317624
2024-07-22,84.01248615019917,103.16733495639453,92.76481395759706,57.993792001508766,-0.00023138458634230918,0.0027105156608939586,0.0015155712334717908,0.004780823271223787,-0.0015496143083038039,0.0024368250163995155,-0.002912170579140283,0.004417102780032948
2024-07-23,84.21481191174338,103.52846894631554,93.09330521999236,57.83406626928559,0.002408282040154086,0.0026471570761364494,0.0035004683417834137,0.004800087570468723,0.0035411191849687995,0.002504149469590281,-0.0027541867277625087,0.004447993775245868
2024-07-24,83.74671170718744,103.47790451149758,93.18790381521256,57.69519827438025,-0.005558407053696257,0.00279215562541411,-0.000488410920518656,0.004800531984396626,0.0010161696912216467,0.0024040828524064433,-0.0024011452741148354,0.004401166350908657
2024-07-25,84.09609875116774,103.99335001815336,93.16325172421632,58.04726989602906,0.004171949403839248,0.0028728331819869515,0.004981213227008396,0.00483176985399264,-0.00026454174830592425,0.0024059258528189007,0.006102269030682006,0.004371640758339867
2024-07-26,84.12979744534394,104.00971224279704,93.23634081699312,57.70945591189744,0.0004007164978712119,0.0028727163283634957,0.00015733914371263147,0.004792295342762673,0.0007845270686037686,0.002382448611039162,-0.005819636043808529,0.004454806977098076
2024-07-27,84.041073893575,104.04634953032654,93.28549877487876,57.53158627906114,-0.0010546031782208143,0.00285973594775933,0.0003522487154274945,0.004785742026427348,0.000527240316971822,0.0023022526238597667,-0.003082157508257466,0.004078200934031739
2024-07-28,84.03448653132446,103.94802590054378,92.7805108777654,57.38280669654203,-7.838265202186889e-05,0.0028355852333375744,-0.0009449983610823054,0.004789080866944561,-0.005413359029488918,0.00252652137300008,-0.002586050414070562,0.004023982825880593
2024-07-29,84.04102759188264,104.24586296309576,92.6620883418635,57.376251245681246,7.783781192904904e-05,0.002790380904029991,0.002865249820491522,0.004558724291906653,-0.001276372966494188,0.0024863636594662413,-0.00011424068006038457,0.0038984894905627052
2024-07-30,83.62055881137688,104.08043648665956,93.18250611695932,57.30378918398597,-0.005003137069523045,0.002761903849465229,-0.0015868876877613847,0.004175564295092065,0.005616296636611784,0.0025870906645898395,-0.0012629277814787399,0.00386725141114366
2024-07-31,84.01507221244704,104.4988834625008,92.95881028780622,56.91720876358753,0.004717899601222042,0.0028355281435190572,0.004020419110126072,0.004207164509826865,-0.002400620443415935,0.0026284932856339765,-0.0067461580796557286,0.003977258811174604
2024-08-01,84.04180426889648,104.0332882395485,92.84873915695812,56.814978526833485,0.0003181816755670752,0.002816935490193407,-0.004455504284114009,0.004324587319923279,-0.0011840849781458163,0.0026387997391108075,-0.0017961217525384043,0.003949368868896188
2024-08-02,84.16964102756702,103.58846584303949,92.6673023190539,56.79028562319355,0.0015211091644524721,0.002822994874199847,-0.004275769842867594,0.004173962673504074,-0.001954112027278021,0.0026621223202886544,-0.00043461960701574043,0.00394912604545093
2024-08-03,84.42505713713759,103.8903565899656,92.63540030348892,56.63067326681284,0.003034539608965492,0.002799582904025767,0.0029143278112020443,0.004195855158068424,-0.0003442639935189451,0.0025655424904502313,-0.0028105573801784356,0.00391891832707755
2024-08-04,84.1795011609115,103.86755247308572,92.4430090402268,56.807496254348,-0.0029085674863945643,0.0028271447811462416,-0.00021950176732843385,0.004160026688625072,-0.0020768654599842007,0.0025711025618856513,0.003122388934033493,0.003926891853937578
2024-08-05,84.31422728577212,103.6932246227761,92.5990051198074,57.04333882296113,0.0016004623810146335,0.002829590232393389,-0.001678366786921237,0.004175137088606605,0.0016874837935307863,0.0025876230616331767,0.0041516099839566944,0.0039734160359481616
2024-08-06,84.26062215486945,104.07845594037435,92.6600714626668,57.02268929225576,-0.0006357780012734571,0.0026449663072477987,0.0037151059676239218,0.004214071348605275,0.000659470831035236,0.0025844058501845388,-0.0003619972310782149,0.003902113542581488
2024-08-07,84.48925402629212,103.8377796758659,92.90754509670694,57.08143977653791,0.0027133893101625173,0.002610216056558653,-0.002312450375381525,0.00406408778100269,0.0026707688666076645,0.0025022820523193322,0.0010303001316027682,0.0038452019760121824
2024-08-08,83.96281016456902,103.7692572564346,92.56015409799689,56.525597330932655,-0.0062308972636836435,0.00286213243560371,-0.0006598987347880003,0.0037387529134906457,-0.003739104271331839,0.002596442603136576,-0.009737708925725563,0.004215089578740721
2024-08-09,83.95497791907987,104.36540268404868,92.44753821150024,56.42089609480537,-9.328231718075397e-05,0.0028587562168570276,0.00574491369964103,0.003853292597033193,-0.0012166778198900996,0.002543152428248525,-0.001852280047821564,0.0042207845868851126
2024-08-10,83.82038910971328,105.01718550887618,92.37324101016162,56.67901635044536,-0.0016031069592599145,0.00280077658062952,0.006245200114837646,0.0036900272732523615,-0.0008036687917925001,0.0025457204226029644,0.004574905283430075,0.004263690461247096
2024-08-11,83.94747539940012,105.68018931579992,92.52003495626842,56.57257237220482,0.0015161739409310648,0.002802656842179338,0.006313288665193761,0.0038376996239028755,0.001589139284293939,0.0024667176599713217,-0.0018780138593513795,0.004263053190402242
2024-08-12,84.08325038581177,105.55645215604191,92.26134953751914,56.38704107888617,0.0016173802221646216,0.002811716995885744,-0.0011708642893158983,0.0036735933693528445,-0.00279599352585147,0.002491342481787873,-0.0032795272609842385,0.003794208716552532
2024-08-13,83.92108437495781,106.07294700459832,92.55764893570031,56.96818615023455,-0.0019286363230471837,0.002836073948772873,0.004893067529333717,0.0037214305333962577,0.003211522481152196,0.002576504269332766,0.010306358699250673,0.0042945534337398925
2024-08-14,83.75949496227443,105.66170627164644,92.93992533126683,57.43444491885066,-0.001925492430023934,0.002832944691096351,-0.0038769615115346046,0.003811111927482534,0.004130143753241722,0.002699583420993851,0.008184546500857648,0.004561513181401459
2024-08-15,83.75076414039086,105.27420313750936,92.61268323056235,57.55254251439844,-0.00010423680189941553,0.002764648286104506,-0.003667394251052891,0.0038872295062133545,-0.0035210067098514486,0.002702295462104048,0.0020562154942846966,0.004554487739882542
2024-08-16,83.54467670076423,104.28435060187208,92.45110193258692,57.84407327827034,-0.0024607230959847737,0.002618591403974893,-0.009402612474248229,0.003941077843690819,-0.0017446994551834072,0.00269483144855479,0.005065471500220298,0.004625177811169019
2024-08-17,83.77662467869447,104.99243220427216,92.27806476333171,57.25953383726045,0.0027763346162799074,0.0026684526407455846,0.006789912372407114,0.003999742461426521,-0.0018716615122812419,0.0027109428314523692,-0.010105433588638357,0.004953756675205562
2024-08-18,83.70291283786375,104.63251346225674,93.12899209554637,57.05487700458119,-0.0008798616692118344,0.002656803063359687,-0.00342804461673174,0.003971912147174925,0.0092213391600382,0.0032028095772462517,-0.003574196626555115,0.004959324606762682
2024-08-19,82.99267166366573,104.58626376829034,92.98173926213089,56.933663646248185,-0.008485262341751287,0.0030423696184942207,-0.0004420202902140069,0.003941578920127554,-0.001581170697782297,0.003136387846131236,-0.0021245047697373565,0.004701297740161988
2024-08-20,82.92485266364434,104.21264827166269,93.52200770190169,56.87334651007764,-0.000817168536232038,0.0030419994978293967,-0.003572318994542023,0.003968965448321079,0.005810478961333354,0.00320450579241767,-0.001059428329526102,0.004685075630055351
2024-08-21,82.6925817493869,104.5135356454511,93.0966823342561,56.74844245254364,-0.0028009807288964517,0.0030720238590257972,0.0028872442911540563,0.00399017312742077,-0.00454786395306328,0.0033068568638132565,-0.0021961791453903867,0.004675424743819407
2024-08-22,82.31588574688239,104.36452059044755,92.76755643644188,56.098445574944,-0.0045553784213214765,0.0031057890792110265,-0.001425796707414606,0.003961139254987297,-0.0035353128550008606,0.0033071134524381724,-0.011454003837078064,0.0050603672433973765
2024-08-23,82.04131369418853,103.82940353957184,92.54109665767892,56.20072875253332,-0.003335590089355911,0.003012359894520604,-0.005127384745776231,0.004080738820780432,-0.002441152785113143,0.0033266415429463753,0.0018232800666941884,0.005078855257137449
2024-08-24,82.10144535377675,104.0279552778715,92.2658129384236,56.34249169977255,0.0007329436460801197,0.0028840092629827383,0.0019122881527868785,0.003992208408157576,-0.0029747185758305372,0.003364287850356886,0.0025224396620096012,0.004950008532056794
2024-08-25,82.46147650926336,103.4444735034702,92.1805281208118,56.75212524853759,0.0043851987493670475,0.0030291099040126238,-0.00560889400202802,0.004122007703139272,-0.0009243382233971031,0.0033594550917130316,0.007270419472177769,0.0050839300621823205
2024-08-26,82.56895661391158,103.1170712015818,91.9539204592172,56.55199313433062,0.0013033977706686795,0.003049124624329611,-0.00316500525160901,0.004156417594004729,-0.0024583029216062036,0.0033760135442665058,-0.0035264250163410393,0.005092215842432046
2024-08-27,82.4479235177194,102.27048466628392,91.69442382345504,56.33287117157994,-0.0014658426260383273,0.0030517062583077952,-0.008209955203662633,0.004400337903185637,-0.002822029060492892,0.0032769663483992128,-0.003874699203442633,0.005115280858782673
2024-08-28,82.59089272153756,101.71890627857177,92.07283324298449,55.6570497797626,0.0017340546337401008,0.003079816466451679,-0.005393329165418459,0.004438586402367792,0.004126853125311358,0.0033734773138825113,-0.011996927863997975,0.00552018243092454
2024-08-29,82.50626558316019,101.82795110010444,92.4704242539312,55.59079500531227,-0.0010246546028107595,0.002966144661837471,0.0010720211760244513,0.004449033789106949,0.004318222834497343,0.0033038141941802734,-0.0011904111826355201,0.005520078657085622
2024-08-30,82.36417734645178,101.0631314645508,92.77726967267414,55.82384958459976,-0.0017221508658052942,0.0028086300773933915,-0.00751090076242189,0.004522920979323672,0.003318308758920807,0.003340258990798827,0.0041923231942486705,0.005488360808568456
2024-08-31,82.10994732100065,100.50722217155818,92.94423793536788,55.6765368352372,-0.003086657739344134,0.002836499980216387,-0.005500614169942075,0.004553547856426879,0.0017996677772780245,0.0033500348835626037,-0.0026388855383273624,0.005496676637010589
2024-09-01,81.7114626597472,100.55449346885857,92.969719555216,56.22073923400657,-0.004853061952355353,0.002896976225371098,0.0004703273683128728,0.004523143428682825,0.00027416029669136144,0.003328940689035451,0.00977435791992276,0.005817743530588544
2024-09-02,81.65206439250265,100.38364049377404,92.80311679019248,56.16001039856543,-0.0007269269856530203,0.002796744535935748,-0.0016991083062583012,0.004464199893893276,-0.0017920110528523159,0.003346261017436363,-0.0010801856444535574,0.0058007481791840735
2024-09-03,81.72747135023255,101.23296584659762,92.4902580258658,56.20168586615471,0.0009235156305100745,0.0027992209751634294,0.008460794494460133,0.0047946097244666525,-0.003371209665662178,0.0033829814265803693,0.0007420843994421222,0.005769054017600602
2024-09-04,81.739935987324,102.01686787052644,92.6074614403086,55.8612465611818,0.00015251465493215655,0.002765453459688408,0.007743544974437411,0.005040417007742274,0.0012671973994280439,0.003376713333197852,-0.006057457169232894,0.0057959358297403245
2024-09-05,81.67403803705876,101.69634332915518,92.22572150844508,55.93962532524837,-0.0008061903825745675,0.002764792081236932,-0.0031418778880571985,0.004996516708441959,-0.004122129317944645,0.0034568285154956213,0.0014030972971705857,0.005808237225275328
2024-09-06,81.4789704773492,101.95980380159216,91.90713815259366,55.44712636988948,-0.0023883667857962365,0.002681940603347467,0.0025906582656982646,0.005024080097754905,-0.0034543872429585454,0.0034653037961519502,-0.008804116089361824,0.005986515365842908
2024-09-07,81.66585780826354,102.299649627653,92.28321992870455,55.62864744228049,0.0022936879273198763,0.002580777247189559,0.0033331353473586844,0.00507496395000164,0.004091975701457251,0.0034964071717430234,0.003273768800569954,0.0057962492079897225
2024-09-08,81.37998125123636,102.0860836086264,92.8989361313739,55.81744872466194,-0.0035005639406662237,0.002617806024249832,-0.0020876515198627876,0.004944382304773769,0.006672027733157115,0.0036997903558728383,0.0033939578088313382,0.005833587410108093
2024-09-09,81.60850229459561,101.50844969135017,93.02298430471792,56.165304037289225,0.002808074416406736,0.0027071296768176865,-0.005658302256855485,0.00484239768621948,0.001335302410445216,0.0037010099742949792,0.006232017417048041,0.005889328223305902
2024-09-10,81.40048701378872,101.54221920351816,93.3782902074479,55.912033134229866,-0.0025489412862398364,0.0026843096148092883,0.0003326768586326967,0.004644874095464559,0.00381954960255948,0.003751104216110787,-0.0045093836381836505,0.005933277165982721
2024-09-11,81.25573877819564,101.51047247347888,93.28972415138402,55.95834995457128,-0.0017782232134381237,0.002640366588750077,-0.00031264561960819837,0.0046484664440297075,-0.0009484651717988068,0.003713249210594288,0.0008283873389154373,0.005911280382762055
2024-09-12,80.9383354134396,101.37232658114638,92.8456264288158,56.10599358542875,-0.0039062270496665885,0.0026851403050652486,-0.0013609028602304951,0.004499391184682611,-0.004760414146445124,0.0037878475586977244,0.0026384557617822324,0.0055970832054610155
2024-09-13,80.85919663005723,101.59184638414038,93.0414416525523,56.22251672202118,-0.0009777663820009774,0.00268190906543567,0.002165480564543243,0.004524490900067634,0.0021090409022832546,0.003731442660985132,0.0020768393739434288,0.005377324957574384
2024-09-14,81.13903919245925,101.32482095876804,93.22193798402316,56.00781013106013,0.0034608625124281645,0.0028068598272391397,-0.002628413941436425,0.004509685606150316,0.0019399563061899272,0.003684484293570847,-0.0038188719303089425,0.005380593101386289
2024-09-15,81.30573093810116,100.89859406807606,93.23879427605084,55.410351413826056,0.0020543963460859516,0.0028494284409572306,-0.004206539786193342,0.0042802731955876305,0.0001808189401788507,0.0036657097842366297,-0.01066741791610859,0.0055441000415197205
2024-09-16,81.58433969615155,100.98745024841824,93.15306719335103,55.50552550312035,0.0034266804422740105,0.002880673832726553,0.0008806483495917838,0.004033990742557955,-0.0009194357709730872,0.003650443690438397,0.0017176229145976496,0.005320907104412949
2024-09-17,81.75000094585322,101.18736041963864,93.46101009013992,55.475585308532565,0.0020305520681866973,0.0029292586072167896,0.0019795545954337523,0.004055810888277403,0.0033057730256988993,0.003295627071824965,-0.0005394092627066804,0.0052995333972894005
2024-09-18,81.51596050476593,100.75320054860698,93.1299488602652,55.34243673417294,-0.002862879980176425,0.002578274643893358,-0.004290653192564053,0.004094718064834428,-0.0035422389460099124,0.003349619702480547,-0.002400129239179871,0.005301929011703351
2024-09-19,81.47355077284513,101.17353770133278,92.87228490158948,55.541725543029614,-0.0005202629234593026,0.0025779624799164313,0.004171948389103619,0.0041854385920627015,-0.002766714272143811,0.0032046469310211645,0.003601012543302362,0.005365921037265816
2024-09-20,81.32171010788517,100.49930420014408,92.54161279093,55.538462284699385,-0.0018636804646370297,0.002555766257784156,-0.006664128946237469,0.004244175902466599,-0.0035605036638203247,0.003163551928155932,-5.875327599791369e-05,0.005360594341424392
2024-09-21,81.68638893270371,100.31569282512436,92.56927594523944,55.21674954127226,0.0044843969013286245,0.0026002339110673648,-0.0018269915048770846,0.004245231033267204,0.000298926650132314,0.0031007564740291814,-0.005792611645925261,0.005060355831844984
2024-09-22,81.43041724587468,100.26272941940483,92.21674570308971,54.74654894644511,-0.003133590432549349,0.0025922243766241105,-0.0005279673023028675,0.0041852183994388935,-0.0038082856169067147,0.0031465648065850667,-0.008515542815059951,0.005244294621739369
2024-09-23,81.68806609437175,100.0586658600386,91.9991446403824,54.48063033936478,0.0031640369435799176,0.0026609663042742766,-0.0020352882925480653,0.0041473075499443394,-0.002359669722112323,0.0031292270056018103,-0.004857267027743806,0.005253228498643057
2024-09-24,81.94428984647516,99.88556580842432,91.77718552679274,55.08091263271664,0.0031366118008890886,0.0025963258032573083,-0.0017299856052089835,0.004067640711680261,-0.0024126214918333,0.0031545763741299606,0.011018269972514094,0.005498157131642422
2024-09-25,82.42952784436065,100.68785742052366,91.70084294045424,55.270514189244736,0.0059215596205006715,0.002816504189466394,0.008032107598390015,0.004378959203760924,-0.0008318253158483557,0.0031272414309654294,0.003442237019425809,0.005534008479610762
2024-09-26,82.35993149255155,100.39226682159364,91.23158336346027,55.32686756555676,-0.0008443133623244892,0.002808022594477811,-0.0029357124732080075,0.004171547329679797,-0.005117287496459233,0.0032230671564442894,0.0010195920399631575,0.005510776050431038
2024-09-27,82.56823983283992,101.42254378580402,91.27183943243293,55.29078239279416,0.0025292437294852643,0.0028289411628016057,0.010262513207728308,0.004517363782984079,0.0004412514557845526,0.0031225620299132613,-0.000652217888891693,0.005072545861829363
2024-09-28,83.1641326008021,101.63992770530324,91.68239441501952,55.23856863593586,0.007216973126332515,0.0031124996164789706,0.002143349115343751,0.00453105923688089,0.004498156114082885,0.0031318706433085238,-0.0009443483090429972,0.0050711006645502614
2024-09-29,83.03606603308309,101.7153005753107,91.73431806079408,55.53832505611233,-0.0015399254908814441,0.003108654344670129,0.0007415675287176793,0.004307587115358627,0.0005663426016071504,0.0030623579843527342,0.005426578341522381,0.005112794849117862
2024-09-30,82.68077601807387,101.9462974958585,92.2372183802338,55.423727001600255,-0.004278743345905389,0.0031603029317856133,0.0022710144810196287,0.004183379495892762,0.00548213940072495,0.0032220553240833987,-0.002063404944176672,0.005104239342597668
2024-10-01,82.24442388160583,103.01295220174887,92.67136088612249,55.5762493665138,-0.00527755250353068,0.0031847288720324458,0.010462907747421646,0.0045629712393160365,0.004706803972546192,0.003346141552814117,0.002751932667919288,0.004784970008141715
2024-10-02,82.453721144483,102.62793126346104,92.92315394980146,55.49692360329796,0.0025448200984234948,0.0032070669343566534,-0.003737597360900624,0.004616572526690664,0.002717053696755123,0.003368791944556789,-0.0014273320729635275,0.004787157990463781
2024-10-03,82.01975689195437,102.19626263108928,92.94469234136086,55.98969667357354,-0.005263125138624036,0.0033627604572134223,-0.004206151552091586,0.0044635179287381855,0.00023178713424898412,0.003306315613196605,0.008879286242927886,0.005075074297683901
2024-10-04,81.96343687367022,101.92027810580932,92.94911364274098,56.18228205347728,-0.0006866640480091002,0.003366007839243914,-0.002700534424396883,0.00426799248359846,4.756916472303807e-05,0.003299834306050527,0.003439657496745019,0.004986958582872386
2024-10-05,82.10674468703597,101.96872537770558,93.1947093527896,56.501687398183485,0.0017484358737498429,0.0033746866012431187,0.00047534477727739777,0.004227742288685883,0.0026422598389974628,0.0032297685104811227,0.005685161460728505,0.005082848221469005
2024-10-06,82.18706670547668,101.29971737427614,93.06182664120148,56.355824133306655,0.0009782633417860787,0.0033420960733400234,-0.006560913662020829,0.004369456747280309,-0.0014258611085431472,0.0031679412792205625,-0.002581573605915377,0.004816576732409952
2024-10-07,82.32609519585097,101.35023270388407,92.44483013902892,56.627714178156616,0.0016916103220048218,0.0033314639175554286,0.0004986719698465425,0.0043206340837322835,-0.006629963374256254,0.0033396787373619102,0.004824524333222779,0.004854949247196115
2024-10-08,82.41408644996781,102.07779515199518,92.60597608937115,56.55008774827344,0.0010688136478174126,0.0032565643804056033,0.007178695388266432,0.004515391274806413,0.0017431580554572168,0.003117199867613143,-0.0013708204720916939,0.004838471462155986
2024-10-09,82.76272388029194,102.1735056963861,92.23989299997154,56.58055424449585,0.004230313594943302,0.0033024646362073634,0.0009376235472995376,0.004388828079467779,-0.003953125973709448,0.0031820575623222073,0.0005387524128703802,0.0047137527522648544
2024-10-10,82.55602186444824,102.08685484633554,91.9332242454044,56.99915521664233,-0.0024975255302457366,0.0033008549491736067,-0.0008480755305396714,0.00439313990020989,-0.00332468679866349,0.0031318527456848954,0.0073983186933379574,0.004799190127847263
2024-10-11,82.4197779772722,101.86828004729216,91.94010481781328,56.73161893403943,-0.0016503204018204487,0.0032979252865057507,-0.0021410670293681155,0.004412958140866117,7.484315344474801e-05,0.003132541486428063,-0.0046936885570679765,0.004897138414551664
2024-10-12,82.2612750406497,102.2704277422039,91.91629409286136,56.78495929209471,-0.0019231177335397032,0.00322607856872959,0.003947722438476964,0.0044574611199329085,-0.00025898083321851395,0.0030264988959476315,0.0009402227374701866,0.004880986699393116
2024-10-13,82.4999855411791,101.96467732370856,91.46908985442847,56.89803817376679,0.0029018575315229445,0.003240633541911937,-0.0029896268671728565,0.004482506702049234,-0.0048653423513908,0.0030996017969939656,0.0019913526941248705,0.004880006428548015
2024-10-14,82.75484268242629,102.75287512081782,91.5332506763703,57.031697126296,0.0030891780110673395,0.003230309214697048,0.0077301063250263535,0.004658074026027636,0.0007014481290230634,0.0030732467120825253,0.0023490959762271224,0.004825334269604325
2024-10-15,82.89691153639453,103.57483495227352,91.85342349252586,56.915765103797206,0.001716743689712974,0.003225877632624002,0.007999385228775635,0.004766674789700723,0.00349788534537665,0.003160899592461541,-0.0020327647315503405,0.004364665716905664
2024-10-16,83.22020228325383,103.70026374849051,91.4984806198149,57.45052299522143,0.003899913047030301,0.003241038642288404,0.0012109968244196079,0.004767048460631451,-0.003864231285182762,0.003219742325428997,0.009395602263256642,0.0046310519157615115
2024-10-17,82.95252879423775,103.7132920038702,91.91706193216604,57.11310456382857,-0.0032164484304544327,0.003305848408562165,0.00012563377284435795,0.004764519484594855,0.00457473511598927,0.003280479479677197,-0.00587320034355332,0.004797888064604498
2024-10-18,83.39604984023542,104.15856157429955,91.42247206830284,57.48735385060397,0.005346685055229727,0.003357924389604632,0.004293273907579165,0.004703562396536444,-0.005380827601171534,0.003354646362836491,0.006552774352462931,0.004858367274704988
2024-10-19,83.80226763581872,104.62785267117778,92.11183853247792,57.79883272344691,0.004870947681113291,0.003430207615056444,0.004505545101479269,0.004711415942930082,0.007540448738468264,0.0036417952120264187,0.005418215520102132,0.004899461645219867
2024-10-20,84.00909559017043,104.29887115013938,91.98491312037392,58.28858113800528,0.002468047228155301,0.003398906936482373,-0.0031443015663555896,0.004551737396261616,-0.001377948959940145,0.0035952479788627467,0.008473327080871895,0.005060440651165512
2024-10-21,84.47840957723189,104.0909603569635,92.03866906099928,57.86443762441334,0.005586466367296206,0.0034425355931720068,-0.001993413647560782,0.00455571360415087,0.00058439953685685,0.003596977358805617,-0.0072766141379857485,0.005142041437834274
2024-10-22,84.07501163968504,103.55431437290008,91.43561623055017,57.633161312607925,-0.004775160180756521,0.0035246537827860022,-0.005155548399429555,0.00469396196101715,-0.006552168089799748,0.0037248879045344912,-0.003996864417945001,0.004896590201340112
2024-10-23,83.96254248110486,103.74319838114444,91.42769456186316,58.01641052742042,-0.0013377239727564438,0.0035283397195718085,0.0018240090660461838,0.004658162458010648,-8.663657569751848e-05,0.003704119512722423,0.006649803794966491,0.004813114057278659
2024-10-24,83.79810420686732,104.0373742357654,91.51289643324,57.52043484951527,-0.001958471830156183,0.003540661015673028,0.002835615820713233,0.004633089416624841,0.0009319044058273551,0.0036855456428170836,-0.00854888596857839,0.004889412986478589
2024-10-25,84.00164071413045,103.4901613183866,91.4966724954834,57.1015927776337,0.0024288915505852327,0.0034201900949807854,-0.005259772475021629,0.004609392273831803,-0.00017728580767240043,0.0036829364539516193,-0.007281622139633348,0.005125584153295762
2024-10-26,83.75755285504513,103.32189657443097,91.32792565276316,56.97551230101242,-0.0029057510902195105,0.003471274717689399,-0.001625900876103259,0.004577649479418999,-0.0018442948592318764,0.003575094562073824,-0.0022080027979650696,0.005161074398137897
2024-10-27,83.97047599254414,102.78699383841322,91.03850496675902,57.02485408938342,0.002542136562508013,0.003471526833466359,-0.005177051077768446,0.004359536975334451,-0.0031690272601234692,0.0036216301494148367,0.0008660174586989644,0.005151830050901104
2024-10-28,84.33663248032474,102.44476443966008,91.4145230109504,57.433276312226425,0.00436053843273565,0.0033186624706908435,-0.003329500999816659,0.004400751270196414,0.004130318751704776,0.0036061893773104976,0.007162179182481188,0.005255565525430241
2024-10-29,84.53047974533231,102.70130997864456,91.43685408990716,57.38288910139306,0.0022984942522195073,0.003312403113602523,0.002504232796938899,0.004418961987486415,0.0002442837113976193,0.0036046433417291973,-0.0008773173684092361,0.00521125638083061
2024-10-30,84.61884157722518,102.42820923402265,91.94226617208793,57.22361697786881,0.0010453250964512772,0.0031820573875423826,-0.0026591748895773426,0.004435970622508383,0.00552744390881843,0.003607072126680249,-0.0027756030764297668,0.00522777349051868
2024-10-31,84.38378626070346,102.33592172504028,91.78064693986056,57.302511758949365,-0.0027778129804247875,0.003047935330262065,-0.0009009969975313226,0.003989126597001823,-0.0017578338989912012,0.0035015368927669025,0.0013787101418469838,0.00521862478894974
2024-11-01,84.18711557546175,101.70169812906458,91.65030188226098,57.42186173064475,-0.0023306691244464606,0.003084807212335672,-0.0061974679592934345,0.00408814364769714,-0.0014201802007888231,0.003459179019917847,0.0020828052389298968,0.005200873309368081
2024-11-02,84.52209432006273,101.81595037874555,91.92248499900248,57.533450805188274,0.003978978758343743,0.0029263460876415744,0.001123405525992105,0.004027632474325839,0.002969800547860224,0.003513585133952546,0.0019433203867016413,0.004995554603823847
2024-11-03,84.73637831560478,101.83500722514952,91.40847054684906,57.48429994731022,0.0025352423797098123,0.0029211855009334204,0.00018716955774689126,0.00399814408831436,-0.005591825026912578,0.003639484790207421,-0.0008543005362998679,0.004982343001395324
2024-11-04,84.74140145509016,101.57499837050996,91.03309727355058,56.97577773969752,5.927961030693929e-05,0.0029248079575928403,-0.00255323647264738,0.004023356889885959,-0.004106548015220257,0.0036438997415093157,-0.008846279907362642,0.005190631865131753
2024-11-05,84.6501077143453,101.53769877129584,91.39904062340982,56.74065254979785,-0.0010773215828067118,0.0029506915932166785,-0.0003672124027811474,0.003836061451176906,0.004019893432380961,0.003744636810784977,-0.004126757004948245,0.00522765929076567
2024-11-06,84.15140718114749,101.65081152859402,91.03718431821204,57.10477447948266,-0.005891315990768531,0.0032024710565979864,0.0011139976448841793,0.003839990784393189,-0.003959082094622035,0.003626055320900778,0.006417302468723518,0.005283613645610402
2024-11-07,83.90097188867837,101.35828871397408,90.47391711181658,57.1522591399842,-0.0029760083741680043,0.003272367955915993,-0.002877722373496816,0.003634725087176659,-0.006187221305380186,0.0037436722841287236,0.0008315357329464756,0.005274989520806828
2024-11-08,84.40407742773898,100.80144611185968,91.08698774346244,57.06845578967364,0.005996420872551367,0.003354753220433753,-0.0054938042974045365,0.003751317370131481,0.006776214087074184,0.003936560414801863,-0.0014663173699800414,0.0052854249261867865
2024-11-09,84.0977798877204,101.576555933147,90.65863160518803,57.355237682550616,-0.003628942455781381,0.003397563332382597,0.007689471244561208,0.004032862376397271,-0.004702714941906216,0.003979528620704675,0.005025226088715584,0.0051924630039721685
2024-11-10,84.16607272400401,101.35885859104232,90.73691400031971,57.06153984719675,0.0008120646748912552,0.003370396449397883,-0.0021431849121559265,0.004032898284541152,0.0008634852936297843,0.003985767177854944,-0.005120680293915325,0.00520696314752048
2024-11-11,84.44042879106776,101.3613802578608,90.77807428744468,57.00334865168978,0.0032596990471851495,0.0033638836212779785,2.4878603148703604e-05,0.0039580452836188145,0.0004536222945032975,0.0039889518495163844,-0.0010197971464281919,0.005209734045070606
2024-11-12,84.14030510652444,101.81297248977404,89.90398073810388,57.0386939495756,-0.0035542652831136445,0.003435650889942687,0.0044552691642951725,0.004015915291465327,-0.009628906056907804,0.004258238383662142,0.0006200565181142537,0.005198944689947927
2024-11-13,84.20721496758048,103.28755167299197,89.84650312601028,56.92521350128111,0.0007952177136907324,0.003405164175333054,0.014483215126304572,0.004611655642340817,-0.0006393222148977085,0.004251503950294374,-0.00198953447978345,0.005194432697774969
2024-11-14,84.46393860829494,102.79609235982178,90.0147017511125,56.95148449601747,0.0030487131157739267,0.00342901999994005,-0.004758165966854744,0.004451479336663559,0.0018720664605758053,0.004207455142699221,0.0004615001529291174,0.005181535468304818
2024-11-15,84.48483188729331,103.00872381472944,90.15210631468383,56.903694955100526,0.00024736330489227853,0.00337330961039394,0.002068477993923734,0.004463866288928069,0.0015264680202047298,0.00418115292723396,-0.0008391272209995471,0.004871556297876398
2024-11-16,85.22944371624071,102.74274913273548,90.46182857121586,56.54595768966984,0.00881355637827097,0.003621180571991929,-0.002582059772649248,0.004484102711128631,0.0034355520818438734,0.00413856727771899,-0.006286714170546492,0.004888403707855658
2024-11-17,84.81426207116026,102.54957519467976,90.36111043568776,56.59474604293277,-0.0048713405482586625,0.0036696413955830385,-0.0018801710065803334,0.00440685703261926,-0.0011133771792907199,0.004037974835314754,0.0008628088594888617,0.004719990682531952
2024-11-18,85.09862157714424,102.2843515253891,90.60935632859416,56.2587855730736,0.0033527321825355116,0.003618375519344167,-0.0025862971034952276,0.004317877711903813,0.0027472647437536413,0.0038016337013251082,-0.005936248386101184,0.0046832705279774185
2024-11-19,85.06715862800057,101.85666964428904,90.41152056935432,56.3049320616658,-0.00036972336990381827,0.0036027018939747157,-0.004181303148741211,0.004341825099805182,-0.0021833921711394977,0.0038105814569009307,0.000820253905627899,0.004352449277101521
2024-11-20,85.27711796937189,101.87695570772868,89.9877610623193,56.657065219481765,0.0024681598017100015,0.0034918870835890002,0.0001991628384325761,0.004339155491434391,-0.004687007854380254,0.003876580269511395,0.0062540375225086375,0.004395916060523089
2024-11-21,85.40127258927478,101.31301911064897,89.60536164409864,56.58741463427324,0.001455896058160544,0.003361266410527329,-0.005535467693965845,0.004353117401767201,-0.00424946030111617,0.003779177455969105,-0.001229336269690462,0.004353027717894545
2024-11-22,85.22369445655923,101.73918324333052,89.17651283150407,56.29149721238831,-0.002079338250257523,0.0033781405722009116,0.0042064103549821485,0.00442230856670217,-0.004785972677593731,0.003851007885934097,-0.005229385788296903,0.004208611265212562
2024-11-23,85.29404223001633,101.7999031000578,89.52505340372764,56.26337904657852,0.0008254485317220617,0.0033462910030895164,0.0005968187948006687,0.0043803155123570674,0.003908434644468883,0.003935217005130321,-0.0004995100006612851,0.00395978362650608
2024-11-24,84.8298969088295,102.00968402653118,89.08097398933268,56.05694488907892,-0.005441708577196391,0.003502472908673178,0.002060718331599709,0.004321932878363721,-0.004960392622077703,0.004008503169940345,-0.0036690678910112906,0.0038055613038106436
2024-11-25,84.99860016164841,101.85518926597446,89.20076505037598,56.21226697547751,0.0019887240108311666,0.003460143572704806,-0.0015145107254379564,0.004320954381025682,0.0013447435033393518,0.004024404871164111,0.0027707911429337706,0.0038417815535896024
2024-11-26,85.08845709325199,101.74285530004433,89.15112292783441,56.17933075677711,0.0010571577818068167,0.0034404314057134974,-0.0011028791634444257,0.004230916795814523,-0.0005565212642910655,0.003999054714838101,-0.0005859258214006013,0.0038338685797953548
2024-11-27,85.26461133511881,101.89828470256434,89.15294986436551,56.6162546544537,0.0020702483966041907,0.003375384236730969,0.001527668965664919,0.004205098476376912,2.0492580139253036e-05,0.003897321090369573,0.007777306916812554,0.003877604493260533
2024-11-28,85.54697180091327,101.46072442459102,89.61233632737812,56.914802820148495,0.0033115786417494686,0.0034003155691371416,-0.004294088749879688,0.004239071301092219,0.005152790386762307,0.004044130008896795,0.005273188195102696,0.0040154812020831016
2024-11-29,85.65069051850216,101.3566410870394,89.50482978590391,56.87616182653582,0.0012124183405377575,0.0034015387357688048,-0.0010258485551123409,0.004219450320723044,-0.001199684617991137,0.0038718389188262775,-0.0006789269521811914,0.003988436149123608
2024-11-30,85.69728675596866,101.05037282294518,89.72740612247645,57.06010475663955,0.0005440264075446954,0.0033478434257600683,-0.0030216891642178556,0.004246815164162463,0.002486752246833479,0.003916254196522293,0.003234095343225274,0.004027875151011133
2024-12-01,85.4789698940793,100.73563727461288,89.76831695981541,56.95887736470446,-0.0025475352855807154,0.003354439573899514,-0.003114640149658343,0.004137912821626537,0.00045594583758634677,0.003920102664729674,-0.0017740484768966613,0.004016231954728292
2024-12-02,85.30642292756373,99.9337815072191,89.74936703097221,56.967905301585446,-0.002018589680355065,0.0033192996790138837,-0.007960000939963963,0.004356000990054216,-0.00021109818569597927,0.0038604336639792114,0.00015849920677291074,0.003995603558341859
2024-12-03,85.62172419933276,100.52509841983412,90.50086898444232,56.875525671592975,0.003696102367775511,0.0033526945049517083,0.00591708733219809,0.0045149971245646596,0.008373339872255192,0.004096225305246029,-0.0016216083337349252,0.004001583082278048
2024-12-04,85.9996538490101,100.29939320065974,90.06684370349055,57.07249644906067,0.004413945797184571,0.0034328948254747685,-0.002245262354598765,0.0045103310661126095,-0.004795813408447813,0.004120034204939482,0.0034631904521644774,0.0037213204791112565
2024-12-05,85.944045312366,100.81866429992316,90.49959972146164,57.440211343072754,-0.0006466134938372115,0.003426978774777271,0.0051772107755883034,0.0046243549891000525,0.004804831613681948,0.0041511009004865495,0.006442943920287103,0.0038102377007807314
2024-12-06,85.9622532554166,101.29726986718336,90.73015673041074,57.64422158305312,0.00021185811052326642,0.0032079309033456985,0.00474719210558483,0.004707500261454723,0.0025476025270687597,0.004124372402893881,0.003551697238052931,0.0036885661822464973
2024-12-07,85.73520606859088,100.81918796237704,90.5985409634382,57.87976446762603,-0.002641242850523029,0.0031952062607065604,-0.0047195931877843655,0.004756657552824216,-0.0014506286742523855,0.003971304523663278,0.004086149107479065,0.0037514550041207917
2024-12-08,86.04506568315895,100.42788976620868,91.13706504683852,58.11519536994011,0.003614146728943224,0.0030874950906033195,-0.0038811877389290927,0.004703194465326689,0.005944070154701997,0.003925370161876213,0.004067585700798126,0.0037909176558727194
2024-12-09,86.22246581925164,101.50787544882898,90.56470627895231,58.25299224654032,0.0020617119027595,0.0029889930962127493,0.01075384223580178,0.004907342714960949,-0.006280197498043649,0.004000737481853884,0.0023710989135121707,0.003714597952137671
2024-12-10,86.7287593900526,102.25982335415505,90.4215982332919,57.947160249572335,0.005871944927466011,0.003127142329965282,0.007407778972825962,0.0050713145776658565,-0.00158017456844195,0.0040068578117643345,-0.005250065021100259,0.003721447093263266
2024-12-11,86.50007865456266,102.28058718431834,90.06273451165437,58.385341194935805,-0.002636734770544602,0.0031656088566003357,0.00020304973627216505,0.005071076606672383,-0.003968783218270988,0.004066381645147921,0.0075617328524171246,0.003923328887218383
2024-12-12,86.40386029531406,102.41935976743642,90.21941376490363,58.851457457967925,-0.0011123499625109723,0.003079793253543707,0.001356783207237644,0.005015053228231352,0.0017396679558845385,0.003673503503056588,0.007983446760649437,0.004135852395792388
2024-12-13,86.46660717076516,102.19304076733673,89.89341209413797,58.77875138574044,0.0007262045380453941,0.003079892156189286,-0.0022097287135321997,0.004243520216032053,-0.0036134314906453024,0.003734419484200136,-0.0012354166807068134,0.004118988091028981
2024-12-14,86.63656869176764,102.40416576763144,90.05802507254873,58.67037668997492,0.0019656318961007724,0.003059968933403664,0.002065943030067796,0.0041813184436179564,0.0018312018041808376,0.003733729585093798,-0.001843773357046996,0.0041522323914828935
2024-12-15,86.58135827504998,102.14272132176129,90.0262412717667,58.82239822402372,-0.0006372645818197853,0.0030702362131110918,-0.002553064554653095,0.004183085816981768,-0.000352925802630355,0.0037233822192502624,0.0025911122891217886,0.0041470682935755504
2024-12-16,86.35598243672062,101.34729875153542,89.90251156386756,58.95761742226636,-0.0026030526988660707,0.0027347370819202845,-0.007787364189369872,0.004385239312140426,-0.0013743738064729838,0.0036717693686909073,0.0022987705759234256,0.003908070815650038
2024-12-17,86.58768952235373,100.85430630486024,90.05324106152334,58.89263956637855,0.0026831619430986997,0.0025716124804565426,-0.004864386646197705,0.004452218205781943,0.0016765882847298297,0.003683157448237159,-0.0011021112916151932,0.003933774242081281
2024-12-18,86.77642868664587,100.91035609677556,89.99575640809,58.55036046117689,0.002179745935401378,0.002538486175201949,0.0005557501109163532,0.004439503807108825,-0.0006383407499355176,0.0036443430376669125,-0.005811916526782035,0.003925907131574406
2024-12-19,86.53772537347821,100.50083650017824,89.68058644613988,58.62197559170301,-0.002750785170355763,0.002607876985949619,-0.00405825142668792,0.004435984550329163,-0.0035020535915156747,0.0036766490602730176,0.0012231373122562061,0.00392475979668972
2024-12-20,86.89156143645813,100.5247660498794,90.59040279155086,58.75808643849199,0.0040888070659685916,0.002664619093161534,0.00023810299032800408,0.0044361828339490456,0.010145075779108392,0.004040603966942875,0.002321839982619922,0.003819678149634231
2024-12-21,87.19553091731345,100.14341721865011,90.45857459564095,58.93982606725224,0.0034982623839439064,0.002712146363369364,-0.0037935808877194166,0.004378153930073175,-0.0014552114997572474,0.003965279777827528,0.0030930147623253745,0.003805537541599837
2024-12-22,87.22698496118231,99.88444892924102,89.78031707533482,59.02119357154442,0.00036073000001213273,0.002662146031214147,-0.002585974161873006,0.00430798345182081,-0.0074979903600959075,0.004113911927084913,0.0013805182288684215,0.003596125577535559
2024-12-23,87.243912220377,100.2822130725761,89.54551521527152,58.93741894576701,0.0001940598910099567,0.0026642545778387916,0.003982242957728754,0.004384193669264279,-0.002615293281558295,0.004085259003377771,-0.001419399044783165,0.0036183735285319567
2024-12-24,87.38492613405546,100.4346391165596,89.1802276165172,59.18979256199154,0.0016163180913100206,0.0023961252941423535,0.0015199708833029124,0.004374440446381407,-0.004079351130831688,0.004051279116122761,0.004282060883201488,0.00351214957303063
2024-12-25,87.15383716666008,100.4824853528702,89.47316153574585,59.19453885548911,-0.002644494624174265,0.0024776243530950696,0.00047639177809033484,0.00437376670594616,0.003284740654490026,0.00408805655788028,8.018770284756727e-05,0.003521382407843313
2024-12-26,87.15857738724021,100.88706442527672,89.6065040035102,59.05787620992989,5.4389120826225934e-05,0.002481326870323773,0.00402636410699575,0.004446724948777398,0.0014903068749960724,0.004093630585172427,-0.0023087036101903102,0.0035741151867132014
2024-12-27,86.5926777693061,101.1284597348006,89.76307058824597,58.99788705714522,-0.006492758772551399,0.0028024443462512424,0.0023927280558615482,0.004461577353369526,0.001747268085915188,0.004103468488969449,-0.0010157688801986087,0.003413197565301869
2024-12-28,86.82222802715808,101.7587580992996,89.67704372152355,58.522739592977054,0.002650919959578113,0.002782267326977715,0.006232650691525343,0.004545162096525859,-0.0009583770492548327,0.004001360997446073,-0.008053635271851989,0.0037405802574322967
2024-12-29,86.41543893315011,101.6106150551397,89.62038247981575,58.466013913015566,-0.004685310470041393,0.0029341953976768165,-0.001455825984190251,0.004549535853485209,-0.0006318366368516237,0.0039966750350380305,-0.0009692929681011098,0.003745275359050588
2024-12-30,86.80868783840215,101.47650213380066,89.53559097343897,58.63875100674014,0.004550678791972018,0.003035111311389121,-0.001319871169623954,0.004519867911786401,-0.0009461185506084435,0.003973600478987436,0.002954487268134409,0.003739677692053046
2024-12-31,86.72286055179647,100.99021520237063,89.54248774584765,58.71898804804793,-0.0009886946657395868,0.0029953897413505406,-0.004792113653945607,0.0045717282415066555,7.702827818190094e-05,0.003972493787401493,0.0013683279389524738,0.0037055605269483145
2025-01-01,86.66872975520084,100.86350001326184,89.83661393044432,59.1108976305658,-0.0006241814009733115,0.0029658579297312773,-0.0012547273897265399,0.004321440699960162,0.003284766729192201,0.0040194013431113776,0.006674324533610498,0.003841682867000022
2025-01-02,86.5069714205297,101.30056071793024,89.97213569584319,59.02866330663057,-0.0018663978937737413,0.002934973922276209,0.004333189950883387,0.004259909991046351,0.0015085359907243134,0.0037123084093203355,-0.001391187196127297,0.0038359929626640052
2025-01-03,86.43512169173611,101.87094336815002,90.15835100116828,59.14633031819508,-0.0008305657638192354,0.002839006566837102,0.005630597167255669,0.004341776419249635,0.00206969973408877,0.0036291856286603664,0.0019933877030771097,0.0038160390605650706
2025-01-04,86.80652485829656,102.30033687794044,90.34315077657328,59.34483118024855,0.004296901066270564,0.0029317888054581237,0.0042150734605317375,0.004309680866860743,0.002049724438755618,0.0035381768610331025,0.0033560976815563137,0.003709863919783846
2025-01-05,86.15906206820216,101.60002860190184,90.6484132157898,59.95678489932352,-0.0074586880554349255,0.003259272552321494,-0.006845610653992029,0.004433260044550266,0.003378921773178556,0.0035624081543823884,0.01031182845926848,0.004053633583893746
2025-01-06,86.4951643950481,102.0810043428336,90.76280762479676,59.9783259559644,0.0039009515514443205,0.003289548645058295,0.0047340118654528585,0.004414150296891366,0.0012619571038121613,0.0035593708075054836,0.00035927638009680685,0.0040229269570628366
2025-01-07,86.58607832093628,101.36638650902783,90.89881984277784,59.67884759961312,0.001051086803800283,0.003233293983687582,-0.007000497677371542,0.004553595507091583,0.001498545731896339,0.0033949795164784254,-0.004993109620484493,0.004138346222725291
2025-01-08,86.27501187955318,101.77365143721924,91.29790048158031,59.89079195595967,-0.0035925687756652724,0.0032862399926076634,0.004017751270586567,0.004171409637778845,0.00439038305989814,0.0032802074444371644,0.0035514150301374503,0.004158438595918662
2025-01-09,86.0018856247035,101.66309072504654,91.10275828565172,60.37652840395391,-0.0031657631671030417,0.0031429338678617288,-0.0010863392500062297,0.003939817783636966,-0.0021374226011688924,0.003292623499926693,0.008110369426262087,0.004188734937553162
2025-01-10,86.44197764893913,101.98904613483649,90.84905881011557,60.26873266959608,0.005117236919154333,0.0032587733408648662,0.0032062315582308543,0.003987944576266352,-0.0027847617383952583,0.003247023963260759,-0.0017853913964150925,0.0040585481558191765
2025-01-11,86.20064022197928,101.4825637122322,90.49343622011732,60.477369727826456,-0.002791900804722136,0.0032924882525890696,-0.0049660472550617785,0.0040751121387294495,-0.003914433398165884,0.0033234654210544307,0.003461779416769284,0.003872524606348916
2025-01-12,85.90835740496792,102.00005459011255,90.57602418510136,60.79096788068493,-0.0033907267539857733,0.0033434211533919936,0.005099308284601145,0.004174174442162721,0.0009126403906594138,0.0032507136327869037,0.005185380155747543,0.003926570828415998
2025-01-13,86.20998747984284,101.4393840618135,90.01234266171697,61.04638685630084,0.0035110678865974965,0.003389691855412207,-0.005496766943430709,0.004268984202533462,-0.006223297262777261,0.0034431614051419913,0.004201594159797262,0.003923812022964917
2025-01-14,86.30354178933818,101.21070142977966,90.18689982002616,61.05641835177301,0.001085191080873571,0.0033958928592943967,-0.002254377174594091,0.004263909722788842,0.0019392580300370277,0.0034607043636070123,0.0001643257855010738,0.003921965705419543
2025-01-15,86.0659456784039,100.85142121189278,90.17992585710904,60.83998754389751,-0.002753028508542976,0.0033998105170712297,-0.0035498244040542692,0.004073129662640488,-7.73278927541643e-05,0.0034501853015629484,-0.0035447675071366147,0.004012191322192179
2025-01-16,86.12920018586141,100.1920128768519,90.56565869836602,60.794619447456135,0.0007349539583734188,0.00336309469915113,-0.006538413907479224,0.004150595582928387,0.004277369243662621,0.0035228560092317104,-0.000745695360450882,0.004006103835379752
2025-01-17,85.87099059114819,100.28449210684104,90.3769589341727,60.89726244308924,-0.002997933269507036,0.0033711180924745248,0.000923019982668638,0.0041534765613251215,-0.002083568616464082,0.003544462116998905,0.0016883565777037202,0.0037901705081967076
2025-01-18,86.1636544814237,101.06272600358976,90.33863755882744,61.12267041505714,0.0034081811361530434,0.003406846146704084,0.007760261635663568,0.0043314815380107756,-0.00042401709237827045,0.0034791396379979067,0.0037014467141038843,0.003814962978744097
2025-01-19,86.44464576032016,102.18714443965196,90.7198418267854,61.18958215994483,0.0032611346464770374,0.0033746290657398824,0.01112594603892103,0.004769240385092896,0.004219725670643548,0.0030382548698540263,0.001094712394489994,0.0038113198874330924
2025-01-20,86.58689149859876,102.2622264265938,91.18210054429198,61.05959944197279,0.001645512420433759,0.003321790656638478,0.0007347498293797106,0.004697896437628721,0.005095453301045216,0.003159181112229334,-0.002124262225427054,0.003848345544602128
2025-01-21,86.68394013297468,102.75365644816569,90.98408077276623,61.18767717047328,0.0011208236338811073,0.00332932712163943,0.004805586957610908,0.004712944763865021,-0.002171695654560657,0.0028412141704458518,0.0020975854684766038,0.003851823091159713
2025-01-22,87.14425536041108,102.87884541830556,91.06282375311656,61.399142221355184,0.005310271161304669,0.003478068995921401,0.001218340781897309,0.004678620320886203,0.0008654588767784688,0.0027822675286054807,0.003456007167795372,0.0038399120855620982
2025-01-23,87.14253909317887,103.11271161453546,91.1768709835274,61.4772897130214,-1.969455387640373e-05,0.0034641271415476634,0.0022732194872425726,0.0046842850345386,0.0012524016465822463,0.0026421981239293318,0.0012727782317296654,0.0038003746602919175
2025-01-24,86.83199505770494,102.99783878051356,91.31535974998572,61.21871201104431,-0.0035636330855802756,0.0034914850661357825,-0.0011140511409623022,0.004698085683818404,0.001518902381321574,0.0026029704773938424,-0.004206068666724572,0.003925235207090914
2025-01-25,86.95026341586626,103.10563444645535,91.24950646722264,61.14319010300113,0.0013620366327264932,0.003501850948041938,0.0010465818236391478,0.004659632819473709,-0.0007211632626030751,0.0026106179025543303,-0.001233640917331802,0.0038975798311922704
2025-01-26,87.4946155753722,103.3536707993762,91.67745421768348,61.37892688024494,0.006260500407024638,0.0034696984605958846,0.0024056527487803514,0.004659791891665144,0.004689863726710097,0.0027083066726237893,0.003855487043556094,0.003905070784678085
2025-01-27,87.22375121113791,103.13842011462806,91.08602919291452,60.970339323848194,-0.003095783237094696,0.003496887684822312,-0.002082661245443096,0.004567981878180609,-0.006451150174443532,0.0029952560005014083,-0.006656805147374656,0.0037961748779796567
2025-01-28,87.12708676047616,103.13253801851702,90.97204264753702,60.37212199667932,-0.001108235421195758,0.0033851875226128467,-5.703108603472007e-05,0.004554882109940981,-0.0012514163410953794,0.0030056194747302193,-0.009811612233145084,0.00429487028586888
2025-01-29,87.23475219675396,103.1346065707438,91.13599980059696,60.7617599619363,0.0012357286382567167,0.003293812672768471,2.0057222158254007e-05,0.004542917393730108,0.0018022806599515828,0.003001795363017536,0.006453938545980087,0.004393947845812441
2025-01-30,87.21856846077283,103.5017067242582,91.3017761096634,60.87903171971781,-0.00018551936669264357,0.003287340651235839,0.0035594274872479126,0.004459365189151325,0.0018189991817629814,0.0030082696822478472,0.0019300256914047687,0.004395905858802391
2025-01-31,86.95965787372984,103.08285797274378,91.75256733300084,61.02193124446412,-0.002968525987209203,0.0033350095679203122,-0.004046781108936526,0.004532877224043692,0.004937376276185512,0.003072565165149708,0.0023472699993687396,0.004280037424566663
2025-02-01,87.25274849437187,103.08835300996256,92.15187582570243,60.7019977607955,0.003370420581318534,0.0033645320389030647,5.330699329486599e-05,0.00448282290891558,0.0043520143829041125,0.003141195367192025,-0.005242926225768163,0.004412146594725281
2025-02-02,87.85795374093922,103.90349236638568,92.07073461805172,60.88129172853929,0.006936231316614583,0.0035678765834777876,0.007907191575214467,0.004589051725715438,-0.0008805160711452542,0.003146349039103824,0.00295367490951981,0.004423508863125605
2025-02-03,87.90228284076424,104.40577636886331,92.50136123356872,60.93337831836965,0.0005045542029777916,0.0034970433836734637,0.0048341397487052795,0.004606904730162983,0.00467712805055176,0.003220767354063368,0.0008555434412036433,0.004400567690637365
2025-02-04,87.65616464540926,104.98257968539082,92.27805877513104,60.47529925958353,-0.0027999067532845645,0.003228014141864971,0.0055246303086686765,0.004460486498027897,-0.0024140451065777224,0.0032339680343173092,-0.0075177032921547315,0.004286776871527889
2025-02-05,87.24335666508564,105.0002382295184,92.5886779827908,60.84219740892986,-0.004709400439701361,0.0033043857887353183,0.00016820451717336482,0.00440989015400458,0.0033661220422580573,0.003271439119396622,0.0060669091982739065,0.004414439846998757
2025-02-06,87.30907368990181,105.142297769668,93.18257582824646,60.86258405318828,0.0007532610771550097,0.0033024746967526574,0.001352944931792166,0.004146447873543197,0.006414367916194319,0.003433504868883228,0.00033507409539135224,0.004291871080199856
2025-02-07,87.59588091155416,105.56958941911442,93.58056222426984,60.73091623624732,0.0032849646609585115,0.0032626730327555043,0.004063936764844733,0.004147527763976782,0.004271038791167969,0.0034293078411028704,-0.002163362252675549,0.004286107356485992
2025-02-08,87.71595089352486,106.2297718474904,93.61328894522698,60.605281196237705,0.0013707263483306864,0.003190686423517152,0.006253528426212185,0.004222014992037618,0.0003497170799071636,0.003384892110069014,-0.002068716360558165,0.004057494942556721
2025-02-09,87.70951041894111,105.39483981185182,93.50241405144972,60.034158695416025,-7.342421210909666e-05,0.0030796181746656575,-0.007859680211280584,0.004537125255476044,-0.001184392675725121,0.0033368914646851626,-0.009423642454069459,0.004406714593348036
2025-02-10,87.54875534088748,104.84348808046056,93.00109486855632,60.176562012474,-0.0018328123972620736,0.0030492025833848257,-0.005231297209384422,0.0045496063448220705,-0.00536156406205246,0.0034193087339769645,0.002372038188799497,0.00438058073577202
2025-02-11,87.25766959427904,105.4016352821295,93.10582443248344,60.22868669241349,-0.003324841632243114,0.0030463097183162056,0.005323622972564612,0.0045565904299437405,0.0011261110858440393,0.0034195210337632917,0.0008661957113582641,0.004268489382007938
2025-02-12,87.4745557761478,105.2880879764534,92.7451393639426,60.15697361993482,0.002485583019546711,0.0030172518688449924,-0.001077282201288221,0.004404733970562531,-0.003873925941146661,0.0032739903503552284,-0.0011906796647402906,0.004185073449711197
2025-02-13,87.71087060547555,105.00959994880772,92.49380156664986,60.48441348909234,0.002701526486541983,0.003042572956781398,-0.002645009829677636,0.004416017996614104,-0.002709983499043056,0.0033375453210967286,0.00544309079153904,0.004321860519621776
2025-02-14,87.29862617880815,104.49015122444727,92.11680573498752,60.08702199555106,-0.004700038020619801,0.0031346924752411035,-0.004946678442863117,0.004475212672310128,-0.0040759037392433806,0.003453583421734593,-0.006570147094390522,0.004433916370842832
2025-02-15,87.71316055519232,104.27093997221866,91.98034555175012,59.90745413051126,0.004748463916661283,0.003230188268786432,-0.00209791305362117,0.0042798913486041795,-0.0014813820577972425,0.0034084620611347215,-0.00298846338320935,0.004458688140284544
2025-02-16,87.85878882168612,103.7010827186079,91.98460692151566,59.661233746421416,0.001660278407162874,0.0031618800524065727,-0.0054651588809171425,0.004456614344014465,4.632913412083717e-05,0.003374320452565983,-0.0041100124794728465,0.004487025600457877
2025-02-17,88.22101804887126,104.58937835794369,92.0859768965089,59.57085440013066,0.004122857053268758,0.0031850655790887842,0.00856592444406945,0.0045001794998302995,0.001102031941928372,0.0033699536714607774,-0.0015148755836141836,0.00441208714823526
2025-02-18,87.85596284178666,104.59180660496872,91.9048489042066,59.573976508231176,-0.00413796185034232,0.003272530531459956,2.3216956283267365e-05,0.0040896081252187605,-0.0019669443535996756,0.0033327000897830795,5.240999364453103e-05,0.0044003545336706975
2025-02-19,87.48943001827884,104.579376867339,92.26291199705275,59.67427517443681,-0.004171974350424934,0.003375808345806521,-0.00011884045254784148,0.004092928400666163,0.003896019601962175,0.00328170477879619,0.001683598646327944,0.004418173581289121
2025-02-20,87.44706891963509,104.83734854343612,92.206593504834,59.56549986156286,-0.0004841853311297051,0.003375909115119281,0.002466754763937651,0.0040349825761823764,-0.0006104131226700726,0.00325179044978412,-0.0018228174964166621,0.004388764301529717
2025-02-21,87.5761305785566,105.25022684679038,91.9638590548288,59.31540784920509,0.0014758831887220492,0.0032498190363816452,0.003938274947722364,0.004077889100050475,-0.0026325064269127063,0.0032987576445737713,-0.0041986051143534375,0.004349969658389756
2025-02-22,88.04416171494381,105.65348282290375,92.05043414716702,59.75206363893405,0.005344277410925136,0.003383823196203723,0.0038314024415393444,0.004107538096739445,0.0009414034298691476,0.003296258111082396,0.007361591289046787,0.004601265266841813
2025-02-23,88.22264481931788,106.1080310865624,92.69605222267391,60.38443947165127,0.002027199769951027,0.0033141629292982333,0.004302255368340058,0.004138520356437261,0.007013742862686634,0.00351068326322073,0.010583330419155157,0.0050129167962766254
2025-02-24,88.14885911227321,105.83630687518756,92.8119587249726,60.40331305792217,-0.0008363579123679132,0.0033195471899938626,-0.002560826061819732,0.004189229883091907,0.001250393080605594,0.003505362500050284,0.00031255711630406857,0.005012478744310435
2025-02-25,87.86859228869179,105.70914505177608,92.70024382066796,60.17743022992551,-0.0031794719342249644,0.0031960406032212722,-0.0012014952823462544,0.004195697016075169,-0.0012036692883045097,0.00343098529515124,-0.003739576797386124,0.004982180398041829
2025-02-26,88.1865215301308,106.03462965284572,92.21189588745035,60.55824034084164,0.003618235289288174,0.0031962005789553513,0.003079058116591815,0.004180917889737079,-0.005268032888482321,0.0033557856178710057,0.006328121846697954,0.0050060290953924955
2025-02-27,87.92221731576316,105.80782901974266,92.15283956141025,60.14281961651086,-0.0029971044302653516,0.003244581681033322,-0.00213892983684294,0.004215039134970575,-0.0006404415121470386,0.0033471664349791212,-0.006859854612562333,0.004837040442201309
2025-02-28,88.34507210991457,105.8049852565718,92.24095985184393,60.033700670369136,0.004809419132740578,0.003343901813926599,-2.687668008316546e-05,0.004215371335263119,0.0009562406416674385,0.0033388062472620742,-0.0018143304028228613,0.004682914585666064
2025-03-01,88.25930187615081,105.97312341392087,92.12743263159145,59.82782048746212,-0.0009708547598109574,0.003351927309078568,0.0015891326570420805,0.004187134283175458,-0.0012307679845788844,0.0033407658342524895,-0.0034294101580952807,0.004693527369433898
2025-03-02,88.67087209046896,106.3035738397859,91.6031221998448,59.49911745163029,0.004663193630238371,0.0033768979343969645,0.0031182474878495015,0.004104954758941255,-0.00569114341700272,0.003395743291209764,-0.005494150265773379,0.00474355190597695
2025-03-03,88.83825214641378,105.54180047808016,91.34789208062276,59.40966505563261,0.0018876554611308993,0.003346502334464446,-0.007166018358459314,0.004367643536085759,-0.002786260043246447,0.003326122383463175,-0.0015034239133110416,0.004672219691059515
2025-03-04,88.78705540057231,105.84577234658938,91.83274032924588,59.164713727355725,-0.0005762916829687992,0.0031305830764173214,0.002880108801747827,0.004177610371475718,0.005307711405044824,0.003476512642028827,-0.0041230888618460915,0.004659680375062717
2025-03-05,88.63453668999838,105.74586199859542,92.30916219820072,59.15567222526167,-0.001717803455535516,0.0031531455195115735,-0.0009439238410657858,0.004109549591748821,0.005187930440132105,0.0035017760726655843,-0.00015281916406661988,0.0046498903657419205
2025-03-06,88.5311431822029,106.04523251456816,92.03395467203684,59.15055480245914,-0.0011665149010380294,0.003111938334735951,0.0028310376435980444,0.004022992566292626,-0.0029813673920360273,0.0035164093110050163,-8.650772800011808e-05,0.004484378511803951
2025-03-07,88.63313719957198,106.37177122498552,92.2644651391845,58.97285287938345,0.0011520693589053277,0.0029647787371371043,0.0030792398929626597,0.00405360695821805,0.0025046241679940184,0.0034907004072529542,-0.0030042308760948044,0.004312938299399539
2025-03-08,88.64102205386256,107.0494405557322,91.8956383623052,58.8632976593674,8.896056869600599e-05,0.002965543671210086,0.00637076287197802,0.004193653143591838,-0.003997495420614006,0.0033336054206586966,-0.0018577229126107708,0.004307571756758131
2025-03-09,88.47046250678788,107.61523899014252,92.36247591989364,58.7915890644688,-0.0019241604295924253,0.002949864955938672,0.005285393659911319,0.004234098583243729,0.005080083950751657,0.0033761829693381364,-0.001218222521503276,0.004303008857131026
2025-03-10,88.41543447348582,108.17500280364904,92.45273286715933,58.995721168607176,-0.0006219932816315943,0.0029481835552906044,0.005201529251426917,0.004190206923448293,0.0009772036356405778,0.0033831238715118232,0.0034721310885903467,0.004377040720224011
2025-03-11,88.42575308887803,108.77366391666786,92.77023244094632,58.94495732208128,0.00011670604180880062,0.0029476263887459734,0.0055341908713000265,0.003963692212364105,0.003434182678441644,0.003451083102441216,-0.0008604665816495105,0.0040696024200383004
2025-03-12,87.85048272881247,108.8677969497262,92.22070293358529,59.15266491378481,-0.0065056879921321364,0.0031773803646292257,0.000865402797596726,0.0037821418757901415,-0.00592355427923319,0.0034811454228315204,0.0035237550613294033,0.00410391453895136
2025-03-13,87.96584067985175,108.8481416613458,92.45185783307214,59.29628995116674,0.0013131168714848318,0.00311625440736556,-0.00018054272182499442,0.003711218018125926,0.0025065402033783712,0.0035093134429910406,0.002428040014617494,0.004132487292490523
2025-03-14,87.7009301658742,109.19473527906678,92.45975512566588,59.43560435136426,-0.003011515742135429,0.003143237351856903,0.0031841941665784468,0.0037073627206887613,8.542059379701428e-05,0.0034412998828242045,0.002349462340936581,0.004162863389628533
2025-03-15,87.39351323317767,109.47720389499804,92.74580959355144,59.79275318031516,-0.003505287026204784,0.003169638906744502,0.0025868336528256375,0.0036416666061868026,0.0030938267952016485,0.003452458845541192,0.006009004751420521,0.004191408819366837
2025-03-16,86.9499028891603,109.3014099348228,93.05058084294826,59.475300249235325,-0.0050760099646498524,0.003189072524976752,-0.0016057585864528434,0.003488888661912453,0.0032860918539872053,0.0034070069207563034,-0.005309220836888118,0.004133056709651841
2025-03-17,86.48465811500333,109.43996289049412,93.07704524781016,59.33437439105854,-0.0053507221825197515,0.00318954358770384,0.0012676227667505202,0.003422433995941337,0.0002844088088667096,0.0033896309631187603,-0.002369485443305508,0.0041208692390954866
2025-03-18,86.13973208636075,109.38462253152603,92.8861625807882,59.79177304636948,-0.003988291520837239,0.0032262616750592804,-0.000505668656187841,0.0031795698039968727,-0.0020508028216168483,0.003418691597393938,0.007708830842242165,0.004306057451340344
2025-03-19,85.96625113818213,108.97166965600218,93.1463098575992,59.70629336692375,-0.00201394808152755,0.0031052626610000356,-0.0037752370119925605,0.0030684161457475785,0.0028007107795495756,0.0034458647882416346,-0.00142962275728864,0.00430499539780947
2025-03-20,86.48125874400617,109.4995149385614,93.1310155712991,58.93422221076959,0.005990811498761461,0.003281951544464352,0.004843876249905232,0.0031210298506186398,-0.0001641963736780383,0.003419005676769511,-0.012931152021268821,0.0049174122350059074
2025-03-21,86.35175007525318,109.4831216677688,92.85103686325768,58.86944226031613,-0.0014975345020861175,0.00321498166797281,-0.00014971089873594412,0.003121598753953004,-0.003006288574476934,0.0034111738681624044,-0.0010991907252425603,0.004903993160086655
2025-03-22,86.40588199362386,110.3399593355424,92.55916044444184,58.894634132389726,0.0006268769112787176,0.0032207446805626013,0.007826207864018553,0.0033236789075619705,-0.00314349121642743,0.003463324126213558,0.00042792781970324434,0.004899337160218002
2025-03-23,86.51736534761874,109.57243075629953,92.09050923296306,58.190326562360376,0.0012902287601566087,0.0032172039874370506,-0.006956034639353348,0.00365107717093671,-0.005063261261537555,0.003557411107002281,-0.01195877316167937,0.00529736343052909
2025-03-24,86.55814989526223,109.28708393959076,91.9402401041668,58.53315092153284,0.0004714030238857081,0.0030350212102953217,-0.0026041844170036077,0.003689049100814869,-0.0016317547817671363,0.003566236703624189,0.00589143212325971,0.005227273454119828
2025-03-25,86.54450571923184,109.26328821558512,92.31069475831708,58.33664274478895,-0.00015763017170433713,0.002996700794721702,-0.0002177359221954278,0.003647269792832263,0.004029298310843643,0.0034006460308671116,-0.003357211659548498,0.004793723719617529
2025-03-26,86.2407998052132,109.72261535286444,92.38046502238028,58.41555672726907,-0.0035092454627209113,0.003042262964882926,0.004203856068957235,0.0036296461555689555,0.0007558199431372259,0.0033949009497166536,0.001352734383864851,0.004808318586585164
2025-03-27,86.62546484182722,109.85499786410055,92.2209088649682,58.34834654101224,0.004460360264316288,0.0031476270779687548,0.0012065198301223212,0.0036010108944138828,-0.0017271633929687447,0.0034018431915992264,-0.001150552866775234,0.00478254054684035
2025-03-28,87.1011488527733,109.94700565206644,92.49393439311986,58.00266519511642,0.0054912722467308495,0.003248477000447578,0.0008375384803129826,0.0035858198472537525,0.0029605599371334,0.003306789935678059,-0.005924441160519378,0.004655103180818854
2025-03-29,86.66344023617194,109.4058063474492,92.23524535812098,57.71789976900784,-0.005025290967645257,0.0033244435881439266,-0.00492236511042321,0.0037094637294822247,-0.002796821615343892,0.003346793761014236,-0.004909523125371074,0.004589755158497136
2025-03-30,86.40301152010736,108.8602310755967,92.27924400372405,57.47135328003354,-0.0030050585962762,0.0031999079224727662,-0.004986712223662648,0.0038695058097959604,0.00047702638435276334,0.0033433880958308416,-0.004271577620824862,0.00461995673052973
2025-03-31,86.3385730372286,108.96755342823803,92.23409907954148,57.74988983182977,-0.0007457897791416368,0.0031996014246206826,0.0009858729085996387,0.003867672390149964,-0.0004892207849117591,0.003336562157264478,0.004846528503323011,0.004742683659256287
2025-04-01,86.09743310765732,108.33869529538144,92.49895318378604,57.70769109396001,-0.002792957088453396,0.00305257904484605,-0.005771058568096898,0.004031791159586074,0.002871542161605012,0.0031921600674109387,-0.0007307154696337692,0.004672020474409193
2025-04-02,86.23891169432262,108.08095576190208,91.99930947144875,57.56856284510929,0.0016432381496018778,0.003044987161373221,-0.0023790164056956,0.0038002716718867403,-0.0054016147765969524,0.0033135862426240475,-0.0024109134538788934,0.004678272850129104
2025-04-03,86.06013396521817,108.27314328985572,91.74111724969866,57.32364943833662,-0.0020730517766520684,0.003050318953178378,0.001778181240153165,0.0037847644648174197,-0.002806458257496147,0.0032155655131085,-0.004254290791167015,0.0046813164940438575
2025-04-04,86.63031522830256,107.82123711651587,91.23303459677706,57.63082806050912,0.006625382006897995,0.003351377599527387,-0.00417376054309293,0.0038797403666755363,-0.005538221771800744,0.003211894432913901,0.005358671773033619,0.004823429083416715
2025-04-05,86.94611847619298,108.49214337723488,91.1726787198394,58.00740165101058,0.0036454126602005754,0.003444930370654889,0.006222394387795704,0.003993072318324457,-0.0006615572660102487,0.0031749637805383343,0.006534238760305122,0.0050079199159161585
2025-04-06,87.00528355735419,108.99444775217208,91.58237665167206,58.31130697250665,0.0006804798442774374,0.003437745810665566,0.004629868664228098,0.004033843884281797,0.004493648070729828,0.0032554806935461943,0.005239078339078995,0.005098941838777311
2025-04-07,87.27659833082492,108.27491613480495,91.43989294952648,58.43337372885054,0.00311837123422376,0.0035029208962781,-0.0066015437685703615,0.004112831522930228,-0.001555798258954466,0.0031881838625396463,0.002093363408943061,0.005110027822858501
2025-04-08,87.56710315242957,107.84472341234554,91.29731132076296,58.50171033323324,0.00332855343998939,0.003560650937400249,-0.0039731522112084194,0.004079882780111644,-0.0015592934786377022,0.0030387757619005106,0.0011694790155332146,0.0051127260131051235
2025-04-09,87.41740985343276,106.83707477577413,91.59804273902772,58.17332532138528,-0.001709469579417644,0.0035691889527130014,-0.009343513569214368,0.00430801552008938,0.0032939789125681074,0.0031032661018293058,-0.005613254894214936,0.005159514364526735
2025-04-10,87.20317265735991,106.49201647254364,91.96016449021717,58.10265478566132,-0.0024507383189692478,0.0035877947988178765,-0.003229761802770126,0.0041867702294805225,0.003953378700690902,0.0031262004476849893,-0.0012148271623382279,0.005160880255071215
2025-04-11,87.2253516963064,106.81158908455942,91.948010050494,57.91795284705655,0.0002543375231729428,0.003402343127007127,0.0030009067590355265,0.004232173983395643,-0.00013217070446247536,0.0029394031231266657,-0.0031788898336252425,0.005127142288853563
2025-04-12,87.45241411541863,106.6244615034564,92.18488011662284,57.43736136824801,0.00260317000386312,0.0034305857749865965,-0.0017519408025553629,0.004236183669427481,0.002576130424124967,0.0029415532502113802,-0.008297798095136866,0.005274068691562667
2025-04-13,87.48855887893872,106.81273727949063,91.85183324462024,57.7085700229929,0.000413307784418393,0.003390182223530012,0.001765784074118093,0.004199333432693727,-0.0036128145047350513,0.0030105363369181317,0.004721816049419347,0.005344082026766481
2025-04-14,87.07404629913053,106.15206563829491,92.31231644713635,57.52429618053882,-0.004737906134466896,0.0034402850058184897,-0.00618532637607605,0.004265560361195357,0.005013326204276858,0.0031022941615737668,-0.0031931798410645973,0.005191691229584864
2025-04-15,86.8673875821725,106.48774208384768,93.01992955811978,57.8313767505672,-0.002373367561765538,0.0033398517473250673,0.0031622224544980426,0.004331256662259161,0.0076654247040659484,0.0033618069570628966,0.0053382760054050404,0.005269774100528161
2025-04-16,86.85300444940988,106.24458374120768,93.1965773431617,58.05655728564653,-0.00016557574900033512,0.0031854031291936695,-0.002283439745098037,0.004319617594192702,0.001899031593348477,0.003379486803253818,0.0038937432883632273,0.005334061033179334
2025-04-17,86.83835717155591,106.2456711656791,92.52207045396564,58.19639535437552,-0.000168644457918532,0.0030893191583052674,1.0235105010858447e-05,0.004322589688947677,-0.00723746416901605,0.0036150375285277027,0.0024086524462856307,0.005129392299287821
2025-04-18,87.35747815708262,106.20213094621955,92.35293328439734,58.350468634292405,0.005978014813213806,0.003226755189064089,-0.00040980699714010527,0.004290588113728603,-0.0018280737637886846,0.0035845293687631692,0.0026474711874968637,0.005168419079171283
2025-04-19,86.99503927954596,105.658386052952,92.5642478279936,58.18155734242847,-0.0041489164429052705,0.003166636606804479,-0.005119905678191206,0.004219783990602685,0.002288119457402926,0.003615066944914582,-0.002894771812760877,0.004651936307304798
2025-04-20,87.1309803549615,105.17326285776912,92.43905411326938,58.66163737698975,0.0015626301975530943,0.0031592714925910486,-0.004591431057254236,0.0042600824318517585,-0.0013525061528816273,0.003583222150291264,0.008251412586565365,0.0049107653820634235
2025-04-21,87.52308535337535,105.5877338421667,92.86320919785784,58.6638194996545,0.004500178889488726,0.003250729645495874,0.003940839840236743,0.004024710998831922,0.004588483608548577,0.0036375479603295677,3.719846158967144e-05,0.004909817985357472
2025-04-22,88.118990612478,105.75925339424576,93.06309804924102,58.734313671084486,0.006808549500930905,0.0034508525186556817,0.0016244268707901188,0.003924190705002228,0.002152508545739451,0.00351995295513355,0.001201663513068718,0.004374217432141755
2025-04-23,88.00637354401663,106.2046844883733,92.83992249781733,58.55312613281654,-0.0012780113307996332,0.0034681419535159334,0.00421174582678896,0.004034212248883726,-0.0023981100576042635,0.0035376143676486534,-0.0030848668681583424,0.004286049315634671
2025-04-24,88.13145719667958,106.3391271789868,92.8594544901008,58.29923432269855,0.0014213022037590228,0.0034688713562219986,0.0012658828681724188,0.004052491364908634,0.00021038354791746983,0.0034679590218621528,-0.004336093166777855,0.004316267873918123
2025-04-25,88.27637684150966,106.39506279036895,92.57787418464186,58.41743175554565,0.0016443577519280606,0.003384335184792431,0.0005260115713381364,0.003947157292363854,-0.003032327801246848,0.0035157865809666666,0.00202742684737256,0.004325374139819269
2025-04-26,88.32118602842611,105.6550485682644,92.5302691963263,58.46689034348746,0.0005076011105089595,0.0033124311149384427,-0.0069553436287039805,0.004067943282508969,-0.0005142156129077646,0.0035012661489020993,0.0008466409161698163,0.00432226259827236
2025-04-27,88.28768673819067,105.54321025408808,92.36270618540014,58.251197437097744,-0.00037928940656051235,0.0031877277750719506,-0.001058523143871004,0.004048422412502213,-0.001810899421146539,0.003475949441005965,-0.0036891462009102094,0.004233601580252446
2025-04-28,88.39620055962102,105.53527694754894,92.756095990326,57.86741778892531,0.0012290934946810328,0.003016823591258344,-7.516643202387652e-05,0.003997492721168659,0.004259184482275913,0.0035215045374597134,-0.006588356378199101,0.00431315077715254
2025-04-29,87.71680052328678,106.36350053000956,93.45314009039134,57.53226955640152,-0.0076858511116211226,0.0033190565377979892,0.007847836348335413,0.0042558306599272825,0.007514806359875781,0.003766897323255148,-0.005791656951866342,0.004374708798345002
2025-04-30,87.89448027246755,106.65075166021168,92.98872335981297,57.83944404415217,0.002025606817859238,0.0033215098889943727,0.002700655100393856,0.004291514103347647,-0.004969514455364199,0.003891287629577663,0.005339168611269596,0.004394236510434264
2025-05-01,87.9244290231423,107.2979715116916,92.37085182224708,57.67554223620306,0.00034073528373923523,0.0032598008440552695,0.0060685915608167385,0.00435372048224937,-0.006644585657715529,0.004056994710876606,-0.0028337376103406697,0.004423975920349345
2025-05-02,87.86220958294858,107.53939399134134,92.30535534432624,57.584256929278254,-0.0007076467926488972,0.003264729443850066,0.002250019047409735,0.004359981220841596,-0.0007090600187045215,0.003931601372998262,-0.0015827385991613596,0.004411036785216257
2025-05-03,88.39879794649191,107.21578176285652,91.82921876392268,57.957291469725696,0.006107157628863824,0.0033713159572824206,-0.0030092435569319953,0.0043742515550745245,-0.00515827688033299,0.004014500874099274,0.006478064671487926,0.004487108453339056
2025-05-04,88.21215991565965,107.25192107361538,91.8628390292322,57.659658038273136,-0.002111318651020877,0.0032342166784902165,0.000337070813313467,0.004314252746527937,0.00036611729645619207,0.0038738762875966198,-0.00513539235366145,0.004494336047168036
2025-05-05,88.09955625032836,107.33880563798108,92.12215643423411,57.46780284434029,-0.0012765095587610187,0.0031994963860956425,0.0008100979776954897,0.004147785218259746,0.0028228760153972132,0.0038981784836315952,-0.003327373079554108,0.004360589177961581
2025-05-06,88.62103601424825,106.92019889751816,92.62014573319958,57.26688928797892,0.005919209881581455,0.0033521488950061704,-0.003899863967880779,0.004086703517054219,0.0054057494770107795,0.003934971927720705,-0.0034961064529571706,0.004268479886211351
2025-05-07,88.3903367836352,106.74499014192382,92.69719826836857,57.682921723226656,-0.002603210715974358,0.0033677697812183843,-0.0016386871461235852,0.003934340659590389,0.0008319198221835578,0.003918514716562754,0.007264798916449378,0.004479914773134727
2025-05-08,88.23709167005596,106.64823206746998,92.64564706551052,58.19700163429161,-0.0017337315271731546,0.0033441789622068153,-0.000906441363901056,0.003879553365176852,-0.0005561247138107239,0.0039049212857350285,0.00891216838029818,0.004787198382581799
2025-05-09,88.1922172643552,107.32534437224464,92.01577816517673,58.38745855433248,-0.0005085662372981137,0.003326940512328964,0.00634902512351343,0.003679947632273036,-0.0067986885545567866,0.004086123885520685,0.0032726242708807085,0.0047126640507521664
2025-05-10,88.4091500215789,106.41695508963925,92.0416234212827,58.58579085105446,0.002459772119953074,0.0033077043774924135,-0.008463884163788626,0.0039595842908126426,0.0002808785256325219,0.0040230771734505386,0.0033968304432607788,0.004742296860312983
2025-05-11,88.45687806545507,106.9249293931423,92.08182134392489,58.42410716586548,0.0005398541199019835,0.003307493399735367,0.004773433923900283,0.004018933080459241,0.00043673634979479736,0.004023591408802403,-0.0027597764379427847,0.00473234164185729
2025-05-12,88.10609072338936,106.5135277342198,92.30467269933,58.9283669642244,-0.003965631048002183,0.003378266625369189,-0.0038475747541516503,0.004069109540390247,0.0024201449553518106,0.004020322313527341,0.008631022754482798,0.004680691117358134
2025-05-13,87.96083807404965,105.9226623635579,92.0907462429702,58.988609837324674,-0.0016486107617206258,0.003395838085237051,-0.005547327022500603,0.004175683475415589,-0.0023176124252846098,0.0039864311318037315,0.001022306848191601,0.004623971051642257
2025-05-14,87.79731255106634,106.4226266679285,91.96747259709934,59.20395959810071,-0.0018590719070417094,0.0032909829613930663,0.004720088158798097,0.004117286314426538,-0.0013386105651225222,0.003883513104223224,0.003650700726291367,0.004591849787428307
2025-05-15,87.7752097540361,106.72892789379269,91.5098404271116,59.16342634458985,-0.0002517479907757636,0.0032545702191233146,0.002878158860144975,0.00411030527499474,-0.00497602203327463,0.0036909679354611012,-0.0006846375442793873,0.00452546175614375
2025-05-16,87.88582649600657,107.2559825177356,90.79824244908026,59.079898619538895,0.0012602276004858304,0.003257165083132775,0.004938254645145523,0.00417781616735378,-0.007776190786805359,0.0038880445093254553,-0.001411813517433247,0.004502759726988844
2025-05-17,87.99364688606772,107.5853147512034,90.47457749329266,59.51038023531953,0.0012268234180632387,0.0032587392659381206,0.003070525538408475,0.004207141682523711,-0.0035646610226967024,0.003735169255028021,0.007286431186228626,0.004656063165740465
2025-05-18,87.52146946146472,108.45400246728926,90.00880440717725,59.64061897236139,-0.005366039950752022,0.003252817389812149,0.008074407906829562,0.0044283413753323534,-0.0051481100992146756,0.0038168432429407065,0.002188504535290514,0.004650380970136417
2025-05-19,87.8016788296944,108.6690990573203,90.15044996233851,60.01504091733826,0.003201607216536173,0.003200675187550837,0.001983297851049004,0.004293781042829463,0.0015736855532542116,0.003798777081771416,0.006277968797580469,0.0047044144952128435
2025-05-20,87.86665567672809,108.57143017415814,90.02136747490484,60.06655596326138,0.0007400410550204573,0.003193112112469886,-0.0008987732852246966,0.0041810178704981505,-0.0014318562745677665,0.0037991497814531374,0.0008583689211187906,0.004503259457259401
2025-05-21,88.22954533152583,108.69181982076688,89.88735052058821,59.81948097603316,0.004130004175108892,0.00317693687935908,0.0011088519918696083,0.0041457626958863215,-0.0014887238227522248,0.003657094364797236,-0.004113353650229801,0.004590386208415269
2025-05-22,88.34188671009768,109.20258739931002,89.61442080552825,59.64624466745209,0.0012732852487193913,0.002935863575093424,0.004699227406307127,0.0042000353892299065,-0.003036352873672099,0.003621539428250957,-0.0028959848155566403,0.004634484773113446
2025-05-23,88.6275840362131,108.82660466096203,88.63968400713348,59.65875729986291,0.003233996202197442,0.002978710721432129,-0.003442983790971632,0.004235402034349022,-0.010877008294346346,0.0040227319630110015,0.00020978072434552075,0.004584785847356795
2025-05-24,88.74294743652277,108.51153040064716,89.1550454990126,59.47536568439861,0.001301664730729124,0.0029771526421067435,-0.0028951951712217205,0.004288167271823469,0.005814116979903083,0.004231231980448976,-0.003074009982181214,0.004543211214954349
2025-05-25,89.09168422886529,108.34966048471895,88.88607643639963,59.16490778057205,0.0039297409249559045,0.003042975871978521,-0.0014917300984563786,0.004306502520575067,-0.003016868659620031,0.0042310206426906735,-0.005219941067264422,0.004660052592574675
2025-05-26,89.21850740714463,107.41159178356568,88.8032425944093,59.472631141218606,0.00142351308516675,0.003049604168249141,-0.008657790868533133,0.004419448245384274,-0.0009319102081145614,0.0042288727105868175,0.005201112824984477,0.0047404581576849765
2025-05-27,89.17843976088818,107.45529801196184,88.39726132548097,59.31277487288106,-0.0004490956800431434,0.0030501996776739885,0.0004069042053136407,0.004409037385565313,-0.0045716941979536685,0.004268855111834244,-0.0026878963528277344,0.004712812431279979
2025-05-28,89.77295069978469,106.62853141596958,88.7476121730902,59.33661428316032,0.006666532185251928,0.0032592879219980483,-0.007694051492000309,0.004661922220341657,0.003963367669494122,0.004255526836119787,0.0004019270777730899,0.004513065351542835
2025-05-29,89.99356409004312,106.64405872777202,88.83894789835904,59.402497627510094,0.0024574594968611585,0.0028830381401235435,0.00014562061013356775,0.004441892660027559,0.0010291626223215555,0.003936509859528633,0.0011103320461691712,0.004335458007321303
2025-05-30,90.1276627128108,107.00592686995525,88.62807392884389,59.23168625723411,0.0014900912540090072,0.0028772149252796315,0.0033932330267638644,0.004457661176886805,-0.0023736657682664752,0.0038899390479462084,-0.0028754913866935183,0.00431628693793272
2025-05-31,89.76058230324321,106.79069779388144,88.55428941301794,59.605848763885405,-0.00407289392089627,0.0030132842219106762,-0.0020113752795709594,0.004328093946861436,-0.0008325185525884793,0.003772604058468607,0.0063169315326658815,0.004373436734920653
2025-06-01,89.3951109367067,107.49833143696706,89.12297427603028,59.29135846358155,-0.004071624282714903,0.003127646384173078,0.006626360326359659,0.004482726852011267,0.006421878226135158,0.004033197053680683,-0.005276165121809284,0.004501870212600226
2025-06-02,89.4584530362319,106.8539190646823,89.1440582728082,59.34826575445328,0.0007085633527548207,0.002948956556558617,-0.0059946267413706344,0.004583761801837012,0.00023657196081239285,0.0039685743518740775,0.0009597906397553757,0.004380756242935241
2025-06-03,89.48182114876481,107.35368597779824,89.13107659364456,59.40075164096662,0.0002612174896814423,0.0029108115615187552,0.0046771041950590675,0.004665866672139056,-0.00014562584893662578,0.0039636806664653385,0.0008843710232493418,0.004234947306114977
2025-06-04,89.30111445339439,107.62882020366564,88.8812858119734,59.37268491430096,-0.002019479409901437,0.0029293779579560686,0.0025628763778480224,0.00468674203743138,-0.002802510540851899,0.003909372322897442,-0.00047249783698533054,0.004165848587085749
2025-06-05,89.32473265618034,106.8722891662814,88.3379415948786,59.01279162013043,0.00026447825349684706,0.0027416220588608172,-0.007029074888609377,0.0048119926876108625,-0.0061131453278503445,0.003803911769151996,-0.006061597091154058,0.004287908464170061
2025-06-06,89.73612845984736,108.02160784755604,88.33906107714144,59.23286407604462,0.004605620318512749,0.0027967168118024632,0.010754131779533882,0.005184333977171227,1.267272298433042e-05,0.0037889878389330105,0.00372923310137252,0.004156659279177667
2025-06-07,89.90531503408826,107.97205671011982,88.49033986282795,59.418523565731824,0.0018853785776662413,0.002774671345224478,-0.0004587150517714189,0.00518105896416286,0.001712478985421928,0.0038328611591114696,0.0031344000089013058,0.0038980800706711143
2025-06-08,89.57804154153467,107.5716454139737,88.88034190406137,59.22422694169429,-0.0036402018326670005,0.0028759740468196383,-0.0037084715096344922,0.00510936612203632,0.0044072837988640146,0.003846835713153508,-0.003269967215233649,0.003932056506813679
2025-06-09,89.53160390538439,106.94917136337315,88.2271233912967,59.40031646288661,-0.0005184042355821372,0.0028581909998527995,-0.005786599695533523,0.0049764784586879725,-0.00734941494115493,0.003998380459330934,0.002973268378254623,0.003921976525811393
2025-06-10,89.29939811882686,106.84480691316942,87.93142071133036,59.48698786274237,-0.002593562233096147,0.00291060495192905,-0.0009758322469759495,0.004903585772808312,-0.0033516074037104326,0.003998123971654839,0.0014591067020646165,0.0038776433825219027
2025-06-11,89.18170412312166,106.78126547248075,87.80689145529468,59.1301049256935,-0.0013179707611084002,0.0028147332443657753,-0.0005947078058768929,0.004851567708680264,-0.0014162088480805801,0.003928216517416867,-0.005999344560398967,0.0037518387025296555
2025-06-12,89.05833216832367,106.816727457803,87.86108937083172,58.891010773084325,-0.0013833774092011364,0.0028084589591334712,0.00033209931691047245,0.004733085942544602,0.0006172398844643823,0.003947675974242925,-0.004043526608140446,0.0038231836519864336
2025-06-13,88.91917329082945,106.68075294200872,87.87136649146711,59.18224946758298,-0.001562558764644395,0.0028006827678201183,-0.001272970245676075,0.004665698065948299,0.00011697010256739304,0.003959399006076738,0.004945384544694509,0.0038733538777145247
2025-06-14,88.57411878918664,106.94371635166496,87.88878566046357,59.25246459784032,-0.0038805410450031275,0.0029073448221030485,0.0024649564462595475,0.004657790518796339,0.00019823487094794423,0.003915663685584561,0.0011864221263810926,0.003877094700273062
2025-06-15,88.53310699490527,106.76784558236888,88.06907408142948,59.08938520348713,-0.00046302232347339434,0.002904867132151719,-0.001644517090819697,0.004575230615059532,0.0020513245189484053,0.0037666774516038064,-0.002752280355932002,0.003902253255529699
2025-06-16,88.37753583931428,105.9333455626568,87.84397116124171,58.84950028928733,-0.0017572088100323846,0.00292126281835368,-0.00781602377719881,0.004740401041780957,-0.0025559814558698823,0.0037475396716908685,-0.004059695550625686,0.003718481944161498
2025-06-17,87.5956064302963,105.87085337256713,88.18639879619525,58.70286013312938,-0.008847603653938219,0.0032034483580412002,-0.0005899199138642564,0.004455034081202504,0.0038981347316937587,0.0037641932648281363,-0.002491782520448127,0.0037057929811979387
2025-06-18,88.13680910739545,104.86975002234246,88.37265424016513,58.57618234437279,0.0061784226304753,0.003347824850202718,-0.009455891950749806,0.004692379389298892,0.002112065426328691,0.00377654546636423,-0.0021579491777623527,0.003485571756294406
2025-06-19,88.42169075865172,105.03014357499116,88.32471458250771,58.34469500979632,0.003232266451910437,0.0033940253447980353,0.0015294548963311616,0.004718179058940033,-0.0005424716284648801,0.0037737411317739695,-0.00395190204126894,0.00351702323038844
2025-06-20,88.31639275804248,104.6290728924902,88.87104694498689,57.8802827286983,-0.0011908616506400849,0.003320643440718583,-0.0038186245286296883,0.0047246127217972595,0.00618549819336045,0.003968405979163789,-0.007959803046704517,0.003701123465700514
2025-06-21,88.31688721268296,104.71197764844364,89.40211615482656,58.17284970737732,5.5986734175395014e-06,0.003312439400623547,0.0007923682554142886,0.004607122688108223,0.005975728070002573,0.004098674010241783,0.005054691595933747,0.0038491364880601764
2025-06-22,88.00201103561517,105.27607988472104,89.73655907637172,58.42085695623011,-0.0035652997632209527,0.0033158494014764745,0.005387179661254349,0.0047511562409024285,0.003740883727695765,0.0036094252591848475,0.004263281756013759,0.003956408458435443
2025-06-23,88.44808361356361,104.88442319079734,88.82824041667581,58.07857120538423,0.005068890729871045,0.0034447153741414757,-0.0037202818945440974,0.004764311408732061,-0.010122058044624516,0.003944733696580614,-0.0058589649087539275,0.004045908078956471
2025-06-24,88.94600671044236,105.34162980582198,89.36659420986994,58.10867734494403,0.005629552122963011,0.0035263841513194275,0.004359146964968641,0.004867280232512842,0.006060615302845296,0.004060895001426467,0.0005183691494980991,0.003963767907130914
2025-06-25,88.9778979554771,105.16624509136015,89.6581716591586,57.86705803109314,0.00035854611369523504,0.0035164007340917824,-0.0016649136223269023,0.004646711446792622,0.0032627118876646932,0.004093100884875497,-0.004158059086710741,0.0038589636499811444
2025-06-26,89.24095567752582,105.91284189786847,90.3283588270822,57.79467660551354,0.0029564389370082544,0.003558921678071157,0.007099205699126587,0.00485723221530727,0.007474914506079289,0.004185756235969052,-0.001250822627628767,0.0038449583350806723
2025-06-27,89.27540025630127,105.7594165267551,90.75445364660622,57.70116906840938,0.0003859727690491699,0.0033325644009443278,-0.0014486002675796472,0.004667068574679313,0.004717176588359129,0.004208044238188666,-0.0016179264699828222,0.003839839180342495
2025-06-28,88.90464513068693,105.40677488293848,91.28702123362532,57.586786600884025,-0.004152937142257951,0.0033704944430516222,-0.0033343758447023086,0.00469971489985643,0.005868225366579827,0.004310446189024793,-0.0019823249575713353,0.0038248229984416795
2025-06-29,88.78546096634362,105.70318478829392,91.59435233423932,58.10320672056826,-0.0013405842199596396,0.003355338954233743,0.0028120574382872743,0.004684806720397947,0.0033666461722685614,0.004286745507097779,0.008967684258254893,0.004218408427250691
2025-06-30,88.81237711374577,105.5224901728012,92.05064171299762,57.98243164657329,0.00030315940368152994,0.0032888754616941405,-0.0017094528973240486,0.004681543610421018,0.004981632241835676,0.004327280412476087,-0.0020786300930997204,0.004015071433813417
2025-07-01,88.68285420270746,105.17281193986142,92.71300086509952,57.766608332181335,-0.0014583880676047878,0.0032207730072465373,-0.003313779198795941,0.00451687599955781,0.0071955951612705515,0.00436102939388216,-0.0037222190974584013,0.003966562014012889
2025-07-02,88.61747886516432,104.9809631271163,92.79722624085784,57.564713408371006,-0.0007371812525757138,0.0032165696133532318,-0.0018241293468013176,0.004411862183727903,0.0009084526978138108,0.004356962641843473,-0.0034950108659548285,0.0039794342039317825
2025-07-03,88.58661239066575,104.97342887262452,92.29982073199304,57.83261074740978,-0.00034831135904389576,0.0032147630086086267,-7.176781644357977e-05,0.004300528878162858,-0.005360133368359166,0.004519617000006289,0.004653846482970847,0.004098990061727312
2025-07-04,88.55887677872288,105.54830280111015,92.21830945857695,57.39861488831152,-0.0003130903326629131,0.003198898419298195,0.005476375637716746,0.004409170089583534,-0.0008831141032523693,0.004474731800023785,-0.007504344927359186,0.004272087814971637
2025-07-05,88.5668174452678,104.73706489061132,92.3627735654518,57.20011711260006,8.966539362020853e-05,0.003198044270154966,-0.0076859398869491,0.004443483671563224,0.001566544731984587,0.00425384475175444,-0.00345823285279101,0.0041939252465030205
2025-07-06,88.27905073477062,104.76053656077526,92.40433498742924,57.57215685301789,-0.0032491481437165737,0.003104512723038817,0.00022410089674029798,0.00389222430544303,0.0004499802287549759,0.004249336891054622,0.006504177949241852,0.004330895956418972
2025-07-07,88.08580493352243,105.03598227121668,92.01820828423187,57.63285311464151,-0.0021890335208609724,0.003083763413533216,0.002629288847538769,0.003947849480377772,-0.0041786643803009005,0.004373931946605225,0.0010542641606876568,0.00427979169163561
2025-07-08,87.74475060640945,105.12801139286468,91.51346664427786,57.67976399966704,-0.0038718420904522155,0.0030917192612546886,0.0008761675728452545,0.0039244925587884364,-0.005485236556605599,0.00450360236598088,0.0008139608311983348,0.004270293893857186
2025-07-09,88.00360060300359,105.68864587495833,91.3012002355152,58.230048265792846,0.002950033988417644,0.003162189120858385,0.0053328744134477635,0.003958154043125507,-0.0023195100846497008,0.004270266518478789,0.00954033491067996,0.004627559411012669
2025-07-10,87.44691910563469,105.66118926932464,91.58637581871048,58.28823570839528,-0.00632566728582129,0.0033143436396704854,-0.00025978765653000835,0.003956642924461691,0.0031234593023932167,0.004197857136427299,0.0009992683216890619,0.004621080226490243
2025-07-11,87.75370772573297,105.58747758601528,92.11754267850505,58.09577385186718,0.0035082839193874005,0.0033990215077897663,-0.0006976230706761122,0.003956894745325335,0.00579962745600926,0.004239409130050398,-0.003301898816957638,0.004539288045729936
2025-07-12,88.12020699841291,105.8427369422364,92.43294330467457,58.01646693096997,0.0041764534192152425,0.0035010590049660176,0.0024175154294521217,0.0039877992708037225,0.0034238931803716177,0.004247763268840201,-0.001365106541130312,0.004494901833613474
2025-07-13,88.03867683811409,105.88720887872842,92.7921328173499,57.71494262562087,-0.0009252152607891473,0.003495357610170339,0.0004201699405816939,0.0039854996930822045,0.0038859469344321163,0.004255026801545338,-0.005197219363734518,0.004453317422127163
2025-07-14,87.35027068181023,105.72383295322123,92.77976946565772,58.03780868677208,-0.007819360547293375,0.003701391613774159,-0.0015429240909947683,0.003958744671536631,-0.00013323706780732358,0.004259828846097277,0.0055941502575085345,0.004592565657188021
2025-07-15,87.26078302389593,105.94583904561082,92.22811488557748,58.18265537661292,-0.00102446915408283,0.003702841960631253,0.0020998679880233073,0.003976318853015172,-0.0059458498685366346,0.004488649170710779,0.002495729820237935,0.004610823214428408
2025-07-16,87.25000021013697,105.67072116040958,92.10027907432796,58.470987450810576,-0.00012356998625595583,0.0036953516903942656,-0.002596778577427683,0.0037410871961021156,-0.0013860828816475435,0.004456723984577954,0.004955636217207626,0.004664635083932655
2025-07-17,86.99163876561488,105.41672902322853,92.03717953844756,58.78237014154236,-0.0029611626808004887,0.003374889585524704,-0.0024036188491179944,0.0037642622275944814,-0.0006851177489861637,0.004453359159937845,0.0053254221333911556,0.004750020521371399
2025-07-18,86.86562129818681,105.20112611816728,91.89799805339852,58.6631573077016,-0.0014486158579861685,0.003156052892308498,-0.002045243739385416,0.003352204375406517,-0.0015122310977695452,0.004483424227947972,-0.002028037208328004,0.0047479913274232855
2025-07-19,87.2739590254811,105.77981780391724,91.9378255194044,58.404834087175374,0.004700797866771467,0.0032262143607567476,0.005500812653848719,0.003485914956621706,0.0004333877434710143,0.004473015027566628,-0.004403500124810278,0.004761846264691873
2025-07-20,87.45415629026333,104.42021338819728,92.10179912160112,58.383870615240994,0.002064731184357127,0.003254383003802537,-0.012853155204334388,0.0041716935743297615,0.001783527087685144,0.004380054819748258,-0.00035893384960372643,0.00451715624438574
2025-07-21,87.2161768121975,104.60289753048365,92.39728920276494,58.14732846853008,-0.0027211911721606308,0.0032828760352555243,0.0017495093752317725,0.004182069905457966,0.003208298686692146,0.004304501836338831,-0.004051498200072556,0.004492430936039111
2025-07-22,86.8048716725605,104.63283239583058,92.32525276079598,58.18465567461027,-0.0047159271900059085,0.0033273972746218727,0.00028617625375249034,0.004056184705348533,-0.0007796380455586949,0.004288249226136926,0.0006419418924876741,0.004421889608516532
2025-07-23,86.73000421377732,103.94464729973912,91.72868503061636,58.47502004958442,-0.0008624799200853683,0.003160105681348808,-0.006577142951535775,0.004173607676873752,-0.006461587835835725,0.0040048430279671044,0.004990394316294999,0.004380278638645221
2025-07-24,86.68544751023924,104.09581482007388,91.59767260053552,58.42299766775908,-0.0005137403594291934,0.0029298939766916037,0.0014543078865700831,0.004094946009587013,-0.0014282602005808442,0.003916057975787306,-0.0008896513721796673,0.004384690431056381
2025-07-25,86.82589998894294,104.31478404740908,91.63692077518388,58.45496745055774,0.0016202544110659467,0.002956825315773209,0.002103535360318487,0.0041122000249765684,0.0004284844094186724,0.0038894354036584943,0.0005472122978089633,0.00430729988830744
2025-07-26,86.69672325096873,104.57947559028874,92.05405074555084,58.42262941796115,-0.0014877673365971678,0.002871638589239457,0.0025374307706889088,0.003909954085920551,0.004551985889948318,0.0037488529935476517,-0.0005532127380610818,0.004300259489299113
2025-07-27,86.84117476511221,103.48613229222246,91.89237646272882,58.62621215688341,0.00166617040098882,0.0029016797171929685,-0.010454664186208662,0.00431665140238368,-0.001756297322199396,0.0036918207699618007,0.003484655534173431,0.0043198185547958946
2025-07-28,87.35555760837548,104.07887844477904,92.0799917689517,58.44136708271959,0.005923259843669371,0.0030911789973043723,0.0057277834181954645,0.004442280872206455,0.0020416852131250884,0.003560951015197417,-0.0031529424699856534,0.004348572936126905
2025-07-29,87.57512001131805,103.79289546837732,92.19462340224035,57.8561708676301,0.0025134337064951495,0.0031382549956598684,-0.002747752288217109,0.004419011981545021,0.0012449135918288778,0.003518648949062636,-0.010013390245665943,0.004453682179231255
2025-07-30,87.56647460220294,104.10202259523986,92.22895479975126,57.97466623816342,-9.871992312415756e-05,0.003135774182555151,0.002978307190174778,0.00446104570040217,0.0003723796057077955,0.0034024447696713277,0.0020481025404262,0.004455227881014997
2025-07-31,87.52247506928393,104.43157441106489,92.54924255000176,58.22758959856754,-0.0005024700733802234,0.0031301947896666903,0.003165661988205226,0.004474046383054833,0.0034727461776609125,0.003195177750077121,0.00436265315206974,0.004466498463883126
2025-08-01,87.43337133358115,104.08296789666626,92.35225070578214,58.33827122936054,-0.0010180669094680406,0.003131552102300201,-0.0033381332835836774,0.004501151287689952,-0.002128508443634214,0.0032117004221511388,0.0019008451415567507,0.004417842226928617
2025-08-02,87.74842496707252,104.37914627507423,92.18523787713433,58.16326287765445,0.00360335680399837,0.0032176231851702122,0.002845598894739565,0.004537097435213582,-0.0018084326843303966,0.0030758070071173955,-0.002999889232542241,0.00438786734989858
2025-08-03,87.58596398501942,104.23639857156851,92.20186378452178,57.86029913733729,-0.0018514404345613134,0.0032298786374871003,-0.0013675883411570222,0.004413291680412651,0.00018035325145659975,0.0030718429108529265,-0.005208850489602623,0.0042672531359264285
2025-08-04,87.60199093141104,103.39243752673852,92.01565435110084,57.98494725223777,0.00018298532849803095,0.003230374642261782,-0.00809660594950945,0.004437218391833879,-0.00201958426628035,0.003078492805125169,0.002154294339277607,0.004220675146005639
2025-08-05,87.61950076589243,103.90366246278606,92.20135826732827,58.01703038402971,0.00019987941250221297,0.0031850625519663357,0.004944509949437403,0.00454331151175366,0.0020181774235812355,0.0031017473017209826,0.000553301042982346,0.004063887737916477
2025-08-06,87.49155468298417,103.60467793643276,91.99169015731194,57.97916996319321,-0.0014602466550238669,0.0031724785671590114,-0.002877516723343354,0.004533630442844086,-0.0022740240920141597,0.003033461503261274,-0.0006525742628654685,0.004064399078454123
2025-08-07,87.13643303209611,103.27675163249376,92.08697197363048,58.449869144726335,-0.004058924911950701,0.003180077728322429,-0.003165168894595727,0.0045529504013818185,0.0010357654713768483,0.0028556633413853267,0.008118418767152802,0.004313148204375881
2025-08-08,87.22910076457208,103.13976302432782,92.07630395870687,58.193257765642855,0.0010634786076433311,0.0031333972206604114,-0.0013264225103961635,0.004414871966226571,-0.00011584716811696705,0.0028163667522347283,-0.004390281498288573,0.004042245406027914
2025-08-09,87.22062624877876,103.28299631763072,92.16733521142594,58.65203605538711,-9.715239202334747e-05,0.002918669091868429,0.0013887300988766338,0.00443210440586912,0.000988650160848037,0.0027687599883059223,0.007883701778509389,0.0042895556029632805
2025-08-10,87.35913256692848,103.28884436612972,92.04003334112669,58.651639570343605,0.0015879995834318095,0.002857628269212565,5.662159994868077e-05,0.004434544564738591,-0.0013812037638630814,0.0025727269447299835,-6.759953620871784e-06,0.004238242676163584
2025-08-11,87.22575245323092,103.5447558552139,91.9530000311126,58.15839336364246,-0.0015268021760103112,0.0027477324738232,0.002477629512215529,0.004436026320481962,-0.000945602764956921,0.0024932064466093567,-0.00840975990295334,0.00452090895667318
2025-08-12,87.55288145992394,103.01689054773917,92.0069329478909,58.1056596966996,0.003750371851116041,0.0028440922214264365,-0.0050979434266360535,0.004500966743873861,0.000586526994878378,0.0023782178500965034,-0.0009067249608004646,0.004414449812576522
2025-08-13,87.3274717433497,102.74322601971396,92.09461067832612,58.35102524422457,-0.0025745550896278946,0.0024985476385445495,-0.0026565015364969913,0.0045109828724388314,0.0009529469967755055,0.0023887815063568366,0.004222747815027628,0.004363843646667829
2025-08-14,87.78288444541627,102.7305542336341,92.11512905443728,58.248198273262425,0.005214999277718624,0.0026649668877891776,-0.00012333451625734515,0.004477408472836709,0.0002227967082983895,0.0021328619812709428,-0.0017622136120448717,0.0043554547551689525
2025-08-15,87.32562329728067,103.54558901833964,92.68668544772122,57.85527738734334,-0.005209001174026451,0.0028422508287320094,0.007933713497271233,0.004753555039234451,0.006204804782351969,0.00240092286850014,-0.006745631582898981,0.004424086913644013
2025-08-16,87.44652700806442,103.52546535449386,92.38192111897249,57.8084090393556,0.0013845158639425037,0.002794744374517789,-0.0001943459304888373,0.00474280867688943,-0.003288113360366385,0.002480273522821578,-0.0008100963318169452,0.004292864967808981
2025-08-17,87.57725768993133,104.00210167172116,92.38061058587708,57.58166626873649,0.0014949785467734955,0.002787342996836148,0.00460404901919742,0.004827189477466184,-1.4186034231977729e-05,0.0024611266582239017,-0.003922314666448323,0.004329165025448093
2025-08-18,87.37316006680092,104.0405783290848,91.89132053270262,57.70666772941839,-0.0023304865728157598,0.002696566846423381,0.00036996038296499556,0.004701236365212896,-0.005296458315997121,0.0026552615001875822,0.002170855218022183,0.004296844587214654
2025-08-19,87.49114418693004,103.86136852315164,92.03495056307705,57.90434449109784,0.0013503474069029853,0.00268119341782367,-0.0017224991326586503,0.004096428288623301,0.0015630424020656175,0.0026504168417781572,0.0034255445593625033,0.004353030505734076
2025-08-20,87.83275286863399,103.7827872273668,91.69843547059448,57.62480061343744,0.0039044943905874874,0.002720415848086659,-0.000756597923773028,0.004081444783093859,-0.0036563836936266414,0.0026583381070275033,-0.0048276840039761515,0.004378539767826235
2025-08-21,87.25146624134598,103.7376129078462,91.6349003533614,57.43910031919866,-0.006618107804925555,0.00285853251034216,-0.000435277570852155,0.004080275856311763,-0.0006928702426275413,0.002657788719817001,-0.003222575909364256,0.004406884055265467
2025-08-22,87.39100602788581,104.01332103401953,91.54197605704267,57.63307552582005,0.001599282998337781,0.0028630532954615215,0.0026577450400584457,0.00393443441382453,-0.0010140710139956433,0.0023912673852675087,0.0033770585810612985,0.0043480294334012105
2025-08-23,86.74412498417222,104.60768224469209,91.65925510153944,57.40761642331773,-0.007402146663778808,0.0031851110249113894,0.0057142797169043025,0.004062422903079639,0.00128115045739996,0.0023891738969368226,-0.00391197416492739,0.004392771560929642
2025-08-24,86.50522565181839,104.77456971014612,91.50821168109684,57.12664715903736,-0.0027540693089868062,0.0032097113294670566,0.0015953652912763516,0.004055142100573482,-0.001647879641562433,0.002407095047824471,-0.004894285493557637,0.0044567175179113915
2025-08-25,86.94249964789266,105.28676095315616,91.3452362817494,56.82384554177492,0.0050548853295209195,0.0033333492463159743,0.0048885072439524,0.0041248993337664654,-0.0017809920700385673,0.0022635462675753473,-0.005300531928986718,0.0045328881335317175
2025-08-26,86.80155576498521,104.88983637415534,91.83347273282152,56.91579147913576,-0.0016211160649654,0.003334111795699226,-0.003769938170834486,0.003684720138181535,0.0053449579961257765,0.002463614218974762,0.0016180872041340333,0.004482957385460736
2025-08-27,86.50792829961796,104.729421485215,91.94984461027128,56.99638331270713,-0.0033827442697254018,0.00319299302474052,-0.0015293654226717912,0.0035628769944299732,0.0012672054533791055,0.002445271487912361,0.0014159837099148032,0.004484086568558378
2025-08-28,86.47116384735729,104.44123034535518,91.79320726627948,56.8218924629736,-0.00042498361691589714,0.0031478267837197235,-0.002751768660352094,0.003562992191206449,-0.0017035085231053015,0.002450915399914024,-0.00306143722797636,0.004160821557202053
2025-08-29,87.02257283896164,104.59081967399408,91.73799367983337,56.82514031122036,0.006376796229754955,0.0033836571167662325,0.001432282328963863,0.0035326788378356247,-0.0006014996979673004,0.002450309566581393,5.7158396279621826e-05,0.004133032878921164
2025-08-30,86.55469256258779,104.45735706758036,92.29220737580538,57.217580422814464,-0.005376539225514287,0.0035131150186601843,-0.0012760451331169653,0.0034953407828301874,0.006041266804964307,0.0026210849962542775,0.006906100177576091,0.004263621025469446
2025-08-31,86.29606168902883,104.7803882887991,92.23725760969047,56.966483637428205,-0.002988062991176821,0.003544026113065656,0.0030924697913785604,0.0034798180512700433,-0.0005953890114596128,0.002594770432526444,-0.0043884551484134615,0.004292247158758724
2025-09-01,86.70032388139158,104.40499279136934,92.03630027974886,56.46729423776301,0.004684596080636094,0.003591638976129634,-0.003582688550409663,0.003510885547992372,-0.002178700182002169,0.0026043436024431143,-0.008762861384289833,0.0045178712263943405
2025-09-02,87.19673118457416,104.44166244688012,91.8390630062016,56.58688036332295,0.005725553042474019,0.0037486124649354505,0.0003512251141479794,0.003501570795089812,-0.002143037833417294,0.0026316408756421783,0.0021177945069654758,0.004479030564752559
2025-09-03,87.17868868186444,104.74695683900828,91.68778705127696,56.562052625454,-0.0002069171913282597,0.0037481239631561004,0.0029231092743611242,0.0031782385554220338,-0.0016471853040838091,0.0026232760424224765,-0.0004387543138892891,0.004446314791323544
2025-09-04,86.86385102716355,103.89684944056056,91.52364096479316,56.38475750986915,-0.003611406175766274,0.0037999264716806337,-0.008115819534063373,0.0034247066049319565,-0.00179027209362137,0.002608562566123572,-0.0031345240732134627,0.004458050510505769
2025-09-05,87.42198057811191,104.80253603417198,91.14186858742312,56.55462981505802,0.006425337402711229,0.003983874417001838,0.008717170910264915,0.0037290881002744474,-0.0041712979657015925,0.002681490468106898,0.0030127345171102604,0.004516081192669872
2025-09-06,87.84736652178204,104.6985418251181,90.81480885038326,56.77168391045895,0.004865892317436504,0.004004952783831923,-0.0009922871429367541,0.003678413635793027,-0.00358846863805673,0.0027341029339765467,0.0038379544895037476,0.004285716137783962
2025-09-07,88.02986404166332,103.86627254684264,90.58567412647496,56.20978843752293,0.002077438711108437,0.004016067624527249,-0.00794919646221659,0.003976153578402075,-0.0025230986753030926,0.0027588670897402585,-0.009897460040506179,0.004547584191987193
2025-09-08,87.81733461038422,103.9563047759915,90.80973956979916,56.05011582793333,-0.002414287850978747,0.004046384144500946,0.0008668090896228886,0.003972101256939696,0.0024735196319383146,0.0028002511938023536,-0.002840654875744142,0.00422330663278966
2025-09-09,87.8083469730631,103.99367161185812,90.72318598987594,56.64093343662387,-0.00010234468355252435,0.004038658756098352,0.00035944751929317675,0.003972045374382767,-0.0009531310224349943,0.0027966455371081903,0.01054088113759244,0.004757411697462976
2025-09-10,87.77016202586975,103.98271097218692,90.69282764298724,56.7926378833228,-0.00043486694044081453,0.004027662094508967,-0.0001053971794755526,0.003949674163919388,-0.0003346261108168047,0.0027953356814659084,0.0026783535774295153,0.004602232912395735
2025-09-11,87.86172007698941,104.41822012069112,91.13172367295462,56.96758093141487,0.0010431569112596684,0.00397571899055749,0.004188284229487804,0.0038877479874920755,0.004839368684093737,0.002953403416871883,0.003080382504004886,0.004655752659018329
2025-09-12,88.24787433177707,104.74922505603811,91.57674548561256,57.26942372738095,0.0043950227066951175,0.004015959263997563,0.0031699921236389983,0.003872309786676568,0.004883280977489246,0.0030953216468043786,0.005298501200700079,0.004698512202358544
2025-09-13,88.48104509714592,104.88946959129248,91.51441848363162,57.27326979874277,0.002642225290234501,0.003935309419629018,0.0013388598834915832,0.0038714164294527858,-0.0006805985695433892,0.0030956287720750103,6.715750066077497e-05,0.004694950096104763
2025-09-14,88.1934020728893,105.09234644430336,91.34105669028636,57.47802729495672,-0.003250899940668739,0.003856729142253492,0.0019341965766572766,0.003632486230066809,-0.0018943658957550902,0.0028608517943817,0.0035750970205379318,0.0046026669974751355
2025-09-15,88.55852744431272,105.06040845278916,91.09499040833884,57.66200738293031,0.004140053142769773,0.003914914335675202,-0.00030390406718272533,0.0036332641353910063,-0.0026939285668859947,0.0028427644462709063,0.00320087686777204,0.0046426501256803575
2025-09-16,88.6394716099929,105.818832218876,91.34836969516572,57.7990666022378,0.000914018875608269,0.003910892880502212,0.007218930301681192,0.003764194733435031,0.002781484313144844,0.0029031854321343547,0.002376941517094444,0.004604899800271038
2025-09-17,88.81925875124105,105.197102540933,91.3132499770601,57.71170620949522,0.0020282966265774416,0.0038864863333997407,-0.005875416170318393,0.003944822240643323,-0.00038445916684459736,0.002750273544280771,-0.0015114498880021143,0.004597857530232432
2025-09-18,89.20556162368409,105.2667841488618,91.220419189092,57.753296744411166,0.004349314302711793,0.003945775449226303,0.000662390942770319,0.003925053879265759,-0.001016619033835875,0.0027333090944859106,0.0007206602896987491,0.004554954403213157
2025-09-19,88.90020134215186,105.30438102136202,90.99219984930764,57.597054681207176,-0.0034231081109090677,0.003964415894735424,0.00035715798486868344,0.0039184548176636564,-0.0025018448918907588,0.002692133080770339,-0.0027053358338215983,0.004494708824588727
2025-09-20,88.88555620121063,105.65679948367634,90.78069353842557,57.59795520553729,-0.00016473687033469187,0.0037385439422939304,0.0033466647721220877,0.003948293081467481,-0.0023244444164702838,0.0027176601468398105,1.5634902428507402e-05,0.004453500136818782
2025-09-21,88.7389316477326,105.3063495271537,90.91789287673922,57.292670294803,-0.0016495880741986824,0.0037563750525966798,-0.003316870833067198,0.0039923353113289,0.0015113272763835894,0.00273411616061833,-0.005300273415000278,0.0045147991266780325
2025-09-22,88.31799239884857,104.58175155671267,90.533669743018,57.08817621125035,-0.0047435690408695885,0.003590814473328258,-0.006880857362301596,0.004077689502413123,-0.004226045298279524,0.0028132808941784483,-0.0035692887502086768,0.004505475052528971
2025-09-23,88.41009078046504,104.66477150905952,90.8866638107924,57.01616630186347,0.0010428042929297998,0.00353478470106103,0.0007938282837214317,0.0040694920408879814,0.003899036333955941,0.0029096107505946103,-0.0012613804497871861,0.004422345186552057
2025-09-24,89.07570430627906,104.79909823159578,90.75159034188684,56.774965420305065,0.007528705376706801,0.003665536473991224,0.001283399567968635,0.003971381820284224,-0.0014861747944313608,0.0029046610669730077,-0.004230394591621667,0.00438271394247374
2025-09-25,88.57757625148245,105.43875901395798,90.74003294180795,56.648236733447895,-0.005592187664145043,0.0038247773843100258,0.006103685939631065,0.0040687298188541,-0.00012735203906999448,0.002708799261840724,-0.0022321226603838618,0.004389477665697646
2025-09-26,88.56708758064407,104.91157759880124,90.3515468776765,56.60946193034399,-0.00011841225829667401,0.0037508584545399492,-0.004999882586696036,0.004167212030221092,-0.004281308387672711,0.0027798365177107796,-0.0006844838487446436,0.004380417672410269
2025-09-27,88.73551370222391,105.41025402951728,90.3871695334512,56.71516856337482,0.001901678447159938,0.0037488970702874666,0.004753302181986552,0.004217175813856759,0.00039426724838409477,0.0027769991543924333,0.001867296197955337,0.00436247664807568
2025-09-28,88.76506376718454,106.4174026582134,90.3225831489164,56.96007929158982,0.00033301283474607146,0.003602222021213238,0.009554560303157045,0.004539673429238558,-0.0007145525727619839,0.0027772033524157587,0.004318257962000693,0.004434968235923422
2025-09-29,88.7315114843191,106.2549428513118,90.34663896382548,56.84246438782362,-0.0003779897342658378,0.0034242315843621514,-0.0015266281909115387,0.004543448953195668,0.00026633222911076615,0.0024927030693559188,-0.0020648655203604482,0.004258360395772021
2025-09-30,88.38259005604061,105.7063647147912,90.8517466805353,57.185903803008,-0.003932328238769434,0.0034646760035535336,-0.00516284816310375,0.004635033874071398,0.005590774847884061,0.002745319977727072,0.006041951538926504,0.0043306681475809815
2025-10-01,88.44438225098773,105.54020746335104,90.94367148193946,57.42742513912949,0.0006991444232165023,0.0033862084560186676,-0.001571875561972802,0.004591226982109039,0.0010118110522123747,0.002739869131268956,0.00422344179351386,0.00405033067972261
2025-10-02,88.24316104338585,105.55381168824556,90.72540241670136,57.5562932671611,-0.002275115756146584,0.0032879160307768144,0.00012890087315065024,0.004591438982882855,-0.002400046772704223,0.0027459204377343538,0.0022440171698348,0.004052059032851819
2025-10-03,87.6648245767927,105.7994264841241,90.53615399500856,57.59394569145285,-0.006553895619274219,0.0035242228540997276,0.002326915456203116,0.004581256370730033,-0.0020859474485831475,0.002753932804542666,0.0006541843151186555,0.004047547422547838
2025-10-04,87.98550697633921,105.55416933504073,90.76305037982804,57.67429482650333,0.003658051003861962,0.003503591246408943,-0.0023181330677645162,0.00432735376349251,0.0025061411911975195,0.002791543767190699,0.001395096899263093,0.003987051863366508
2025-10-05,88.24224294568818,106.21842268089588,91.21201016073734,57.97955353575279,0.0029179347618921714,0.0033519988711355323,0.0062930090780852765,0.004189777642525787,0.004946503880493891,0.002848405683420158,0.0052928034953483305,0.004052633193038351
2025-10-06,88.2574786603976,105.74552803661028,91.33455161893087,58.29419181874943,0.0001726578359844133,0.00324001455869513,-0.004452096278121931,0.004277709043303752,0.0013434794165547714,0.0027737343857741426,0.005426711035341425,0.004103255698490384
2025-10-07,88.3196072122996,105.01553971395046,91.5862323571451,58.63792084719522,0.0007039465985774207,0.0032216428260497714,-0.006903254787352209,0.004211565927109446,0.002755591764048937,0.002762839662591953,0.005896454135851492,0.003660710564067454
2025-10-08,88.60523590587255,105.49374369756882,91.81103956370126,58.64031601971859,0.0032340349169166505,0.0032337825269605283,0.004553649725754116,0.0042796400354457465,0.0024545960759638774,0.002762344942559988,4.084681872695839e-05,0.003582100146070942
2025-10-09,88.6633705259188,104.54226892062816,92.29445624524776,58.778240618510246,0.0006561081797469281,0.003233470387220766,-0.009019253119581738,0.004619215544342465,0.005265343730381122,0.002890051686428171,0.002352043920521796,0.0031572640587978185
2025-10-10,88.90186609186776,104.47516352909128,91.68783210082418,59.1242630436464,0.0026898996116919704,0.0032582785845865535,-0.0006418972175535886,0.004621419439369802,-0.006572704029065846,0.0031688366887688,0.005886913617948464,0.00326032278355339
2025-10-11,88.81848698645146,105.79701467079568,91.93056419710643,58.946871633832046,-0.0009378780118084462,0.0032655375257264496,0.012652300288922946,0.005108066718145302,0.0026473752374833737,0.003086395476207693,-0.0030003149414885577,0.0033369703997544204
2025-10-12,89.16482836297742,105.79716911550798,92.27360280818996,58.85204531253094,0.0038994289170766194,0.003245646799903812,1.45982108090692e-06,0.0050825799599062155,0.00373149685395191,0.003034079670192354,-0.001608674365115581,0.0032782443927355603
2025-10-13,89.24434305508021,105.32814819136784,91.8647540524876,58.84650758296994,0.0008917719415002523,0.0032186341910963906,-0.004433208639335828,0.005152405969107034,-0.004430831172293592,0.0031491252110376305,-9.409578769248306e-05,0.0032798130449349537
2025-10-14,89.28933918943719,105.3141835301353,91.60719587223583,59.07498164626021,0.0005041903253095725,0.003148377552308127,-0.00013258242428393352,0.005141559749560703,-0.002803667009271149,0.003173583955868835,0.003882542442610326,0.003288898966715889
2025-10-15,88.94181818950713,105.30317231273742,91.36395795336024,59.307136311724506,-0.0038920771850797786,0.003162306590472453,-0.00010455588249158598,0.0051411712125132335,-0.0026552272074219507,0.0031724159469809134,0.003929830513607735,0.0033089693558526916
2025-10-16,89.01424324024859,105.38136955659358,91.16265167703544,59.23297315223087,0.0008142969439544068,0.0031615268120401925,0.0007425915301386699,0.004964424323699709,-0.0022033445226570247,0.003157806798483666,-0.001250493011563214,0.003321034389177457
2025-10-17,88.78733643850055,105.6702691403183,91.04251088652993,58.81876433837856,-0.002549106676508206,0.0031779394598706948,0.0027414673479790874,0.004868670078315199,-0.0013178729259778477,0.003165671835597532,-0.006992875619931782,0.0035934818412863266
2025-10-18,88.61466032071128,105.2377949830653,91.15447912132882,58.87435810959998,-0.0019448282234355574,0.003086877542657776,-0.004092675837502835,0.004928816053462135,0.0012298456370392064,0.0031696653424418447,0.0009451706754939337,0.0035938897952146514
2025-10-19,88.39682172654437,105.95945809471355,91.46440300188884,58.62116399010981,-0.0024582681170193244,0.0030572046955035593,0.00685745184764075,0.005085337859123082,0.00339998520695306,0.0031933302717081185,-0.004300583948938064,0.003656462349939453
2025-10-20,88.11496925883826,106.0670910582664,91.84163200372736,58.219755586107794,-0.0031884909683520535,0.0031059777897854838,0.0010157938280190848,0.0050536149178490595,0.004124325852000954,0.0032358718816190247,-0.0068474997198918475,0.003900462608515814
2025-10-21,88.6800756239207,106.37807902198332,91.60010668201484,57.88266245244683,0.0064132844831670255,0.0033249962288571084,0.00293199295478086,0.005034899959826866,-0.0026298021544598482,0.0032745914943554566,-0.005790012861912497,0.003925934316355811
2025-10-22,89.03276054341114,106.11015133582332,91.35927677049298,57.9636917045503,0.0039770480235732375,0.0032783797252369977,-0.0025186362512208404,0.004879469195496541,-0.0026291444436619127,0.003211622032901997,0.0013998881300603117,0.0038591761587235818
2025-10-23,89.54108739627495,106.6583721957445,91.8121776352568,58.31424416645913,0.005709436052091732,0.0034236158922293087,0.005166526039399821,0.004953444987839169,0.004957360443007541,0.00325791038874388,0.006047793913742661,0.0039722507291286135
2025-10-24,89.20346260825715,106.54512331155637,92.04821596983837,58.31792676850042,-0.003770612998294176,0.0032318401183135457,-0.0010617908548266053,0.004961455944454076,0.0025708826504395876,0.003263566321064921,6.3150986417293e-05,0.003862133692413142
2025-10-25,89.21650120978667,106.6610654055307,92.10107805899992,58.36685699436179,0.00014616698890690394,0.0030509684900040597,0.0010881970978184885,0.004851595986343663,0.0005742869495577452,0.0032615909872582534,0.0008390254690568977,0.0038166453703897293
2025-10-26,88.86419864713184,106.25940243476774,92.27940758499552,58.67071495959132,-0.003948849796591047,0.003145353516037023,-0.0037657880993015036,0.004809317864424737,0.0019362371185425165,0.0031425638644160215,0.005206001845514674,0.003877825850596592
2025-10-27,88.67584119447939,105.83641769036878,92.29398750300427,58.254305242610045,-0.0021196100963043474,0.003152327463246806,-0.003980680624085298,0.004803357887188223,0.00015799752502010378,0.003143675124866047,-0.007097403146835268,0.004159797802402952
2025-10-28,88.43043085099868,106.1330146152572,92.48757267619712,58.38451141699766,-0.0027674994696976762,0.0031910236783485326,0.002802408956774416,0.004495614547126241,0.0020974841203664774,0.0031419377888807784,0.002235133932940281,0.004117969545189467
2025-10-29,88.7603423036717,105.94683014740298,92.40122912091611,58.374540539847736,0.0037307457342248274,0.0032668833423515472,-0.0017542559073551178,0.004498332570163529,-0.0009335692653897887,0.0031564986613733226,-0.0001707794911344207,0.004086424773424151
2025-10-30,88.65302081889479,105.58912619643812,92.51143613696996,58.51637230351974,-0.001209115264672378,0.0031903289576011226,-0.003376259114757807,0.004440268627625257,0.0011927007584457971,0.003023471436495707,0.0024296853107594885,0.003981406874666266
2025-10-31,88.93635721379407,105.3253976758824,92.044673069085,58.38135286086919,0.0031960151191925412,0.0032385210166913435,-0.0024976863627517165,0.004454566728906096,-0.005045463429990349,0.003193074903635484,-0.00230737889816901,0.003964840238835053
2025-11-01,89.0942617013862,105.63057543720684,91.84967311384968,58.15957015488287,0.0017754773473861452,0.0032165662500269155,0.002897475519281434,0.004487138874941122,-0.0021185360187977453,0.003184947136156249,-0.003798862053006169,0.004029152152033554
2025-11-02,89.70534246471486,105.37233375553174,91.66039434543735,58.190765739397314,0.0068588116861756365,0.0031590986264760364,-0.002444762613535323,0.004487628205296365,-0.0020607451501509777,0.0031842678376519332,0.0005363792137969003,0.004028908390542601
2025-11-03,89.29709577310084,105.33301266226349,91.57037849340216,58.61686096805389,-0.004550974115890671,0.0032545847676569385,-0.0003731633519618027,0.004468863428269438,-0.0009820583107678083,0.0031689771821996476,0.007322385661065356,0.0042225317225794345
2025-11-04,89.62807136360212,105.35004952497567,91.3043754224448,58.83565225706094,0.003706454142050397,0.003277898683253652,0.0001617428599218762,0.0043055035881587505,-0.0029049030410692733,0.00309536908592455,0.0037325657736311246,0.004171389080396733
2025-11-05,89.92703033752377,104.5526314020747,91.16720666131164,58.69162427647829,0.003335550674842036,0.003316817906202849,-0.007569223996538588,0.004445383841896412,-0.001502324072625405,0.003097598969338096,-0.0024479711715165164,0.00409760134219823
2025-11-06,89.65246214761102,103.95622671553456,90.7185665682617,58.32871811979846,-0.0030532331478334562,0.0033841857528601497,-0.005704348886701571,0.004389651496316692,-0.004921068764524472,0.003173437290165104,-0.006183269949563641,0.004115525423424193
2025-11-07,89.9139184375805,104.12101315030463,90.9313271069966,57.88064549152011,0.0029163313946583003,0.003375837916287457,0.0015851521354368625,0.004308510330961484,0.002345281090555984,0.0031702117342441946,-0.007681852828619884,0.004337546021086327
2025-11-08,89.99284414196585,103.83735501070812,90.9418152183886,58.219522771656415,0.0008777918453206635,0.003376446773859333,-0.0027243121346411936,0.004019226776251937,0.00011534101311028166,0.0029919857187402426,0.005854759864175163,0.004460294053990481
2025-11-09,89.91901462511797,104.30247514368844,90.43576474507616,57.963392351965,-0.000820393194056801,0.003358779729338033,0.004479314144051116,0.004108356478624696,-0.0055645521490549354,0.0029262228779732237,-0.004399390573776918,0.004361879395422773
2025-11-10,89.68506182911219,104.7273381630322,90.2126560778038,57.874090328521504,-0.002601816723427852,0.0033949176645632143,0.004073374277633102,0.003437777720312389,-0.002467040201420967,0.0028880351774250622,-0.0015406624736736818,0.004342876177919359
2025-11-11,89.48207115903985,105.04576976146603,90.36203608540757,58.21430798795348,-0.00226337213725869,0.0033576890428946354,0.003040577599118688,0.0034923178536076247,0.001655865308687332,0.0028037115254120463,0.0058785832744969735,0.004495539115395899
2025-11-12,90.02471395188219,105.82430496033302,90.23217051949273,57.78565333533039,0.006064262771453777,0.0035270154558563935,0.007411390298103893,0.003666149956903998,-0.0014371695408910146,0.0027180832856462337,-0.007363389988450875,0.004673470398767824
2025-11-13,90.01239693811688,105.79492132803182,90.05510645847379,58.17034846158361,-0.00013681813831578626,0.0035276539049512805,-0.0002776643070060425,0.003666649179283614,-0.001962316322432822,0.00269876938267501,0.006657277439104714,0.004791128861286991
2025-11-14,90.21126369496888,106.07563783103814,90.07619698479026,58.09835048096727,0.0022093263107827443,0.0034542501663128345,0.0026534024458122474,0.003694301056216693,0.00023419578462435808,0.0026730713763971777,-0.0012377092886746155,0.004718600762550899
2025-11-15,89.98311243444559,105.8308622038127,90.228996609706,57.79288694360736,-0.0025290773144995837,0.003496708210086019,-0.0023075574394878506,0.003722151009986185,0.0016963374346448123,0.002680662141084437,-0.0052576972466710226,0.004791594552544458
2025-11-16,89.76062453843436,106.87480397475052,89.8186186626692,57.72517968537528,-0.0024725516821094695,0.003494534099054164,0.009864247056093678,0.004101125982376092,-0.004548182540607626,0.0027841903452734923,-0.0011715500265307988,0.0046482600503973725
2025-11-17,90.04209425092431,107.71752796487304,90.03832609633746,57.53449433726846,0.003135781573906371,0.0035016171502649414,0.00788515121226907,0.004231059443137841,0.002446123497995556,0.0028181034896966398,-0.003303330524844217,0.004663782538715846
2025-11-18,89.66513507092282,107.70827603278023,89.83108141871432,57.64675378663416,-0.004186477259746968,0.003566241985016863,-8.58906834162454e-05,0.004074456045907898,-0.0023017384552594944,0.00274380565974656,0.001951167741348847,0.004639574868476283
2025-11-19,89.54452445240473,107.86058642077214,89.87221054064752,57.47610278559977,-0.0013451228108081192,0.0035163667929327233,0.0014141010663428766,0.004076661675581253,0.0004578495692542095,0.0026043777650608343,-0.0029602881311584506,0.004510054042403169
2025-11-20,89.54588848306904,108.43116448775191,89.90753921795346,56.98014368406003,1.5232987976121493e-05,0.0033375009297087733,0.005289958880382084,0.004145971375623768,0.0003930990135150303,0.0025863158427879103,-0.008628961907695687,0.004654128296938117
2025-11-21,89.56806930027093,108.34522151652064,89.7879073637705,56.9249041508168,0.000247703357213247,0.003265627839781732,-0.0007926039680316022,0.004112385284187307,-0.001330609815634487,0.0025622554482638282,-0.0009694523332465232,0.004640628003290932
2025-11-22,89.51205869766977,108.03950331092942,89.5135030053206,56.57904012611987,-0.000625341185075623,0.0030979317334489005,-0.0028217045598508683,0.004071841192093568,-0.003056139367834554,0.0023765981661816424,-0.006075794590371109,0.004569797015740304
2025-11-23,89.61102056888757,108.39944403849088,89.47365089747008,56.63464256365732,0.0011055702735207618,0.0030205654290879585,0.0033315659229344874,0.004095017717635748,-0.000445207778854928,0.00228943786181963,0.0009827391453356427,0.004580221001145463
2025-11-24,89.78910931831713,108.41175964680096,90.03267523493416,56.33536857777413,0.0019873532105647573,0.003038999735219269,0.00011361320548575193,0.004094740791831723,0.006247921392016131,0.002628321908904596,-0.005284291951640818,0.0046331566234454995
2025-11-25,89.9772588865477,108.46930957775533,89.64896364655732,56.21659781580894,0.0020954609045462647,0.002952366996365678,0.0005308458339008393,0.004012872543170413,-0.004261914770116171,0.0026530908829456366,-0.002108280552051811,0.004475854715733856
2025-11-26,89.69975940025371,108.08492374467062,90.2286338026627,56.26839322428815,-0.0030841069146582134,0.0029860265359768945,-0.0035437289550475093,0.003996077630127689,0.006465999522211385,0.002975175676379843,0.0009213543773836097,0.004362725499516532
2025-11-27,89.61446931387258,107.32415177260124,90.19042177783145,56.21991916124294,-0.0009508396338117064,0.0029378797227652864,-0.007038650217920828,0.004216143703399639,-0.000423502199033865,0.002927195970388021,-0.0008614794250829672,0.004316349261843638
2025-11-28,89.92767317943392,107.41569160975114,90.24577416699492,56.28886859899391,0.0034950144542436057,0.0029290979382931184,0.0008529285872564962,0.004197448746018684,0.0006137280220268604,0.0029389866328382737,0.0012264236373804582,0.004335883917716678
2025-11-29,90.15824038140912,107.79371927781568,89.94629265786098,56.46640030116766,0.002563918244778085,0.002936849913365149,0.003519296505001712,0.004168401970527725,-0.0033185100565458203,0.0029498391981571856,0.0031539397858304508,0.004358763449911517
2025-11-30,89.77406825801398,107.68146957647922,89.7498560652734,56.1764028639152,-0.004261087192584001,0.0030209082899333756,-0.0010413380490857937,0.004138280201998988,-0.0021839320641572346,0.002857070213190848,-0.005135752158907603,0.004414251457375214
2025-12-01,89.85943614993862,108.28653987004508,89.63996236902943,56.16596615454801,0.0009509192752552575,0.0030109151428924573,0.0056190753705873675,0.004216170791987538,-0.0012244442616604623,0.00284789278915636,-0.00018578457920259694,0.004392196672588896
2025-12-02,89.31613146303349,107.96140177387478,89.36094735889228,55.33034778499701,-0.006046161763118341,0.002961450828462296,-0.0030025716636664646,0.0042323402620515465,-0.003112618554975577,0.0028702420933034148,-0.014877663944241393,0.0050413940260313145
2025-12-03,89.32365369976819,107.48929012694065,89.34705954648884,55.40237240305112,8.422035987765142e-05,0.0028419235285351402,-0.004372966997251315,0.004332965856891705,-0.00015541254668738347,0.0028728234173899677,0.00130171995907169,0.004784517391020237
2025-12-04,89.82712966093821,107.44891544409244,89.27140210259753,55.33743579056392,0.005636535680261012,0.002948258256227734,-0.0003756158664787179,0.004336311950974495,-0.0008467815759727326,0.002845640439595842,-0.0011720908269916563,0.004668977507955566
2025-12-05,89.56211987384465,107.40241326237576,89.90198482302945,55.10294880762802,-0.002950219917900787,0.0029320931767951672,-0.00043278409581404276,0.004055574887913977,0.007063658748265311,0.0031775721896607277,-0.00423740239470749,0.004685892758391641
2025-12-06,89.33083118729151,107.72272535694889,89.58216226882908,55.19289680920417,-0.002582438723859326,0.002917137294994996,0.002982354724103242,0.0038734464857894005,-0.00355745821218445,0.0031208169649444236,0.0016323627595715706,0.00466771509542302
2025-12-07,89.53060349614776,107.37487151309932,89.66416895690905,55.49534421262121,0.0022363198259893746,0.0028953256387384096,-0.0032291593319507816,0.0039555533660111195,0.000915435461737113,0.003087946864288229,0.00547982477641229,0.004716982564263593
2025-12-08,89.10948913162812,107.95234405950244,89.7911213092993,55.38604148138175,-0.004703580095243742,0.003005023549187369,0.005378097670949655,0.00396669989637809,0.0014158649309654603,0.0031054263237093338,-0.001969583805457309,0.004514499352740587
2025-12-09,88.93744027236022,108.78529189872152,89.50290714162163,55.16072088721631,-0.001930758002817834,0.003018152695285968,0.0077158846940830195,0.004097886900425515,-0.0032098292512114934,0.0029988335170459245,-0.004068183754226018,0.004507948739714074
2025-12-10,89.0952692395659,108.74271217443462,89.76869455220876,55.21305088745312,0.0017746065855093196,0.0030118890275694153,-0.0003914106727456179,0.004078922433428501,0.0029695952799226877,0.0030300464938743388,0.0009486823122528687,0.004532698351764261
2025-12-11,88.92306714454183,109.26125271775992,89.6919926534415,54.89229954389471,-0.0019327860670248498,0.0030047345064843486,0.004768508463293797,0.004116912360281289,-0.0008544392803065959,0.0030127835683646112,-0.005809339248654011,0.004370895135977743
2025-12-12,88.85903835004771,108.76871040068542,88.95872443480964,54.7419662687138,-0.0007200470760870825,0.0027621740805781163,-0.004507932179276919,0.004083851574278254,-0.008175403365884848,0.003338404736850611,-0.002738695161799365,0.004253264235316829
2025-12-13,89.05696244743955,109.21122935919482,89.21949322151414,55.05667340857736,0.002227394095940305,0.0028042523173982636,0.004068439874659102,0.004116735750384754,0.002931345838885102,0.003382156841093215,0.005748919180555978,0.004193849439635862
2025-12-14,89.16741570186522,109.63853476566268,88.92391681893808,55.084009068578375,0.001240254005865804,0.002779202225665054,0.0039126508233184865,0.004139812030671585,-0.0033129128165098054,0.003424389172600169,0.0004965003932975165,0.004214105871951317
2025-12-15,89.23568199165824,109.98223042772494,88.65352680469192,54.62991930674925,0.0007655968186996986,0.002756524042283761,0.003134807144193008,0.0041039723484754724,-0.00304068943338065,0.003432480286816792,-0.008243585924615493,0.004333007002547656
2025-12-16,89.14122775014273,109.93655255023508,88.92496653917094,54.20233186231944,-0.0010584806369758892,0.0027295973852265003,-0.00041532052325377045,0.0037798655589066734,0.0030618041296541776,0.0034103362864084416,-0.007826982903432311,0.004464642396598979
2025-12-17,89.23741881625538,108.59914659980002,88.87272513437863,54.25825126934758,0.0010790861707925536,0.002667338547378131,-0.012165252769991475,0.004254008478482916,-0.0005874773623817386,0.0033699914264412613,0.001031678990678575,0.004493977445785073
2025-12-18,89.20071161780699,108.29711265045964,89.21449403758578,54.484915881491695,-0.00041134312192492306,0.002564523490647772,-0.0027811816095886233,0.004290320262036933,0.0038455994534924987,0.0034383778893557694,0.004177514144694916,0.004578090096920151
2025-12-19,89.32001878879083,108.0060652068182,89.64588058249478,54.103240799342665,0.0013375136679967259,0.0025688983730279107,-0.002687490335784082,0.004315268772657408,0.004835386330020119,0.003559073858455393,-0.007005151351966776,0.0046699959473908035
2025-12-20,89.18263935196448,107.56675076362644,89.49348273706188,54.22963000453419,-0.0015380587542329627,0.0025825199423238332,-0.004067497897923822,0.004261602776510334,-0.001699998309377504,0.003570020790798961,0.002336074573799918,0.004561376261605698
2025-12-21,89.13085451972285,107.60748292442204,89.79324069052488,54.57053534493552,-0.0005806604583350472,0.002582745713778573,0.00037866869182567875,0.004261901136947783,0.0033494947821364196,0.003618474482856325,0.006286329823250281,0.0047849175428300965
2025-12-22,88.86372246518448,107.41486693431588,89.60463649003032,55.048634030025525,-0.0029970772296281645,0.002633289911713781,-0.0017899869495269227,0.004244300595082504,-0.0021004275939277006,0.0035946936793570155,0.008761114071320408,0.005044260571353232
2025-12-23,88.85439690384742,107.0504001023048,90.35543699191456,55.14268441738588,-0.00010494227653712329,0.002621224282942111,-0.003393076232491632,0.004229750560575206,0.008379036300959486,0.003901540425064742,0.0017084962963669348,0.005055336056757834
2025-12-24,88.63835469884407,106.59081788375394,90.18044435075628,55.27994865523181,-0.002431418281271247,0.002613604386544388,-0.004293138728222012,0.004287116637926301,-0.0019367140150508,0.003757256071602638,0.002489255633747467,0.005020754066743568
2025-12-25,88.34421898902826,106.28449841921211,90.55000613550102,54.76007626821906,-0.003318379620370404,0.002620356773372588,-0.002873788480316386,0.004302401314576669,0.004098025768284552,0.003735498467945265,-0.009404357269849783,0.0052661442690806436
2025-12-26,88.41752065627293,106.76332450000808,90.86001436771816,55.291024572707,0.0008297279446634054,0.002590031331785733,0.004505135630478829,0.004367427883597715,0.0034236135970353576,0.0036023827275160265,0.009695901479159996,0.005601552668636362
2025-12-27,88.47810477130778,106.4779887675769,91.00050575820669,55.15856217012528,0.0006852048619456763,0.0025969158250528463,-0.0026726006685110493,0.004208459352343,0.001546240020609435,0.0036078428054190257,-0.002395730656203243,0.005611313084611274
2025-12-28,88.6895780172969,106.25869965735528,90.82574542026124,54.93829508166006,0.002390119527714951,0.0025467993446061828,-0.00205947832749076,0.004215600182588672,-0.0019204326007791206,0.0036299494391060895,-0.003993343549925199,0.005632974689895278
2025-12-29,88.57672456371844,106.06697265714416,90.8179923744318,54.887802991521696,-0.001272454510454879,0.0024853607188272276,-0.0018043416758285469,0.0041586697353975955,-8.536176382112348e-05,0.00356875192570214,-0.0009190691131443218,0.005583409577173133
2025-12-30,88.68805995132944,106.21523719907,90.17394126298808,55.27404808709522,0.0012569372841384485,0.002407008132711845,0.001397838914523275,0.004172145623477821,-0.007091668672749019,0.003793276793533931,0.007036993184682316,0.005708116998660113
2025-12-31,88.83657778550875,106.41197753039782,90.29083824525536,55.8340903053833,0.0016746091216881531,0.0024246051186869017,0.0018522797342068742,0.004037763762780931,0.0012963499280391755,0.003789375493141993,0.010132100645236397,0.006030902682592747
2026-01-01,88.95581932565737,105.11686129084455,90.44644806850502,55.87341332761939,0.0013422572449439674,0.002193284253018332,-0.012170775035012404,0.0045432304627962125,0.001723428714073716,0.003744070960359776,0.000704283387102933,0.005354491657334779
2026-01-02,89.96189880371094,120.97290802001952,105.46399688720705,57.29680061340332,0.011309878158397124,0.0030296401650059326,0.15084208693506707,0.028041108146438374,0.1660380163002928,0.030466709846101604,0.02547521622560911,0.0070536071566233835
2026-01-05,90.00700378417969,121.11470794677734,105.68699645996094,57.57269859313965,0.0005013787066363573,0.0028543244452693475,0.0011721626691354459,0.028033642798034504,0.0021144616109360914,0.030448724532222207,0.00481524233085695,0.007070462082389927
2026-01-06,90.23300170898438,122.15080261230467,105.6240005493164,57.5639009475708,0.002510892656160335,0.0028290569665282376,0.008554656020659523,0.02802883739177054,-0.0005960611310247277,0.030472018500322856,-0.00015280933122518991,0.00699821902907297
2026-01-07,90.16609954833984,121.72354125976562,105.31800079345705,57.50330090522766,-0.0007414378262655674,0.0027850639864687027,-0.0034978186258434185,0.0280670393290919,-0.0028970665215097835,0.030465268948642023,-0.0010527438437213377,0.0070133704258858644
2026-01-08,89.8644027709961,120.93877410888672,104.84300231933594,57.29050040245056,-0.003346011182196129,0.002838179437985382,-0.006447127176526735,0.028103443228670307,-0.004510135689459682,0.030511423451963816,-0.0037006658648660595,0.007029101272203883
2026-01-09,89.90540313720703,120.81610107421876,104.73699951171876,57.256901264190674,0.00045624702269941864,0.002687643584063926,-0.0010143399879141146,0.028119389843323607,-0.001011062305277255,0.03052620584337999,-0.0005864696245252432,0.007012889466187306
2026-01-12,90.23600006103516,121.00196075439452,103.88899993896484,56.842899322509766,0.003677164133546018,0.002721947075345085,0.0015383684668119901,0.02811468457474857,-0.008096466164844052,0.03058755125207433,-0.007230603342829323,0.007116743486599057
2026-01-13,90.13269805908205,121.36305236816406,105.0780029296875,57.00269937515259,-0.0011447981058916312,0.0027265033458009043,0.0029841798555849675,0.028103657226164112,0.011444936339951362,0.030603561988721068,0.002811257950375845,0.0071241648889776845
2026-01-14,90.27300262451172,121.2048797607422,105.03700256347656,56.673502922058105,0.001556644463674095,0.0026982997154972005,-0.001303301164031656,0.028119907131376104,-0.0003901898120234337,0.03060026503344727,-0.00577510287588201,0.00712302452266745
2026-01-15,90.18319702148438,121.2132797241211,105.0199966430664,56.88509941101074,-0.000994822376750748,0.00270306659789846,6.930383822401076e-05,0.028085597628984525,-0.00016190409089289481,0.030509919009919926,0.0037336052660030816,0.007101064058062667
2026-01-16,90.36160278320312,120.90018463134766,104.81700134277344,56.9242000579834,0.001978259449775921,0.0026979439791127656,-0.0025830098276858893,0.028111002084669583,-0.0019329204606899353,0.030539452953740543,0.0006873618465557119,0.007051799959942885
2026-01-19,90.7020034790039,121.40916442871094,104.41899871826172,56.72630071640015,0.003767094488324574,0.0027609336946334165,0.004209917453106282,0.028111115942555314,-0.003797118973191793,0.030544558840874547,-0.0034765414600762545,0.007101365260992477
2026-01-20,90.90450286865234,122.0029296875,105.71700286865234,57.41429924964905,0.002232579015691849,0.00277741114875266,0.004890613172267688,0.02811161012362952,0.01243072780167953,0.03052115342442063,0.012128387089588522,0.007160363829334465
2026-01-21,91.11840057373048,122.46356201171876,106.77999877929688,57.56539702415466,0.002352993507782619,0.0027760925337029702,0.0037755841224356157,0.02810028674378517,0.010055108277759794,0.030522334583430226,0.0026317098088859403,0.006932349859799663
2026-01-22,91.53690338134766,122.93280792236328,106.77300262451172,57.727599143981934,0.004592956032832607,0.0028638422074808083,0.0038317186184704255,0.02793518905401867,-6.551933756449024e-05,0.030518288658841944,0.002817701748139001,0.0069311349449764255
2026-01-23,91.55829620361328,123.62484741210938,107.54199981689452,57.72340297698975,0.00023370707851566586,0.0028564390587005376,0.005629412533903366,0.027901931450553186,0.007202168839319123,0.030514211446562467,-7.268909593338702e-05,0.006930457200938247
2026-01-26,91.5009994506836,125.07998657226562,108.29000091552734,57.95549750328064,-0.0006257953162678298,0.0028679178065815322,0.011770604296929665,0.02789361766982899,0.006955432295348896,0.03051230741355081,0.0040208046359186955,0.0067286250351896865
2026-01-27,91.71309661865234,125.449951171875,108.81600189208984,59.37110185623169,0.0023179765165632915,0.0028454485040040377,0.0029578241071814837,0.027842158654151728,0.004857336523367506,0.030473331683247545,0.024425713071843047,0.00784655578247418
2026-01-28,91.5343017578125,126.55897521972656,109.9209976196289,59.99299883842468,-0.001949501951540089,0.0028813716465106625,0.008840370502273931,0.027831536013221907,0.010154717213694875,0.030470980148719226,0.010474742134631843,0.007942735995250435
2026-01-29,92.04080200195312,127.08019256591795,110.15499877929688,60.07729768753052,0.005533447400743352,0.00290523074956722,0.004118375210343528,0.027797121862985923,0.002128812189984952,0.030436370796580986,0.0014051447791911809,0.007878196310598594
2026-01-30,91.78189849853516,126.75458526611328,109.74199676513672,59.878700971603394,-0.002812920984896161,0.0029873014698504384,-0.0025622191250282977,0.02778789315532764,-0.0037492807293079133,0.030502184268487404,-0.003305686566663635,0.00795817822540018
2026-02-02,91.68699645996094,125.47946166992188,109.15399932861328,59.50970053672791,-0.0010339951572884143,0.0029411105939715905,-0.010059782796136063,0.027881257658690047,-0.00535799834025108,0.030542760770205468,-0.0061624655994203525,0.008124133506983244
2026-02-03,90.24559783935548,123.70941162109376,107.6240005493164,58.68949890136719,-0.01572086202251055,0.004193342314000493,-0.014106292976330148,0.028076441589910312,-0.014016882466126979,0.030776063454694892,-0.013782654390178228,0.008380497044212775
2026-02-04,90.4228973388672,123.80988311767578,106.75800323486328,57.99540281295776,0.001964633220418399,0.004199494339499845,0.0008121572584125492,0.02808869317476554,-0.008046507377843626,0.030882675366783453,-0.011826580587711577,0.008646632522199289
2026-02-05,90.125,122.995849609375,106.59300231933594,57.56059885025024,-0.0032944900864081417,0.0042641797481285685,-0.00657486694763354,0.028135876966827178,-0.0015455601503181482,0.030902538240205335,-0.007497214289722498,0.008777683709164109
2026-02-06,90.3147964477539,122.12872314453124,106.29900360107422,57.57020115852356,0.002105924524315128,0.004260434372003425,-0.007050046547080191,0.028194779201461233,-0.002758142766078997,0.030910043139339552,0.00016682085428443294,0.008721258606922376
2026-02-09,90.58799743652344,123.30068969726562,106.46900177001952,57.4679970741272,0.0030249859327045048,0.004267050343340769,0.009596158238283081,0.02817669554955985,0.0015992451780948436,0.03090074375565178,-0.0017752948980486183,0.008731173701396727
2026-02-10,90.8227996826172,124.33216857910156,107.99199676513672,58.1043004989624,0.0025919796522524408,0.004279382102558785,0.008365556465000257,0.028171434688249522,0.01430458602783724,0.030841408879910694,0.011072309062980734,0.00884861121117749
2026-02-11,90.58789825439452,123.501708984375,107.61499786376952,58.59479904174805,-0.002586370702549967,0.004319941377849634,-0.006679362261732047,0.028253668989134614,-0.0034909892645758056,0.030881330742805545,0.008441690865797602,0.008798327299494427
2026-02-12,90.73570251464844,123.6253890991211,107.65699768066406,59.15120244026184,0.0016316115408576692,0.0043218397863745445,0.0010014445610768696,0.028074096134787344,0.0003902784716653951,0.03088908118503291,0.00949578132552964,0.008911522996061015
2026-02-13,90.56410217285156,123.35491943359376,107.4209976196289,59.25449728965759,-0.001891210813837807,0.003847099828339899,-0.0021878164954487467,0.006139533930676674,-0.002192147896741381,0.006598912386626454,0.0017462848620883875,0.007724599853957783
2026-02-16,90.57119750976562,123.54007720947266,106.5009994506836,58.7801992893219,7.834601949152642e-05,0.0038468446172370534,0.001501016552311718,0.0061407578131563775,-0.008564416541754438,0.006801224121981397,-0.00800442197690332,0.007868061874120987
2026-02-17,90.78299713134766,123.71003723144533,107.49299621582033,59.03970003128052,0.002338487592141947,0.0038434245346447423,0.0013757480633955765,0.005960517496051903,0.009314436204855392,0.006995220371568265,0.004414764582224784,0.007894699502659613
2026-02-18,90.6261978149414,122.95214080810548,107.33899688720705,59.10450220108032,-0.0017271881449274495,0.0038560300047327098,-0.006126393947500919,0.0060392009957498044,-0.0014326452330353234,0.006974994932634586,0.0010976033036325106,0.007886358675104886
2026-02-19,90.7935028076172,122.53059387207033,106.9489974975586,58.64539742469788,0.0018460996567177812,0.003808686776276035,-0.0034285449058839568,0.005946440247520553,-0.0036333429690820207,0.006954402573301018,-0.007767678591057425,0.008003079155122139
2026-02-20,91.04109954833984,122.5941390991211,107.06800079345705,58.622199296951294,0.002727031484260234,0.0038333562583882813,0.0005186070273772714,0.005939978639246944,0.001112710718968346,0.006947332343281227,-0.00039556604209867174,0.008002006095063819
2026-02-23,90.72660064697266,122.27645874023438,106.40699768066406,58.00189971923828,-0.0034544716938551545,0.0038458749360998877,-0.002591317670005977,0.005962992487646399,-0.006173675681757751,0.006871288224049254,-0.01058130853417627,0.008140388463262866
2026-02-24,91.02010345458984,122.83865356445312,107.26300048828124,58.81069898605347,0.003235024849649548,0.0038765472354639883,0.004597735574049411,0.005994610670208147,0.008044610094028792,0.0067163031630952715,0.013944358214648567,0.008486146291920812
2026-02-25,90.91799926757812,122.68907928466795,106.9749984741211,58.29290151596069,-0.001121776213566461,0.003878259027639501,-0.0012176483170803776,0.0059937817881704995,-0.002685007997623612,0.006742260446279551,-0.008804477399861677,0.008587895101416382
2026-02-26,90.95099639892578,123.30809783935548,107.37899780273438,58.18229913711548,0.0003629328803260723,0.003871211730117501,0.005045425055731689,0.006052220725890721,0.0037765770916184938,0.006764585457390332,-0.0018973558695638548,0.008587060744005363
2026-02-27,91.00740051269533,122.8097915649414,107.2979965209961,58.36520195007324,0.0006201593825552187,0.003858708038740685,-0.004041148011732942,0.006084343224591807,-0.0007543493923000133,0.006751800173666538,0.0031436161112630145,0.008597777417203599
2026-03-02,91.07959747314452,122.788330078125,106.54199981689452,58.03679823875427,0.0007933086764644326,0.003802892787096792,-0.00017475387379883855,0.006045697318683831,-0.007045767196162345,0.0068533953600386785,-0.005626703932248733,0.00864409091768396
2026-03-03,91.56340026855467,122.80046844482422,107.00399780273438,58.17919969558716,0.005311867957616068,0.0039014457139457557,9.885602883841216e-05,0.005985810944712135,0.00433629917435252,0.006526947909893632,0.002453640813317559,0.008383325420627027
2026-03-04,92.00859832763672,122.93334197998048,106.76399993896484,58.28210115432739,0.004862183555615962,0.003974340489067192,0.0010820279176375625,0.005950964813335152,-0.0022428868892541143,0.006282826000551143,0.0017686984227807123,0.008377148286853493
2026-03-05,92.1230010986328,123.1541976928711,107.11100006103516,58.63940119743347,0.0012433921728565167,0.0038967965138680684,0.001796548514288121,0.0059189997046191194,0.0032501603749268693,0.0063104802402613866,0.0061305278298045,0.0084311465541107
2026-03-06,91.78690338134766,122.55652618408205,106.47100067138672,58.23130011558533,-0.0036483583174335976,0.003960270360540672,-0.004853034001159662,0.005889247272315586,-0.005975104230973027,0.006259252065169718,-0.006959502885681035,0.008541904038582602
2026-03-09,91.93620300292967,123.26985931396484,106.5790023803711,57.36960172653198,0.0016265895904747918,0.003967561415237042,0.005820441816467348,0.00556070353688901,0.0010143767627179834,0.006113592916635268,-0.014797855918430969,0.008942881906035219
2026-03-10,91.220703125,122.54509735107422,106.97100067138672,58.33680033683777,-0.007782569374840009,0.004200366725624717,-0.00587947424394053,0.005606694805089125,0.003678006757997343,0.006081580265002471,0.016859078348080647,0.008305465659852143
2026-03-11,92.16510009765624,123.6675033569336,106.70600128173828,58.11830163002014,0.010352879777325574,0.004602060417252031,0.009159126151280006,0.005625795830261177,-0.0024773012123399107,0.005742572691137119,-0.0037454695073437794,0.008056484983383771
2026-03-12,92.22879791259766,120.00120544433594,106.37200164794922,57.92739987373352,0.0006911272800000923,0.004493610943655511,-0.029646413270071892,0.007635702004754556,-0.0031300923076219567,0.005724859169290636,-0.0032847098234545236,0.008053178007902971
2026-03-13,92.38990020751952,123.3469696044922,106.36399841308594,57.99040198326111,0.0017467678053717517,0.0044695124062183325,0.027881087925472947,0.00936831591875422,-7.523817112864428e-05,0.005706569760424371,0.0010876046510790438,0.008053185468482882
2026-03-16,92.5635986328125,122.54509735107422,105.5780029296875,58.27699899673462,0.0018800585876035392,0.004472763565962978,-0.0065009481464292085,0.009269892319107477,-0.007389675972370502,0.005771440458081714,0.00494214565983242,0.008064635550656368
2026-03-17,92.28269958496094,122.79288482666016,105.98699951171876,57.92919993400574,-0.0030346599743367175,0.0033659893243221644,0.002022010516471884,0.008929837641628698,0.0038738806444713614,0.005294669009278647,-0.005968033164308384,0.007746283530673376
2026-03-18,92.39129638671876,123.01248931884766,106.53199768066406,58.09280276298523,0.001176783971927886,0.0033592510492571853,0.0017884138197217236,0.008935465270636432,0.005142122821252704,0.005192785044897244,0.0028241858883926163,0.007457880583084282
2026-03-19,93.27799987792967,123.75260162353516,107.02655029296876,58.52360129356384,0.00959726214360579,0.003640342526960954,0.006016562292054273,0.008920277707100178,0.0046422917346125026,0.005254175855330676,0.007415695406128853,0.007432179696238483
